{
"type": "FeatureCollection",
"name": "roads_clipped",
"crs": { "type": "name", "properties": { "name": "urn:ogc:def:crs:OGC:1.3:CRS84" } },
"features": [
{ "type": "Feature", "properties": { }, "geometry": { "type": "LineString", "coordinates": [ [ -77.0570472, 38.900448 ], [ -77.056527998455167, 38.898965919066576 ] ] } },
{ "type": "Feature", "properties": { }, "geometry": { "type": "LineString", "coordinates": [ [ -77.056457135137691, 38.899031143157643 ], [ -77.0568879, 38.9002904 ] ] } },
{ "type": "Feature", "properties": { }, "geometry": { "type": "LineString", "coordinates": [ [ -77.0568879, 38.9002904 ], [ -77.0569835, 38.9005348 ] ] } },
{ "type": "Feature", "properties": { }, "geometry": { "type": "LineString", "coordinates": [ [ -77.0566777, 38.900665 ], [ -77.056713, 38.9006265 ], [ -77.0567294, 38.9006064 ], [ -77.0567406, 38.9005893 ], [ -77.0567492, 38.9005714 ], [ -77.056754, 38.900556 ], [ -77.056754, 38.9005401 ], [ -77.0567506, 38.9005196 ], [ -77.0567411, 38.9005031 ], [ -77.0567234, 38.9004907 ], [ -77.0566464, 38.9004542 ], [ -77.0566257, 38.9004486 ], [ -77.0566041, 38.900444 ], [ -77.0565664, 38.9004384 ], [ -77.0564278, 38.9004177 ], [ -77.0564092, 38.9004177 ], [ -77.0563862, 38.9004222 ], [ -77.0563738, 38.9004265 ], [ -77.0563582, 38.9004391 ], [ -77.0563446, 38.9004542 ], [ -77.0563247, 38.9004766 ] ] } },
{ "type": "Feature", "properties": { }, "geometry": { "type": "LineString", "coordinates": [ [ -77.0569835, 38.9005348 ], [ -77.0569684, 38.9005697 ], [ -77.0569534, 38.9005996 ], [ -77.056939, 38.9006219 ], [ -77.0569225, 38.9006405 ], [ -77.0569033, 38.9006601 ], [ -77.0568645, 38.9006974 ], [ -77.0568199, 38.9007405 ] ] } },
{ "type": "Feature", "properties": { }, "geometry": { "type": "LineString", "coordinates": [ [ -77.0571908, 38.9008402 ], [ -77.0570472, 38.900448 ] ] } },
{ "type": "Feature", "properties": { }, "geometry": { "type": "LineString", "coordinates": [ [ -77.0585181, 38.9006034 ], [ -77.0585728, 38.9006574 ], [ -77.0585674, 38.9007077 ] ] } },
{ "type": "Feature", "properties": { }, "geometry": { "type": "LineString", "coordinates": [ [ -77.0566939, 38.9006737 ], [ -77.0565094, 38.9006775 ] ] } },
{ "type": "Feature", "properties": { }, "geometry": { "type": "LineString", "coordinates": [ [ -77.0569835, 38.9005348 ], [ -77.0570628, 38.9007521 ], [ -77.0570806, 38.9007972 ], [ -77.0571375, 38.9009391 ] ] } },
{ "type": "Feature", "properties": { }, "geometry": { "type": "LineString", "coordinates": [ [ -77.0585674, 38.9007077 ], [ -77.0584379, 38.9008042 ], [ -77.0583909, 38.9008337 ] ] } },
{ "type": "Feature", "properties": { }, "geometry": { "type": "LineString", "coordinates": [ [ -77.05608530523719, 38.900250421661156 ], [ -77.0560854, 38.9002386 ], [ -77.056083463082928, 38.90023755694876 ] ] } },
{ "type": "Feature", "properties": { }, "geometry": { "type": "LineString", "coordinates": [ [ -77.0564675, 38.9005529 ], [ -77.0564767, 38.9005422 ], [ -77.0565006, 38.9005145 ], [ -77.0565189, 38.9004934 ], [ -77.0565664, 38.9004384 ] ] } },
{ "type": "Feature", "properties": { }, "geometry": { "type": "LineString", "coordinates": [ [ -77.0566939, 38.9006737 ], [ -77.0566777, 38.900665 ], [ -77.0564675, 38.9005529 ], [ -77.0563247, 38.9004766 ], [ -77.0562998, 38.9004634 ], [ -77.0562556, 38.9004398 ], [ -77.056104488949103, 38.900359166224746 ] ] } },
{ "type": "Feature", "properties": { }, "geometry": { "type": "LineString", "coordinates": [ [ -77.05613962938115, 38.900482149162301 ], [ -77.0562172, 38.9005242 ], [ -77.0565094, 38.9006775 ] ] } },
{ "type": "Feature", "properties": { }, "geometry": { "type": "LineString", "coordinates": [ [ -77.0564567, 38.9006761 ], [ -77.05623038425631, 38.900675791562868 ] ] } },
{ "type": "Feature", "properties": { }, "geometry": { "type": "LineString", "coordinates": [ [ -77.0565094, 38.9006775 ], [ -77.0564567, 38.9006761 ] ] } },
{ "type": "Feature", "properties": { }, "geometry": { "type": "LineString", "coordinates": [ [ -77.05626990648706, 38.900742486144608 ], [ -77.0562915, 38.9007339 ], [ -77.0564567, 38.9006761 ] ] } },
{ "type": "Feature", "properties": { }, "geometry": { "type": "LineString", "coordinates": [ [ -77.0571375, 38.9009391 ], [ -77.0570064, 38.9008432 ], [ -77.0568199, 38.9007405 ], [ -77.0566939, 38.9006737 ] ] } },
{ "type": "Feature", "properties": { }, "geometry": { "type": "LineString", "coordinates": [ [ -77.0565094, 38.9006775 ], [ -77.0566466, 38.900743 ], [ -77.0569731, 38.9009126 ], [ -77.0571375, 38.9009391 ] ] } },
{ "type": "Feature", "properties": { }, "geometry": { "type": "LineString", "coordinates": [ [ -77.0572367, 38.9009558 ], [ -77.0571908, 38.9008402 ] ] } },
{ "type": "Feature", "properties": { }, "geometry": { "type": "LineString", "coordinates": [ [ -77.0583909, 38.9008337 ], [ -77.0581382, 38.9010028 ] ] } },
{ "type": "Feature", "properties": { }, "geometry": { "type": "LineString", "coordinates": [ [ -77.0572367, 38.9009558 ], [ -77.0572125, 38.9009522 ], [ -77.0571375, 38.9009391 ] ] } },
{ "type": "Feature", "properties": { }, "geometry": { "type": "LineString", "coordinates": [ [ -77.0581382, 38.9010028 ], [ -77.0580856, 38.9010313 ], [ -77.058053, 38.901047 ], [ -77.0580173, 38.9010603 ], [ -77.0579864, 38.9010672 ], [ -77.0579548, 38.9010709 ], [ -77.0579209, 38.9010711 ], [ -77.057888, 38.9010701 ], [ -77.0578651, 38.9010684 ], [ -77.0578247, 38.90106 ], [ -77.0577938, 38.9010518 ], [ -77.0576011, 38.9009882 ], [ -77.0575626, 38.9009761 ], [ -77.05752, 38.900964 ], [ -77.057465, 38.9009541 ], [ -77.0574091, 38.9009517 ], [ -77.0573681, 38.9009517 ], [ -77.0573365, 38.9009533 ], [ -77.0572951, 38.9009562 ], [ -77.0572737, 38.9009566 ], [ -77.0572367, 38.9009558 ] ] } },
{ "type": "Feature", "properties": { }, "geometry": { "type": "LineString", "coordinates": [ [ -77.0571375, 38.9009391 ], [ -77.0571583, 38.9010116 ], [ -77.0571735, 38.9010703 ], [ -77.0571819, 38.9011236 ], [ -77.0571898, 38.9011933 ], [ -77.0571942, 38.9012562 ], [ -77.0571957, 38.9013199 ], [ -77.0571948, 38.9014025 ] ] } },
{ "type": "Feature", "properties": { }, "geometry": { "type": "LineString", "coordinates": [ [ -77.0572844, 38.9014263 ], [ -77.0572856, 38.9013694 ], [ -77.057286, 38.9013134 ], [ -77.057284, 38.9012504 ], [ -77.0572817, 38.9011967 ], [ -77.0572738, 38.9011204 ], [ -77.0572659, 38.9010658 ], [ -77.0572521, 38.9010167 ], [ -77.0572367, 38.9009558 ] ] } },
{ "type": "Feature", "properties": { }, "geometry": { "type": "LineString", "coordinates": [ [ -77.0576011, 38.9009882 ], [ -77.0575953, 38.901652 ], [ -77.057602, 38.901677 ], [ -77.0576154, 38.9017052 ], [ -77.0576463, 38.9017292 ], [ -77.0576932, 38.9017428 ], [ -77.0577522, 38.9017417 ], [ -77.0578112, 38.9017282 ], [ -77.0578421, 38.9017031 ], [ -77.0578595, 38.9016624 ], [ -77.0578651, 38.9010684 ] ] } },
{ "type": "Feature", "properties": { }, "geometry": { "type": "LineString", "coordinates": [ [ -77.0571948, 38.9014025 ], [ -77.0571855, 38.9014965 ], [ -77.0571735, 38.9016031 ], [ -77.0571609, 38.9016925 ] ] } },
{ "type": "Feature", "properties": { }, "geometry": { "type": "LineString", "coordinates": [ [ -77.0563244, 38.9024194 ], [ -77.056134253302616, 38.902418263826817 ] ] } },
{ "type": "Feature", "properties": { }, "geometry": { "type": "LineString", "coordinates": [ [ -77.0590991, 38.901822 ], [ -77.0590991, 38.9017498 ], [ -77.059099, 38.9016878 ], [ -77.059099, 38.9016217 ], [ -77.0590865, 38.901002 ] ] } },
{ "type": "Feature", "properties": { }, "geometry": { "type": "LineString", "coordinates": [ [ -77.0611058, 38.9016916 ], [ -77.0611048, 38.9017084 ], [ -77.0611111, 38.9017245 ], [ -77.061124, 38.901738 ], [ -77.061142, 38.9017473 ], [ -77.0611627, 38.9017514 ], [ -77.0611839, 38.90175 ], [ -77.0611957, 38.9017458 ], [ -77.0612033, 38.9017431 ], [ -77.0612187, 38.9017316 ], [ -77.0612284, 38.9017168 ], [ -77.0612312, 38.9017004 ], [ -77.0612268, 38.9016841 ], [ -77.0612175, 38.9016716 ], [ -77.0612039, 38.9016616 ], [ -77.0611872, 38.9016552 ], [ -77.0611688, 38.9016529 ], [ -77.0611474, 38.9016555 ], [ -77.0611284, 38.9016635 ], [ -77.061114, 38.901676 ], [ -77.0611058, 38.9016916 ] ] } },
{ "type": "Feature", "properties": { }, "geometry": { "type": "LineString", "coordinates": [ [ -77.061142, 38.9017473 ], [ -77.0611411, 38.9023518 ], [ -77.0611409, 38.9024562 ] ] } },
{ "type": "Feature", "properties": { }, "geometry": { "type": "LineString", "coordinates": [ [ -77.0591086, 38.9024638 ], [ -77.0591057, 38.9022663 ], [ -77.0590991, 38.901822 ] ] } },
{ "type": "Feature", "properties": { }, "geometry": { "type": "LineString", "coordinates": [ [ -77.0590656, 38.9022668 ], [ -77.0590175, 38.9022588 ], [ -77.058943, 38.9022464 ], [ -77.0588894, 38.9022466 ] ] } },
{ "type": "Feature", "properties": { }, "geometry": { "type": "LineString", "coordinates": [ [ -77.0591057, 38.9022663 ], [ -77.0590656, 38.9022668 ] ] } },
{ "type": "Feature", "properties": { }, "geometry": { "type": "LineString", "coordinates": [ [ -77.0588887, 38.9022917 ], [ -77.0589448, 38.9022916 ], [ -77.0590175, 38.9022767 ], [ -77.0590656, 38.9022668 ] ] } },
{ "type": "Feature", "properties": { }, "geometry": { "type": "LineString", "coordinates": [ [ -77.0601739, 38.9024515 ], [ -77.0601859, 38.9024332 ], [ -77.06019, 38.9024129 ], [ -77.0601853, 38.9023912 ], [ -77.0601716, 38.9023719 ], [ -77.0601504, 38.9023572 ], [ -77.0601242, 38.9023488 ], [ -77.060096, 38.9023476 ], [ -77.0600688, 38.9023538 ], [ -77.0600505, 38.9023639 ], [ -77.0600458, 38.9023665 ], [ -77.0600294, 38.9023845 ], [ -77.0600217, 38.9024057 ], [ -77.0600234, 38.9024277 ], [ -77.0600342, 38.902448 ], [ -77.0600531, 38.9024643 ], [ -77.0600779, 38.9024749 ], [ -77.0601058, 38.9024786 ], [ -77.0601318, 38.9024753 ], [ -77.0601553, 38.902466 ], [ -77.0601739, 38.9024515 ] ] } },
{ "type": "Feature", "properties": { }, "geometry": { "type": "LineString", "coordinates": [ [ -77.0600505, 38.9023639 ], [ -77.0599624, 38.9023126 ], [ -77.0595645, 38.9022709 ], [ -77.0595777, 38.9024708 ], [ -77.0595848, 38.9025775 ] ] } },
{ "type": "Feature", "properties": { }, "geometry": { "type": "LineString", "coordinates": [ [ -77.061143, 38.9025758 ], [ -77.0610958, 38.9024908 ], [ -77.0610839, 38.9024693 ], [ -77.061075, 38.9024576 ], [ -77.0610584, 38.9024359 ], [ -77.0610075, 38.9024067 ], [ -77.0609699, 38.9024004 ], [ -77.06019, 38.9024129 ] ] } },
{ "type": "Feature", "properties": { }, "geometry": { "type": "LineString", "coordinates": [ [ -77.0572118, 38.9018647 ], [ -77.0572429, 38.9017403 ], [ -77.0572666, 38.9016293 ], [ -77.0572775, 38.9015206 ], [ -77.0572844, 38.9014263 ] ] } },
{ "type": "Feature", "properties": { }, "geometry": { "type": "LineString", "coordinates": [ [ -77.0571609, 38.9016925 ], [ -77.0571355, 38.9018046 ], [ -77.0571104, 38.9018905 ], [ -77.0570882, 38.9019547 ] ] } },
{ "type": "Feature", "properties": { }, "geometry": { "type": "LineString", "coordinates": [ [ -77.0585119, 38.9025151 ], [ -77.0582057, 38.9024142 ], [ -77.0581263, 38.9023855 ], [ -77.0580556, 38.9023558 ], [ -77.0575323, 38.902125 ], [ -77.0574411, 38.9020882 ], [ -77.0573294, 38.9020513 ], [ -77.0572261, 38.902026 ], [ -77.0571228, 38.9020052 ], [ -77.056778856477393, 38.90194380029623 ] ] } },
{ "type": "Feature", "properties": { }, "geometry": { "type": "LineString", "coordinates": [ [ -77.0571727, 38.9019654 ], [ -77.0572118, 38.9018647 ] ] } },
{ "type": "Feature", "properties": { }, "geometry": { "type": "LineString", "coordinates": [ [ -77.0572139, 38.9019787 ], [ -77.0572118, 38.9018647 ] ] } },
{ "type": "Feature", "properties": { }, "geometry": { "type": "LineString", "coordinates": [ [ -77.0570882, 38.9019547 ], [ -77.0570587, 38.9020335 ] ] } },
{ "type": "Feature", "properties": { }, "geometry": { "type": "LineString", "coordinates": [ [ -77.0571463, 38.9020439 ], [ -77.0571727, 38.9019654 ] ] } },
{ "type": "Feature", "properties": { }, "geometry": { "type": "LineString", "coordinates": [ [ -77.0572267, 38.9020879 ], [ -77.0572207, 38.9020336 ], [ -77.0572139, 38.9019787 ] ] } },
{ "type": "Feature", "properties": { }, "geometry": { "type": "LineString", "coordinates": [ [ -77.0570587, 38.9020335 ], [ -77.0569318, 38.9023627 ] ] } },
{ "type": "Feature", "properties": { }, "geometry": { "type": "LineString", "coordinates": [ [ -77.0570273, 38.9023578 ], [ -77.0570762, 38.9022422 ], [ -77.0571463, 38.9020439 ] ] } },
{ "type": "Feature", "properties": { }, "geometry": { "type": "LineString", "coordinates": [ [ -77.0704538, 38.9005937 ], [ -77.0703269, 38.9005495 ], [ -77.070196, 38.9004992 ], [ -77.0700816, 38.900453 ], [ -77.069955, 38.9003978 ], [ -77.0698334, 38.9003431 ], [ -77.0697055, 38.9002796 ], [ -77.0695948, 38.9002206 ], [ -77.0694825, 38.9001579 ], [ -77.0693651, 38.9000901 ], [ -77.0692665, 38.9000255 ], [ -77.0691622, 38.8999522 ], [ -77.0690659, 38.8998758 ], [ -77.068966, 38.899793 ], [ -77.0688815, 38.8997147 ], [ -77.0687941, 38.8996263 ], [ -77.0687149, 38.8995314 ], [ -77.0686475, 38.8994384 ], [ -77.0685907, 38.8993507 ], [ -77.068537750926708, 38.899260241698528 ] ] } },
{ "type": "Feature", "properties": { }, "geometry": { "type": "LineString", "coordinates": [ [ -77.068335895362935, 38.899280638095483 ], [ -77.0683487, 38.8993097 ], [ -77.0683984, 38.8994164 ], [ -77.0684496, 38.8995092 ], [ -77.0685137, 38.8996069 ], [ -77.0685901, 38.8997124 ], [ -77.0686669, 38.8998037 ], [ -77.0687481, 38.8998857 ], [ -77.0688376, 38.899968 ], [ -77.0689329, 38.9000492 ], [ -77.069027, 38.9001215 ], [ -77.0691345, 38.9001955 ], [ -77.069235, 38.9002608 ], [ -77.0693533, 38.9003315 ], [ -77.0694714, 38.9003942 ], [ -77.0695936, 38.9004523 ], [ -77.0697063, 38.9005034 ], [ -77.0698369, 38.900558 ], [ -77.0699585, 38.9006066 ], [ -77.0700871, 38.9006526 ], [ -77.0702245, 38.9006985 ], [ -77.070368, 38.9007444 ] ] } },
{ "type": "Feature", "properties": { }, "geometry": { "type": "LineString", "coordinates": [ [ -77.0633993, 38.9026768 ], [ -77.0639022, 38.9027894 ], [ -77.0639413, 38.9027983 ], [ -77.0643051, 38.9028817 ], [ -77.064473, 38.9029224 ], [ -77.0646534, 38.9029718 ], [ -77.0648273, 38.9030264 ], [ -77.0650056, 38.9030886 ], [ -77.0659817, 38.9034549 ], [ -77.0661335, 38.903498 ], [ -77.0662849, 38.9035392 ], [ -77.0664516, 38.9035808 ], [ -77.0665963, 38.9036154 ], [ -77.0676948, 38.9038609 ] ] } },
{ "type": "Feature", "properties": { }, "geometry": { "type": "LineString", "coordinates": [ [ -77.0659817, 38.9034549 ], [ -77.0659834, 38.9035508 ] ] } },
{ "type": "Feature", "properties": { }, "geometry": { "type": "LineString", "coordinates": [ [ -77.0680229, 38.9038307 ], [ -77.0666885, 38.9035522 ], [ -77.0663175, 38.9035034 ] ] } },
{ "type": "Feature", "properties": { }, "geometry": { "type": "LineString", "coordinates": [ [ -77.0688914, 38.9040782 ], [ -77.0680059, 38.903897 ], [ -77.0677699, 38.9038463 ], [ -77.067349, 38.9037529 ], [ -77.0669547, 38.9036594 ], [ -77.0666996, 38.9035972 ], [ -77.0665145, 38.9035528 ], [ -77.0663175, 38.9035034 ] ] } },
{ "type": "Feature", "properties": { }, "geometry": { "type": "LineString", "coordinates": [ [ -77.0659834, 38.9035508 ], [ -77.0659959, 38.9039602 ], [ -77.0659997, 38.9040821 ] ] } },
{ "type": "Feature", "properties": { }, "geometry": { "type": "LineString", "coordinates": [ [ -77.0676948, 38.9038609 ], [ -77.0678031, 38.9038848 ] ] } },
{ "type": "Feature", "properties": { }, "geometry": { "type": "LineString", "coordinates": [ [ -77.0659997, 38.9040821 ], [ -77.0659507, 38.9040818 ], [ -77.0658985, 38.9040748 ], [ -77.0658651, 38.9040606 ], [ -77.0658535, 38.9040333 ], [ -77.0658508, 38.9040082 ], [ -77.0658592, 38.9039933 ], [ -77.0658786, 38.9039805 ], [ -77.0659081, 38.9039685 ], [ -77.0659474, 38.9039581 ], [ -77.0659959, 38.9039602 ] ] } },
{ "type": "Feature", "properties": { }, "geometry": { "type": "LineString", "coordinates": [ [ -77.068076, 38.9042506 ], [ -77.0678888, 38.9042142 ], [ -77.0678647, 38.9042027 ], [ -77.0678446, 38.9041829 ], [ -77.0678338, 38.9041026 ], [ -77.0678204, 38.9040076 ], [ -77.0678031, 38.9038848 ] ] } },
{ "type": "Feature", "properties": { }, "geometry": { "type": "LineString", "coordinates": [ [ -77.0659986, 38.9044288 ], [ -77.0659493, 38.9044295 ], [ -77.0659336, 38.9044297 ], [ -77.0655337, 38.9044361 ] ] } },
{ "type": "Feature", "properties": { }, "geometry": { "type": "LineString", "coordinates": [ [ -77.0705205, 38.9005458 ], [ -77.070434, 38.9005083 ], [ -77.0703524, 38.9004707 ], [ -77.070261, 38.9004233 ], [ -77.0701734, 38.9003744 ], [ -77.0700896, 38.9003224 ], [ -77.0700139, 38.9002723 ], [ -77.0699326, 38.9002119 ], [ -77.0698537, 38.9001481 ], [ -77.0697803, 38.9000844 ], [ -77.0697218, 38.9000321 ], [ -77.0696583, 38.8999726 ], [ -77.069617, 38.8999296 ], [ -77.069581, 38.8998855 ], [ -77.0695555, 38.8998473 ], [ -77.0695379, 38.8998115 ], [ -77.0695253, 38.8997722 ], [ -77.0695171, 38.8997279 ], [ -77.0695173, 38.8996813 ], [ -77.0695203, 38.8996275 ], [ -77.069527009580753, 38.899589638794325 ] ] } },
{ "type": "Feature", "properties": { }, "geometry": { "type": "LineString", "coordinates": [ [ -77.07078726544934, 38.900106021015347 ], [ -77.0707882, 38.9001182 ], [ -77.0707891, 38.9001703 ], [ -77.0707822, 38.9002495 ], [ -77.070752, 38.900334 ], [ -77.0707111, 38.9005684 ] ] } },
{ "type": "Feature", "properties": { }, "geometry": { "type": "LineString", "coordinates": [ [ -77.0707111, 38.9005684 ], [ -77.0708842, 38.9003359 ], [ -77.0709434, 38.900262 ], [ -77.0710135, 38.9001865 ], [ -77.07103665470872, 38.900167763172099 ] ] } },
{ "type": "Feature", "properties": { }, "geometry": { "type": "LineString", "coordinates": [ [ -77.0711645, 38.9007609 ], [ -77.0707127, 38.9006176 ], [ -77.0706044, 38.9005797 ], [ -77.0705205, 38.9005458 ] ] } },
{ "type": "Feature", "properties": { }, "geometry": { "type": "LineString", "coordinates": [ [ -77.0711645, 38.9007609 ], [ -77.0710026, 38.9007301 ], [ -77.0708432, 38.9006977 ], [ -77.0707199, 38.9006707 ], [ -77.0705906, 38.9006367 ], [ -77.0704538, 38.9005937 ] ] } },
{ "type": "Feature", "properties": { }, "geometry": { "type": "LineString", "coordinates": [ [ -77.070368, 38.9007444 ], [ -77.0705042, 38.9007813 ], [ -77.0706473, 38.9008147 ], [ -77.070777, 38.9008387 ], [ -77.0709186, 38.9008629 ] ] } },
{ "type": "Feature", "properties": { }, "geometry": { "type": "LineString", "coordinates": [ [ -77.0707111, 38.9005684 ], [ -77.0693577, 38.9034613 ] ] } },
{ "type": "Feature", "properties": { }, "geometry": { "type": "LineString", "coordinates": [ [ -77.0693577, 38.9034613 ], [ -77.0691524, 38.9039044 ] ] } },
{ "type": "Feature", "properties": { }, "geometry": { "type": "LineString", "coordinates": [ [ -77.0691524, 38.9039044 ], [ -77.0690431, 38.9039321 ], [ -77.0689926, 38.9039413 ], [ -77.0689287, 38.9039496 ], [ -77.0688514, 38.9039563 ], [ -77.0687794, 38.9039566 ], [ -77.0686924, 38.9039524 ], [ -77.0686067, 38.9039432 ], [ -77.0685222, 38.9039295 ], [ -77.0680229, 38.9038307 ] ] } },
{ "type": "Feature", "properties": { }, "geometry": { "type": "LineString", "coordinates": [ [ -77.0678031, 38.9038848 ], [ -77.0688288, 38.904097 ], [ -77.0695421, 38.9042649 ], [ -77.0697508, 38.9043138 ] ] } },
{ "type": "Feature", "properties": { }, "geometry": { "type": "LineString", "coordinates": [ [ -77.0611409, 38.9024562 ], [ -77.061143, 38.9025758 ] ] } },
{ "type": "Feature", "properties": { }, "geometry": { "type": "LineString", "coordinates": [ [ -77.059108, 38.9025789 ], [ -77.0591086, 38.9024638 ] ] } },
{ "type": "Feature", "properties": { }, "geometry": { "type": "LineString", "coordinates": [ [ -77.0601058, 38.9024786 ], [ -77.0601338, 38.9025758 ] ] } },
{ "type": "Feature", "properties": { }, "geometry": { "type": "LineString", "coordinates": [ [ -77.0622784, 38.9025339 ], [ -77.0589652, 38.9025366 ], [ -77.0586348, 38.9025283 ] ] } },
{ "type": "Feature", "properties": { }, "geometry": { "type": "LineString", "coordinates": [ [ -77.0585923, 38.902569 ], [ -77.0588361, 38.9025774 ], [ -77.059108, 38.9025789 ] ] } },
{ "type": "Feature", "properties": { }, "geometry": { "type": "LineString", "coordinates": [ [ -77.061143, 38.9025758 ], [ -77.0620908, 38.9025745 ] ] } },
{ "type": "Feature", "properties": { }, "geometry": { "type": "LineString", "coordinates": [ [ -77.0601338, 38.9025758 ], [ -77.061143, 38.9025758 ] ] } },
{ "type": "Feature", "properties": { }, "geometry": { "type": "LineString", "coordinates": [ [ -77.059108, 38.9025789 ], [ -77.0595848, 38.9025775 ], [ -77.0601338, 38.9025758 ] ] } },
{ "type": "Feature", "properties": { }, "geometry": { "type": "LineString", "coordinates": [ [ -77.0601338, 38.9025758 ], [ -77.0601346, 38.9026742 ], [ -77.0601375, 38.9030289 ] ] } },
{ "type": "Feature", "properties": { }, "geometry": { "type": "LineString", "coordinates": [ [ -77.061143, 38.9030267 ], [ -77.061063, 38.9030269 ], [ -77.0601375, 38.9030289 ] ] } },
{ "type": "Feature", "properties": { }, "geometry": { "type": "LineString", "coordinates": [ [ -77.0620908, 38.9025745 ], [ -77.0624189, 38.9025742 ], [ -77.0625368, 38.9025762 ], [ -77.062638, 38.9025791 ], [ -77.0627517, 38.9025871 ] ] } },
{ "type": "Feature", "properties": { }, "geometry": { "type": "LineString", "coordinates": [ [ -77.0627517, 38.9025871 ], [ -77.062864, 38.9025956 ], [ -77.0629866, 38.9026089 ], [ -77.0630724, 38.9026201 ], [ -77.0631832, 38.9026364 ], [ -77.0632876, 38.9026553 ], [ -77.0633993, 38.9026768 ] ] } },
{ "type": "Feature", "properties": { }, "geometry": { "type": "LineString", "coordinates": [ [ -77.0639046, 38.9028788 ], [ -77.0639022, 38.9027894 ] ] } },
{ "type": "Feature", "properties": { }, "geometry": { "type": "LineString", "coordinates": [ [ -77.0663175, 38.9035034 ], [ -77.0661701, 38.9034649 ], [ -77.0660385, 38.9034265 ], [ -77.0659119, 38.9033817 ], [ -77.0647822, 38.9029712 ], [ -77.064661, 38.9029324 ], [ -77.0645292, 38.9028958 ], [ -77.064363, 38.9028528 ], [ -77.0634212, 38.902639 ], [ -77.0632798, 38.90261 ], [ -77.0631193, 38.9025822 ], [ -77.0629891, 38.9025655 ], [ -77.0628536, 38.9025487 ], [ -77.0627448, 38.9025418 ], [ -77.0626037, 38.9025366 ], [ -77.0624491, 38.9025342 ], [ -77.0622784, 38.9025339 ] ] } },
{ "type": "Feature", "properties": { }, "geometry": { "type": "LineString", "coordinates": [ [ -77.0650056, 38.9030886 ], [ -77.0650077, 38.9031929 ] ] } },
{ "type": "Feature", "properties": { }, "geometry": { "type": "LineString", "coordinates": [ [ -77.0636786, 38.9032111 ], [ -77.0628749, 38.9032196 ], [ -77.0627661, 38.9032207 ] ] } },
{ "type": "Feature", "properties": { }, "geometry": { "type": "LineString", "coordinates": [ [ -77.0619381, 38.9034327 ], [ -77.0619384, 38.9033805 ], [ -77.0619395, 38.9031485 ], [ -77.0619597, 38.9031058 ], [ -77.0620126, 38.9030484 ] ] } },
{ "type": "Feature", "properties": { }, "geometry": { "type": "LineString", "coordinates": [ [ -77.0593459, 38.9026141 ], [ -77.0622594, 38.9026069 ], [ -77.0624212, 38.9026083 ], [ -77.0625908, 38.9026095 ], [ -77.0627281, 38.902615 ], [ -77.0628922, 38.9026304 ], [ -77.0630419, 38.9026493 ], [ -77.0632055, 38.9026757 ], [ -77.0633753, 38.9027063 ], [ -77.0635984, 38.9027558 ], [ -77.0642775, 38.9029096 ], [ -77.06445, 38.9029498 ], [ -77.0645888, 38.9029882 ], [ -77.0647642, 38.9030413 ], [ -77.0649264, 38.9030978 ], [ -77.0651135, 38.9031656 ], [ -77.0658397, 38.9034385 ], [ -77.0659633, 38.9034838 ], [ -77.0661085, 38.9035279 ], [ -77.0662625, 38.9035688 ], [ -77.0664293, 38.9036112 ], [ -77.0673561, 38.9038325 ], [ -77.0676268, 38.9038933 ], [ -77.0679217, 38.9039532 ], [ -77.0688632, 38.9041396 ] ] } },
{ "type": "Feature", "properties": { }, "geometry": { "type": "LineString", "coordinates": [ [ -77.0627517, 38.9025871 ], [ -77.062754, 38.9026897 ], [ -77.0627661, 38.9032207 ], [ -77.0627708, 38.903426 ], [ -77.0627724, 38.9034985 ], [ -77.0627803, 38.903845 ], [ -77.0627806, 38.9038603 ], [ -77.0627815, 38.9038983 ], [ -77.0627837, 38.9039937 ], [ -77.0627875, 38.9041604 ] ] } },
{ "type": "Feature", "properties": { }, "geometry": { "type": "LineString", "coordinates": [ [ -77.0639258, 38.9039837 ], [ -77.0639249, 38.9039395 ], [ -77.0639153, 38.9034795 ], [ -77.0639049, 38.9028945 ], [ -77.0639046, 38.9028788 ] ] } },
{ "type": "Feature", "properties": { }, "geometry": { "type": "LineString", "coordinates": [ [ -77.0591341, 38.9040395 ], [ -77.0591332, 38.9040147 ], [ -77.0591101, 38.9026999 ], [ -77.059108, 38.9025789 ] ] } },
{ "type": "Feature", "properties": { }, "geometry": { "type": "LineString", "coordinates": [ [ -77.061143, 38.9025758 ], [ -77.0611431, 38.9026739 ], [ -77.061143, 38.9030267 ], [ -77.0611493, 38.9034425 ], [ -77.0611575, 38.9038738 ], [ -77.0611613, 38.9041123 ] ] } },
{ "type": "Feature", "properties": { }, "geometry": { "type": "LineString", "coordinates": [ [ -77.0601375, 38.9030289 ], [ -77.0601333, 38.9032136 ], [ -77.0601474, 38.9040697 ] ] } },
{ "type": "Feature", "properties": { }, "geometry": { "type": "LineString", "coordinates": [ [ -77.0617882, 38.9034334 ], [ -77.0617899, 38.9034893 ], [ -77.0617909, 38.9035156 ], [ -77.0617285, 38.9035409 ], [ -77.0617341, 38.9037873 ] ] } },
{ "type": "Feature", "properties": { }, "geometry": { "type": "LineString", "coordinates": [ [ -77.0591373, 38.9041489 ], [ -77.0591341, 38.9040395 ] ] } },
{ "type": "Feature", "properties": { }, "geometry": { "type": "LineString", "coordinates": [ [ -77.0601474, 38.9040697 ], [ -77.0601484, 38.9041289 ] ] } },
{ "type": "Feature", "properties": { }, "geometry": { "type": "LineString", "coordinates": [ [ -77.0601484, 38.9041289 ], [ -77.0601488, 38.904224 ] ] } },
{ "type": "Feature", "properties": { }, "geometry": { "type": "LineString", "coordinates": [ [ -77.0611613, 38.9041123 ], [ -77.0611644, 38.9042637 ] ] } },
{ "type": "Feature", "properties": { }, "geometry": { "type": "LineString", "coordinates": [ [ -77.0601488, 38.904224 ], [ -77.0601513, 38.9042599 ] ] } },
{ "type": "Feature", "properties": { }, "geometry": { "type": "LineString", "coordinates": [ [ -77.0611644, 38.9042637 ], [ -77.0611653, 38.9043025 ] ] } },
{ "type": "Feature", "properties": { }, "geometry": { "type": "LineString", "coordinates": [ [ -77.0627708, 38.903426 ], [ -77.0626439, 38.903427 ], [ -77.0619381, 38.9034327 ], [ -77.0617882, 38.9034334 ], [ -77.0612211, 38.9034416 ], [ -77.0611493, 38.9034425 ] ] } },
{ "type": "Feature", "properties": { }, "geometry": { "type": "LineString", "coordinates": [ [ -77.0639153, 38.9034795 ], [ -77.0632515, 38.9034809 ] ] } },
{ "type": "Feature", "properties": { }, "geometry": { "type": "LineString", "coordinates": [ [ -77.0650077, 38.9031929 ], [ -77.0650157, 38.9037511 ], [ -77.065018, 38.9039003 ] ] } },
{ "type": "Feature", "properties": { }, "geometry": { "type": "LineString", "coordinates": [ [ -77.063253, 38.9036304 ], [ -77.0634558, 38.9036297 ] ] } },
{ "type": "Feature", "properties": { }, "geometry": { "type": "LineString", "coordinates": [ [ -77.0632515, 38.9034809 ], [ -77.063253, 38.9036304 ], [ -77.0632562, 38.9039452 ], [ -77.0632567, 38.9039911 ] ] } },
{ "type": "Feature", "properties": { }, "geometry": { "type": "LineString", "coordinates": [ [ -77.0631163, 38.903853 ], [ -77.0628895, 38.9038579 ], [ -77.0627806, 38.9038603 ] ] } },
{ "type": "Feature", "properties": { }, "geometry": { "type": "LineString", "coordinates": [ [ -77.0627803, 38.903845 ], [ -77.0626612, 38.9038471 ], [ -77.0612309, 38.9038725 ], [ -77.0611575, 38.9038738 ] ] } },
{ "type": "Feature", "properties": { }, "geometry": { "type": "LineString", "coordinates": [ [ -77.065018, 38.9039003 ], [ -77.0650156, 38.9039239 ], [ -77.065006, 38.9039464 ], [ -77.064985, 38.9039602 ], [ -77.0649545, 38.9039686 ], [ -77.0649239, 38.9039727 ], [ -77.0639258, 38.9039837 ], [ -77.0633237, 38.9039907 ], [ -77.0632567, 38.9039911 ], [ -77.0631636, 38.9039916 ], [ -77.0629069, 38.903993 ], [ -77.0627837, 38.9039937 ] ] } },
{ "type": "Feature", "properties": { }, "geometry": { "type": "LineString", "coordinates": [ [ -77.06317, 38.9041694 ], [ -77.0631636, 38.9039916 ] ] } },
{ "type": "Feature", "properties": { }, "geometry": { "type": "LineString", "coordinates": [ [ -77.0627921, 38.9043611 ], [ -77.0627875, 38.9041604 ] ] } },
{ "type": "Feature", "properties": { }, "geometry": { "type": "LineString", "coordinates": [ [ -77.069215, 38.9041466 ], [ -77.0688914, 38.9040782 ] ] } },
{ "type": "Feature", "properties": { }, "geometry": { "type": "LineString", "coordinates": [ [ -77.0691524, 38.9039044 ], [ -77.0689575, 38.9043291 ] ] } },
{ "type": "Feature", "properties": { }, "geometry": { "type": "LineString", "coordinates": [ [ -77.0688632, 38.9041396 ], [ -77.0691879, 38.904209 ] ] } },
{ "type": "Feature", "properties": { }, "geometry": { "type": "LineString", "coordinates": [ [ -77.0691879, 38.904209 ], [ -77.0695878, 38.904302 ] ] } },
{ "type": "Feature", "properties": { }, "geometry": { "type": "LineString", "coordinates": [ [ -77.0697508, 38.9043138 ], [ -77.0698591, 38.9043358 ], [ -77.0701104, 38.9043741 ], [ -77.0702242, 38.904383 ], [ -77.0703156, 38.9043855 ] ] } },
{ "type": "Feature", "properties": { }, "geometry": { "type": "LineString", "coordinates": [ [ -77.0703156, 38.9043855 ], [ -77.0704012, 38.9043883 ], [ -77.0704859, 38.904391 ] ] } },
{ "type": "Feature", "properties": { }, "geometry": { "type": "LineString", "coordinates": [ [ -77.0704859, 38.904391 ], [ -77.0705303, 38.9043953 ] ] } },
{ "type": "Feature", "properties": { }, "geometry": { "type": "LineString", "coordinates": [ [ -77.0695878, 38.904302 ], [ -77.0697066, 38.9043344 ], [ -77.0697918, 38.9043651 ], [ -77.069862, 38.9044035 ], [ -77.0699129, 38.9044354 ], [ -77.069959, 38.9044754 ], [ -77.0699978, 38.9045129 ], [ -77.0700358, 38.9045602 ], [ -77.0700762, 38.9046143 ], [ -77.0700995, 38.9046578 ], [ -77.0701162, 38.9046944 ], [ -77.0701281, 38.9047263 ] ] } },
{ "type": "Feature", "properties": { }, "geometry": { "type": "LineString", "coordinates": [ [ -77.0703905, 38.9049294 ], [ -77.0703625, 38.9049089 ], [ -77.0703365, 38.9048881 ], [ -77.0703145, 38.9048664 ], [ -77.0702988, 38.9048454 ], [ -77.0702801, 38.9048179 ], [ -77.0702649, 38.9047925 ], [ -77.0702512, 38.9047638 ], [ -77.0702309, 38.9047039 ], [ -77.0702043, 38.9046391 ], [ -77.070184, 38.9045985 ], [ -77.0701629, 38.9045648 ], [ -77.0701304, 38.9045139 ], [ -77.0700872, 38.9044689 ], [ -77.070038, 38.9044233 ], [ -77.0699701, 38.9043718 ], [ -77.0698964, 38.9043301 ], [ -77.0698386, 38.904301 ], [ -77.0697615, 38.9042752 ], [ -77.0696961, 38.9042578 ], [ -77.069215, 38.9041466 ] ] } },
{ "type": "Feature", "properties": { }, "geometry": { "type": "LineString", "coordinates": [ [ -77.0687471, 38.9047951 ], [ -77.0689575, 38.9043291 ] ] } },
{ "type": "Feature", "properties": { }, "geometry": { "type": "LineString", "coordinates": [ [ -77.0627921, 38.9043611 ], [ -77.0627926, 38.9043851 ], [ -77.0627934, 38.904416 ] ] } },
{ "type": "Feature", "properties": { }, "geometry": { "type": "LineString", "coordinates": [ [ -77.0652807, 38.9044398 ], [ -77.0652399, 38.9044326 ], [ -77.065142, 38.9044341 ] ] } },
{ "type": "Feature", "properties": { }, "geometry": { "type": "LineString", "coordinates": [ [ -77.0627934, 38.904416 ], [ -77.0627968, 38.9045671 ] ] } },
{ "type": "Feature", "properties": { }, "geometry": { "type": "LineString", "coordinates": [ [ -77.0620734, 38.9047283 ], [ -77.0620659, 38.9044859 ], [ -77.0622468, 38.9044825 ] ] } },
{ "type": "Feature", "properties": { }, "geometry": { "type": "LineString", "coordinates": [ [ -77.0627968, 38.9045671 ], [ -77.0628004, 38.9047234 ], [ -77.0628026, 38.9048204 ] ] } },
{ "type": "Feature", "properties": { }, "geometry": { "type": "LineString", "coordinates": [ [ -77.0611785, 38.9047345 ], [ -77.0612453, 38.904734 ], [ -77.0616543, 38.9047312 ], [ -77.0620734, 38.9047283 ], [ -77.0626812, 38.9047242 ], [ -77.0628004, 38.9047234 ] ] } },
{ "type": "Feature", "properties": { }, "geometry": { "type": "LineString", "coordinates": [ [ -77.0628026, 38.9048204 ], [ -77.0628084, 38.9050692 ], [ -77.0628107, 38.9051778 ] ] } },
{ "type": "Feature", "properties": { }, "geometry": { "type": "LineString", "coordinates": [ [ -77.0628107, 38.9051778 ], [ -77.0629478, 38.905175 ], [ -77.065045, 38.9051344 ], [ -77.0651113, 38.9051327 ], [ -77.0651908, 38.9051322 ], [ -77.0653032, 38.9051315 ], [ -77.0658595, 38.9051184 ], [ -77.0659593, 38.905115 ], [ -77.0660502, 38.9051145 ], [ -77.0661323, 38.905113 ], [ -77.0665754, 38.9051042 ] ] } },
{ "type": "Feature", "properties": { }, "geometry": { "type": "LineString", "coordinates": [ [ -77.0623528, 38.9051855 ], [ -77.062657, 38.9051819 ], [ -77.0628107, 38.9051778 ] ] } },
{ "type": "Feature", "properties": { }, "geometry": { "type": "LineString", "coordinates": [ [ -77.0619685, 38.9051914 ], [ -77.0623528, 38.9051855 ] ] } },
{ "type": "Feature", "properties": { }, "geometry": { "type": "LineString", "coordinates": [ [ -77.0678154, 38.9046514 ], [ -77.0677338, 38.9046536 ], [ -77.0670519, 38.9046722 ], [ -77.0669215, 38.9046511 ], [ -77.0665515, 38.9046622 ], [ -77.066065, 38.9046767 ], [ -77.0660131, 38.9046783 ] ] } },
{ "type": "Feature", "properties": { }, "geometry": { "type": "LineString", "coordinates": [ [ -77.0652784, 38.9043735 ], [ -77.0652807, 38.9044398 ], [ -77.0652822, 38.9044829 ], [ -77.065293, 38.9047943 ], [ -77.0653002, 38.9050314 ], [ -77.0653032, 38.9051315 ] ] } },
{ "type": "Feature", "properties": { }, "geometry": { "type": "LineString", "coordinates": [ [ -77.0659986, 38.9044288 ], [ -77.0660131, 38.9046783 ], [ -77.0660138, 38.9046976 ], [ -77.0660172, 38.9047819 ], [ -77.0660259, 38.9050035 ], [ -77.0660502, 38.9051145 ] ] } },
{ "type": "Feature", "properties": { }, "geometry": { "type": "LineString", "coordinates": [ [ -77.0660172, 38.9047819 ], [ -77.0659604, 38.9047829 ], [ -77.0658443, 38.9047849 ], [ -77.0653602, 38.9047932 ] ] } },
{ "type": "Feature", "properties": { }, "geometry": { "type": "LineString", "coordinates": [ [ -77.0678154, 38.9046514 ], [ -77.0678312, 38.9049766 ], [ -77.0678364, 38.9050735 ] ] } },
{ "type": "Feature", "properties": { }, "geometry": { "type": "LineString", "coordinates": [ [ -77.0658443, 38.9047849 ], [ -77.0658549, 38.9050178 ], [ -77.0658595, 38.9051184 ] ] } },
{ "type": "Feature", "properties": { }, "geometry": { "type": "LineString", "coordinates": [ [ -77.0678364, 38.9050735 ], [ -77.0682718, 38.9050633 ] ] } },
{ "type": "Feature", "properties": { }, "geometry": { "type": "LineString", "coordinates": [ [ -77.0670805, 38.9050912 ], [ -77.0673508, 38.9050836 ], [ -77.0677443, 38.9050751 ], [ -77.0678364, 38.9050735 ] ] } },
{ "type": "Feature", "properties": { }, "geometry": { "type": "LineString", "coordinates": [ [ -77.0665754, 38.9051042 ], [ -77.0670805, 38.9050912 ] ] } },
{ "type": "Feature", "properties": { }, "geometry": { "type": "LineString", "coordinates": [ [ -77.0678406, 38.9053236 ], [ -77.0678404, 38.9053139 ], [ -77.0678383, 38.9051852 ], [ -77.0678364, 38.9050735 ] ] } },
{ "type": "Feature", "properties": { }, "geometry": { "type": "LineString", "coordinates": [ [ -77.0573927, 38.9023809 ], [ -77.0573508, 38.9023408 ], [ -77.057319, 38.9022961 ], [ -77.0572937, 38.902252 ], [ -77.0572648, 38.9022 ], [ -77.0572449, 38.9021455 ], [ -77.0572267, 38.9020879 ] ] } },
{ "type": "Feature", "properties": { }, "geometry": { "type": "LineString", "coordinates": [ [ -77.057655, 38.9024531 ], [ -77.0575487, 38.9024497 ], [ -77.0574984, 38.9024354 ], [ -77.0574337, 38.9024075 ], [ -77.0573927, 38.9023809 ] ] } },
{ "type": "Feature", "properties": { }, "geometry": { "type": "LineString", "coordinates": [ [ -77.0568186, 38.9024163 ], [ -77.0563244, 38.9024194 ] ] } },
{ "type": "Feature", "properties": { }, "geometry": { "type": "LineString", "coordinates": [ [ -77.0578586, 38.9024544 ], [ -77.057655, 38.9024531 ] ] } },
{ "type": "Feature", "properties": { }, "geometry": { "type": "LineString", "coordinates": [ [ -77.0585119, 38.9025151 ], [ -77.0582499, 38.9024757 ], [ -77.0581355, 38.9024464 ], [ -77.0580601, 38.9024333 ], [ -77.0579857, 38.9024276 ], [ -77.0578951, 38.902423 ], [ -77.0576658, 38.9024215 ], [ -77.0568186, 38.9024163 ] ] } },
{ "type": "Feature", "properties": { }, "geometry": { "type": "LineString", "coordinates": [ [ -77.0585222, 38.9025666 ], [ -77.0584214, 38.902518 ], [ -77.0583293, 38.902481 ], [ -77.0582839, 38.9024737 ], [ -77.0582598, 38.9024679 ], [ -77.0580595, 38.9024577 ], [ -77.0578586, 38.9024544 ] ] } },
{ "type": "Feature", "properties": { }, "geometry": { "type": "LineString", "coordinates": [ [ -77.0586348, 38.9025283 ], [ -77.0585119, 38.9025151 ] ] } },
{ "type": "Feature", "properties": { }, "geometry": { "type": "LineString", "coordinates": [ [ -77.0569318, 38.9023627 ], [ -77.0568064, 38.9026897 ] ] } },
{ "type": "Feature", "properties": { }, "geometry": { "type": "LineString", "coordinates": [ [ -77.0568971, 38.9026978 ], [ -77.0570273, 38.9023578 ] ] } },
{ "type": "Feature", "properties": { }, "geometry": { "type": "LineString", "coordinates": [ [ -77.0567703, 38.9025435 ], [ -77.0570392, 38.9025432 ] ] } },
{ "type": "Feature", "properties": { }, "geometry": { "type": "LineString", "coordinates": [ [ -77.0560495, 38.9024982 ], [ -77.0560649, 38.9024744 ], [ -77.056069896122139, 38.902464745331542 ] ] } },
{ "type": "Feature", "properties": { }, "geometry": { "type": "LineString", "coordinates": [ [ -77.056104936705196, 38.902439484155735 ], [ -77.0561488, 38.902503 ] ] } },
{ "type": "Feature", "properties": { }, "geometry": { "type": "LineString", "coordinates": [ [ -77.056422, 38.902518 ], [ -77.0562209, 38.9024705 ], [ -77.0561743, 38.902453 ], [ -77.056118412887145, 38.902429769014844 ] ] } },
{ "type": "Feature", "properties": { }, "geometry": { "type": "LineString", "coordinates": [ [ -77.0560495, 38.9024982 ], [ -77.056026466748293, 38.902497707836503 ] ] } },
{ "type": "Feature", "properties": { }, "geometry": { "type": "LineString", "coordinates": [ [ -77.0561488, 38.902503 ], [ -77.0560495, 38.9024982 ] ] } },
{ "type": "Feature", "properties": { }, "geometry": { "type": "LineString", "coordinates": [ [ -77.0567126, 38.9025439 ], [ -77.056422, 38.902518 ], [ -77.0562478, 38.9025102 ], [ -77.0561488, 38.902503 ] ] } },
{ "type": "Feature", "properties": { }, "geometry": { "type": "LineString", "coordinates": [ [ -77.0561488, 38.902503 ], [ -77.056179, 38.9025427 ], [ -77.0562174, 38.9025843 ] ] } },
{ "type": "Feature", "properties": { }, "geometry": { "type": "LineString", "coordinates": [ [ -77.0559178, 38.90261 ], [ -77.0559829, 38.9025629 ], [ -77.0560061, 38.9025479 ], [ -77.0560331, 38.902521 ], [ -77.0560495, 38.9024982 ] ] } },
{ "type": "Feature", "properties": { }, "geometry": { "type": "LineString", "coordinates": [ [ -77.0562174, 38.9025843 ], [ -77.0564301, 38.9025727 ], [ -77.0567126, 38.9025439 ] ] } },
{ "type": "Feature", "properties": { }, "geometry": { "type": "LineString", "coordinates": [ [ -77.0559178, 38.90261 ], [ -77.0562174, 38.9025843 ] ] } },
{ "type": "Feature", "properties": { }, "geometry": { "type": "LineString", "coordinates": [ [ -77.055899671241036, 38.902609160593776 ], [ -77.0559178, 38.90261 ] ] } },
{ "type": "Feature", "properties": { }, "geometry": { "type": "LineString", "coordinates": [ [ -77.0562868, 38.9026391 ], [ -77.0564301, 38.9025727 ] ] } },
{ "type": "Feature", "properties": { }, "geometry": { "type": "LineString", "coordinates": [ [ -77.0562174, 38.9025843 ], [ -77.0562868, 38.9026391 ] ] } },
{ "type": "Feature", "properties": { }, "geometry": { "type": "LineString", "coordinates": [ [ -77.0567126, 38.9025439 ], [ -77.0567703, 38.9025435 ] ] } },
{ "type": "Feature", "properties": { }, "geometry": { "type": "LineString", "coordinates": [ [ -77.0570392, 38.9025432 ], [ -77.0572118, 38.9025445 ] ] } },
{ "type": "Feature", "properties": { }, "geometry": { "type": "LineString", "coordinates": [ [ -77.0572118, 38.9025445 ], [ -77.0575723, 38.9025445 ] ] } },
{ "type": "Feature", "properties": { }, "geometry": { "type": "LineString", "coordinates": [ [ -77.0575723, 38.9025445 ], [ -77.0577156, 38.9025469 ], [ -77.0578217, 38.9025487 ] ] } },
{ "type": "Feature", "properties": { }, "geometry": { "type": "LineString", "coordinates": [ [ -77.0578217, 38.9025487 ], [ -77.0580578, 38.9025505 ] ] } },
{ "type": "Feature", "properties": { }, "geometry": { "type": "LineString", "coordinates": [ [ -77.0580578, 38.9025505 ], [ -77.0582841, 38.9025579 ], [ -77.0585222, 38.9025666 ] ] } },
{ "type": "Feature", "properties": { }, "geometry": { "type": "LineString", "coordinates": [ [ -77.0585222, 38.9025666 ], [ -77.0585923, 38.902569 ] ] } },
{ "type": "Feature", "properties": { }, "geometry": { "type": "LineString", "coordinates": [ [ -77.0578476, 38.9026257 ], [ -77.0579649, 38.9026256 ], [ -77.0580578, 38.9025505 ] ] } },
{ "type": "Feature", "properties": { }, "geometry": { "type": "LineString", "coordinates": [ [ -77.057509, 38.9026247 ], [ -77.0578476, 38.9026257 ] ] } },
{ "type": "Feature", "properties": { }, "geometry": { "type": "LineString", "coordinates": [ [ -77.0567324, 38.9026532 ], [ -77.0579069, 38.9026511 ], [ -77.0580921, 38.9026467 ], [ -77.0582753, 38.9026366 ], [ -77.0584574, 38.9026248 ], [ -77.0586295, 38.9026182 ], [ -77.0588678, 38.902615 ], [ -77.0593459, 38.9026141 ] ] } },
{ "type": "Feature", "properties": { }, "geometry": { "type": "LineString", "coordinates": [ [ -77.0559178, 38.90261 ], [ -77.0562868, 38.9026391 ] ] } },
{ "type": "Feature", "properties": { }, "geometry": { "type": "LineString", "coordinates": [ [ -77.0562868, 38.9026391 ], [ -77.0567324, 38.9026532 ] ] } },
{ "type": "Feature", "properties": { }, "geometry": { "type": "LineString", "coordinates": [ [ -77.0562198, 38.9031535 ], [ -77.0562095, 38.9031198 ], [ -77.0562036, 38.9030891 ], [ -77.0561575, 38.9028495 ], [ -77.0561571, 38.9028214 ], [ -77.0561637, 38.9027924 ], [ -77.0561707, 38.9027637 ], [ -77.0561939, 38.9027321 ], [ -77.0562154, 38.9027025 ], [ -77.0562442, 38.9026766 ], [ -77.0562868, 38.9026391 ] ] } },
{ "type": "Feature", "properties": { }, "geometry": { "type": "LineString", "coordinates": [ [ -77.0559178, 38.90261 ], [ -77.0559789, 38.9026295 ], [ -77.0560029, 38.9026491 ], [ -77.0560212, 38.9026675 ], [ -77.056039, 38.9026969 ], [ -77.0560479, 38.9027305 ], [ -77.0560549, 38.9027772 ], [ -77.0560944, 38.9031273 ], [ -77.0561048, 38.9031621 ], [ -77.0561188, 38.9031962 ], [ -77.0561446, 38.9032315 ], [ -77.056171, 38.9032598 ] ] } },
{ "type": "Feature", "properties": { }, "geometry": { "type": "LineString", "coordinates": [ [ -77.0562036, 38.9030891 ], [ -77.0563398, 38.9029438 ] ] } },
{ "type": "Feature", "properties": { }, "geometry": { "type": "LineString", "coordinates": [ [ -77.0566434, 38.9031871 ], [ -77.0565934, 38.9032191 ], [ -77.0565457, 38.9032439 ], [ -77.0565032, 38.9032574 ], [ -77.0564602, 38.9032652 ], [ -77.0564157, 38.9032657 ], [ -77.0563699, 38.9032582 ], [ -77.0563275, 38.9032452 ], [ -77.0562944, 38.9032289 ], [ -77.056257, 38.9032042 ], [ -77.0562332, 38.9031782 ], [ -77.0562198, 38.9031535 ] ] } },
{ "type": "Feature", "properties": { }, "geometry": { "type": "LineString", "coordinates": [ [ -77.055427765185755, 38.903454627728088 ], [ -77.0554278, 38.9034592 ], [ -77.0554183, 38.9035015 ], [ -77.0554017, 38.9035374 ], [ -77.0553785, 38.9035743 ], [ -77.0553493, 38.9036079 ], [ -77.055308, 38.9036431 ], [ -77.055291820629662, 38.903653318549686 ] ] } },
{ "type": "Feature", "properties": { }, "geometry": { "type": "LineString", "coordinates": [ [ -77.0571882, 38.9026884 ], [ -77.0572663, 38.9026588 ], [ -77.0573389, 38.9026412 ], [ -77.0574253, 38.9026312 ], [ -77.057509, 38.9026247 ] ] } },
{ "type": "Feature", "properties": { }, "geometry": { "type": "LineString", "coordinates": [ [ -77.0568064, 38.9026897 ], [ -77.0566912, 38.9030078 ] ] } },
{ "type": "Feature", "properties": { }, "geometry": { "type": "LineString", "coordinates": [ [ -77.0567739, 38.9030356 ], [ -77.0568314, 38.9028742 ], [ -77.0568971, 38.9026978 ] ] } },
{ "type": "Feature", "properties": { }, "geometry": { "type": "LineString", "coordinates": [ [ -77.0567317, 38.9031956 ], [ -77.0568481, 38.9030477 ], [ -77.056878, 38.9030013 ], [ -77.0569216, 38.9029393 ], [ -77.0569671, 38.9028859 ], [ -77.0570322, 38.9028073 ], [ -77.0570776, 38.9027646 ], [ -77.0571222, 38.9027295 ], [ -77.0571882, 38.9026884 ] ] } },
{ "type": "Feature", "properties": { }, "geometry": { "type": "LineString", "coordinates": [ [ -77.055534684222181, 38.903097849578749 ], [ -77.0555826, 38.9031364 ], [ -77.0556446, 38.9031777 ], [ -77.0557099, 38.9032165 ], [ -77.0557811, 38.9032518 ], [ -77.0558557, 38.9032814 ], [ -77.0559439, 38.9033075 ], [ -77.0560306, 38.9033291 ], [ -77.0561114, 38.9033428 ], [ -77.0561903, 38.903351 ], [ -77.056265, 38.9033536 ], [ -77.056343, 38.9033534 ], [ -77.0564419, 38.9033465 ], [ -77.0565286, 38.9033314 ], [ -77.0566136, 38.9033108 ], [ -77.0567019, 38.9032865 ], [ -77.0567726, 38.9032588 ], [ -77.0568399, 38.9032283 ], [ -77.0573526, 38.9029805 ], [ -77.0574748, 38.902924 ], [ -77.0575715, 38.9028845 ], [ -77.0576628, 38.9028511 ], [ -77.0577739, 38.9028169 ], [ -77.0578864, 38.9027849 ], [ -77.0580241, 38.9027544 ], [ -77.0581637, 38.9027287 ], [ -77.0582949, 38.9027106 ], [ -77.0584312, 38.9026907 ], [ -77.0585781, 38.9026746 ], [ -77.0587031, 38.9026676 ], [ -77.0588864, 38.9026594 ], [ -77.0593459, 38.9026141 ] ] } },
{ "type": "Feature", "properties": { }, "geometry": { "type": "LineString", "coordinates": [ [ -77.0566912, 38.9030078 ], [ -77.0566673, 38.9030919 ], [ -77.0566434, 38.9031871 ] ] } },
{ "type": "Feature", "properties": { }, "geometry": { "type": "LineString", "coordinates": [ [ -77.0567317, 38.9031956 ], [ -77.0567739, 38.9030356 ] ] } },
{ "type": "Feature", "properties": { }, "geometry": { "type": "LineString", "coordinates": [ [ -77.058078, 38.9039245 ], [ -77.0580736, 38.9036897 ], [ -77.0580703, 38.9034499 ], [ -77.0580654, 38.9031 ], [ -77.0580598, 38.9026965 ], [ -77.0580578, 38.9025505 ] ] } },
{ "type": "Feature", "properties": { }, "geometry": { "type": "LineString", "coordinates": [ [ -77.0580703, 38.9034499 ], [ -77.0581311, 38.9034449 ], [ -77.0584366, 38.9034445 ], [ -77.058443, 38.9030951 ], [ -77.0581246, 38.9030989 ], [ -77.0580654, 38.9031 ] ] } },
{ "type": "Feature", "properties": { }, "geometry": { "type": "LineString", "coordinates": [ [ -77.0566434, 38.9031871 ], [ -77.0566119, 38.9033528 ], [ -77.0566275, 38.9035581 ] ] } },
{ "type": "Feature", "properties": { }, "geometry": { "type": "LineString", "coordinates": [ [ -77.056171, 38.9032598 ], [ -77.0563614, 38.9034211 ] ] } },
{ "type": "Feature", "properties": { }, "geometry": { "type": "LineString", "coordinates": [ [ -77.0563614, 38.9034211 ], [ -77.056434, 38.9034817 ], [ -77.0564831, 38.9035331 ], [ -77.0565125, 38.9035754 ], [ -77.0565338, 38.9036164 ], [ -77.0566035, 38.9037319 ] ] } },
{ "type": "Feature", "properties": { }, "geometry": { "type": "LineString", "coordinates": [ [ -77.0559091, 38.903748 ], [ -77.055205414895141, 38.903749301192875 ] ] } },
{ "type": "Feature", "properties": { }, "geometry": { "type": "LineString", "coordinates": [ [ -77.0551501, 38.9042827 ], [ -77.0548348, 38.9041735 ], [ -77.054823668559877, 38.904169653014002 ] ] } },
{ "type": "Feature", "properties": { }, "geometry": { "type": "LineString", "coordinates": [ [ -77.0565539, 38.9039699 ], [ -77.0565363, 38.9040336 ], [ -77.0565117, 38.9040967 ], [ -77.0564843, 38.9041508 ], [ -77.0564594, 38.904201 ], [ -77.0564142, 38.904287 ], [ -77.0563573, 38.9043804 ], [ -77.0563005, 38.9044712 ] ] } },
{ "type": "Feature", "properties": { }, "geometry": { "type": "LineString", "coordinates": [ [ -77.0566275, 38.9035581 ], [ -77.0567085, 38.9033261 ], [ -77.0567317, 38.9031956 ] ] } },
{ "type": "Feature", "properties": { }, "geometry": { "type": "LineString", "coordinates": [ [ -77.0566275, 38.9035581 ], [ -77.0566195, 38.9036241 ] ] } },
{ "type": "Feature", "properties": { }, "geometry": { "type": "LineString", "coordinates": [ [ -77.0566195, 38.9036241 ], [ -77.0566035, 38.9037319 ] ] } },
{ "type": "Feature", "properties": { }, "geometry": { "type": "LineString", "coordinates": [ [ -77.0566035, 38.9037319 ], [ -77.0565539, 38.9039699 ] ] } },
{ "type": "Feature", "properties": { }, "geometry": { "type": "LineString", "coordinates": [ [ -77.0580824, 38.9040932 ], [ -77.058078, 38.9039245 ] ] } },
{ "type": "Feature", "properties": { }, "geometry": { "type": "LineString", "coordinates": [ [ -77.0563005, 38.9044712 ], [ -77.0565713, 38.9042281 ], [ -77.0566042, 38.9042045 ], [ -77.05664, 38.9041833 ], [ -77.0566739, 38.9041698 ], [ -77.0567215, 38.9041548 ], [ -77.0567647, 38.9041512 ], [ -77.0568089, 38.9041511 ], [ -77.0568474, 38.9041575 ], [ -77.0568884, 38.9041705 ], [ -77.0569318, 38.9041922 ], [ -77.0569627, 38.9042155 ] ] } },
{ "type": "Feature", "properties": { }, "geometry": { "type": "LineString", "coordinates": [ [ -77.0569627, 38.9042155 ], [ -77.0569818, 38.9042386 ], [ -77.0569988, 38.9042751 ], [ -77.0570095, 38.9043103 ], [ -77.0570155, 38.9043442 ], [ -77.0570161, 38.9043822 ], [ -77.0570104, 38.9044193 ], [ -77.0569952, 38.9044706 ], [ -77.0569771, 38.9045216 ], [ -77.0569528, 38.904576 ], [ -77.0569244, 38.904627 ], [ -77.0568948, 38.904666 ], [ -77.0568526, 38.9047043 ], [ -77.0567846, 38.9047492 ], [ -77.056681, 38.904819 ] ] } },
{ "type": "Feature", "properties": { }, "geometry": { "type": "LineString", "coordinates": [ [ -77.0571192, 38.9045473 ], [ -77.0570914, 38.9045474 ], [ -77.0570952, 38.9047073 ], [ -77.0570979, 38.9048071 ], [ -77.0570928, 38.9048437 ], [ -77.0570822, 38.9048655 ], [ -77.0570262, 38.9049391 ] ] } },
{ "type": "Feature", "properties": { }, "geometry": { "type": "LineString", "coordinates": [ [ -77.0565408, 38.9047683 ], [ -77.0566305, 38.9048005 ] ] } },
{ "type": "Feature", "properties": { }, "geometry": { "type": "LineString", "coordinates": [ [ -77.0591552, 38.9048117 ], [ -77.0590836, 38.9048129 ], [ -77.0588444, 38.9048169 ], [ -77.0587065, 38.90482 ], [ -77.0586375, 38.9047771 ], [ -77.0585216, 38.9047742 ], [ -77.0584683, 38.9048294 ], [ -77.0582091, 38.9048315 ], [ -77.0581756, 38.904832 ], [ -77.0581065, 38.904833 ] ] } },
{ "type": "Feature", "properties": { }, "geometry": { "type": "LineString", "coordinates": [ [ -77.054099642548124, 38.905253029123045 ], [ -77.0542201, 38.9052529 ], [ -77.0546243, 38.9052525 ], [ -77.0546583, 38.9052526 ], [ -77.0547495, 38.905253 ], [ -77.0548352, 38.9052524 ], [ -77.0549605, 38.9052514 ] ] } },
{ "type": "Feature", "properties": { }, "geometry": { "type": "LineString", "coordinates": [ [ -77.0493381, 38.9096402 ], [ -77.0493409, 38.9095444 ], [ -77.0493409, 38.9095136 ], [ -77.0493432, 38.9086431 ], [ -77.0493439, 38.9085687 ], [ -77.049343562260589, 38.90854487060902 ] ] } },
{ "type": "Feature", "properties": { }, "geometry": { "type": "LineString", "coordinates": [ [ -77.04931767643015, 38.908568973447025 ], [ -77.0493439, 38.9085687 ] ] } },
{ "type": "Feature", "properties": { }, "geometry": { "type": "LineString", "coordinates": [ [ -77.048892661250463, 38.909266542177775 ], [ -77.0490691, 38.9092601 ], [ -77.0490671, 38.9094412 ], [ -77.0492515, 38.9094427 ], [ -77.0492475, 38.9092434 ] ] } },
{ "type": "Feature", "properties": { }, "geometry": { "type": "LineString", "coordinates": [ [ -77.0490664, 38.9094808 ], [ -77.0490671, 38.9094412 ] ] } },
{ "type": "Feature", "properties": { }, "geometry": { "type": "LineString", "coordinates": [ [ -77.053089376709693, 38.907250480257375 ], [ -77.0531554, 38.9072505 ], [ -77.0531899, 38.9072459 ], [ -77.0532285, 38.9072349 ], [ -77.0532563, 38.9072195 ], [ -77.0532743, 38.9071983 ] ] } },
{ "type": "Feature", "properties": { }, "geometry": { "type": "LineString", "coordinates": [ [ -77.0525625, 38.9079413 ], [ -77.0519614, 38.9079392 ], [ -77.0518896, 38.9078813 ], [ -77.0517752, 38.9078751 ], [ -77.0515704, 38.9078751 ], [ -77.0515252, 38.9078316 ], [ -77.051525740498121, 38.907798385518703 ] ] } },
{ "type": "Feature", "properties": { }, "geometry": { "type": "LineString", "coordinates": [ [ -77.0517182, 38.9093292 ], [ -77.0514006, 38.9093037 ], [ -77.0513181, 38.9092915 ], [ -77.0512775, 38.9092769 ], [ -77.051262, 38.9092682 ], [ -77.0512361, 38.909242 ], [ -77.0512234, 38.909219 ], [ -77.0512196, 38.9091953 ], [ -77.0512262, 38.909165 ], [ -77.0512425, 38.9091376 ], [ -77.0512672, 38.9091081 ], [ -77.0513545, 38.9090144 ] ] } },
{ "type": "Feature", "properties": { }, "geometry": { "type": "LineString", "coordinates": [ [ -77.0513545, 38.9090144 ], [ -77.0512506, 38.9090311 ], [ -77.0511705, 38.9090485 ], [ -77.0510829, 38.909072 ], [ -77.050993, 38.9091054 ], [ -77.0509149, 38.9091381 ], [ -77.0508439, 38.9091767 ], [ -77.0507559, 38.9092346 ], [ -77.0506774, 38.9092917 ], [ -77.0505747, 38.909389 ] ] } },
{ "type": "Feature", "properties": { }, "geometry": { "type": "LineString", "coordinates": [ [ -77.0505747, 38.909389 ], [ -77.0507398, 38.9093595 ], [ -77.0508052, 38.9093518 ], [ -77.0508637, 38.9093465 ], [ -77.0511927, 38.9093497 ], [ -77.0513975, 38.9093487 ], [ -77.0517182, 38.9093292 ] ] } },
{ "type": "Feature", "properties": { }, "geometry": { "type": "LineString", "coordinates": [ [ -77.0524429, 38.9096618 ], [ -77.0524395, 38.9096136 ], [ -77.0524351, 38.9095734 ], [ -77.0524272, 38.90955 ], [ -77.0524081, 38.9095095 ], [ -77.0523821, 38.9094727 ], [ -77.0523515, 38.9094406 ], [ -77.0523102, 38.9094058 ], [ -77.0522805, 38.9093871 ], [ -77.0522262, 38.9093636 ], [ -77.0521834, 38.9093495 ], [ -77.0521365, 38.9093383 ], [ -77.0520829, 38.9093303 ], [ -77.0520315, 38.9093273 ], [ -77.0517182, 38.9093292 ] ] } },
{ "type": "Feature", "properties": { }, "geometry": { "type": "LineString", "coordinates": [ [ -77.0504398, 38.9096388 ], [ -77.050838, 38.9096379 ] ] } },
{ "type": "Feature", "properties": { }, "geometry": { "type": "LineString", "coordinates": [ [ -77.050838, 38.9096379 ], [ -77.0523067, 38.9096599 ], [ -77.0524429, 38.9096618 ] ] } },
{ "type": "Feature", "properties": { }, "geometry": { "type": "LineString", "coordinates": [ [ -77.050444, 38.9101809 ], [ -77.0504767, 38.9102424 ], [ -77.050503, 38.910281 ], [ -77.050549, 38.9103453 ], [ -77.0506004, 38.9104083 ], [ -77.0506517, 38.9104641 ], [ -77.0507986, 38.91061 ] ] } },
{ "type": "Feature", "properties": { }, "geometry": { "type": "LineString", "coordinates": [ [ -77.0493409, 38.9095136 ], [ -77.0492502, 38.9095147 ], [ -77.0492515, 38.9094427 ] ] } },
{ "type": "Feature", "properties": { }, "geometry": { "type": "LineString", "coordinates": [ [ -77.048849339959631, 38.909477395311512 ], [ -77.0488823, 38.9094779 ], [ -77.0490664, 38.9094808 ], [ -77.0490659, 38.9095624 ], [ -77.0490655, 38.9096402 ] ] } },
{ "type": "Feature", "properties": { }, "geometry": { "type": "LineString", "coordinates": [ [ -77.0505747, 38.909389 ], [ -77.0505218, 38.9094508 ], [ -77.0504826, 38.9095053 ], [ -77.0504417, 38.9095686 ], [ -77.0504178, 38.9096278 ], [ -77.0503997, 38.9096904 ], [ -77.050389, 38.909747 ], [ -77.0503814, 38.9098108 ] ] } },
{ "type": "Feature", "properties": { }, "geometry": { "type": "LineString", "coordinates": [ [ -77.0498278, 38.9096403 ], [ -77.0504398, 38.9096388 ] ] } },
{ "type": "Feature", "properties": { }, "geometry": { "type": "LineString", "coordinates": [ [ -77.0496572, 38.9096408 ], [ -77.0498278, 38.9096403 ] ] } },
{ "type": "Feature", "properties": { }, "geometry": { "type": "LineString", "coordinates": [ [ -77.048840032776596, 38.909640694430543 ], [ -77.0489218, 38.9096401 ], [ -77.0490655, 38.9096402 ], [ -77.0492249, 38.9096404 ], [ -77.0493381, 38.9096402 ] ] } },
{ "type": "Feature", "properties": { }, "geometry": { "type": "LineString", "coordinates": [ [ -77.0493381, 38.9096402 ], [ -77.0494618, 38.9096405 ], [ -77.049533, 38.9096411 ], [ -77.0496572, 38.9096408 ] ] } },
{ "type": "Feature", "properties": { }, "geometry": { "type": "LineString", "coordinates": [ [ -77.0503814, 38.9098108 ], [ -77.050379, 38.909874 ], [ -77.05038, 38.909933 ], [ -77.0503849, 38.9099918 ], [ -77.050404, 38.9100694 ], [ -77.0504217, 38.9101234 ], [ -77.050444, 38.9101809 ] ] } },
{ "type": "Feature", "properties": { }, "geometry": { "type": "LineString", "coordinates": [ [ -77.049115691216855, 38.910212983212894 ], [ -77.0491653, 38.9101214 ], [ -77.0492465, 38.9099737 ], [ -77.0492797, 38.9099038 ], [ -77.0493044, 38.9098315 ], [ -77.0493282, 38.9097452 ], [ -77.0493381, 38.9096402 ] ] } },
{ "type": "Feature", "properties": { }, "geometry": { "type": "LineString", "coordinates": [ [ -77.049533, 38.9096411 ], [ -77.0495348, 38.909698 ], [ -77.0495388, 38.909738 ], [ -77.0495477, 38.909772 ], [ -77.049563, 38.9098037 ], [ -77.0495829, 38.90984 ], [ -77.0496111, 38.9098708 ], [ -77.0496502, 38.9099061 ], [ -77.0505459, 38.910483 ], [ -77.0507986, 38.91061 ] ] } },
{ "type": "Feature", "properties": { }, "geometry": { "type": "LineString", "coordinates": [ [ -77.0491653, 38.9101214 ], [ -77.0492288, 38.9101368 ], [ -77.0496406, 38.9102366 ], [ -77.0497491, 38.9102339 ] ] } },
{ "type": "Feature", "properties": { }, "geometry": { "type": "LineString", "coordinates": [ [ -77.0506614, 38.9111017 ], [ -77.0506546, 38.911067 ], [ -77.0506412, 38.9110302 ], [ -77.050632, 38.9110124 ], [ -77.0506224, 38.9109939 ], [ -77.0505913, 38.910955 ], [ -77.0502411, 38.9105982 ], [ -77.0502069, 38.9105665 ], [ -77.050159, 38.910524 ], [ -77.0500933, 38.9104762 ], [ -77.0497491, 38.9102339 ], [ -77.0495028, 38.9100653 ], [ -77.0494714, 38.9100427 ], [ -77.0494344, 38.9100118 ], [ -77.0494098, 38.9099825 ], [ -77.0493811, 38.9099401 ], [ -77.0493044, 38.9098315 ] ] } },
{ "type": "Feature", "properties": { }, "geometry": { "type": "LineString", "coordinates": [ [ -77.049679700673963, 38.910674699075642 ], [ -77.0497034, 38.9106182 ], [ -77.0498298, 38.9106168 ], [ -77.0501541, 38.9106128 ], [ -77.0502411, 38.9105982 ] ] } },
{ "type": "Feature", "properties": { }, "geometry": { "type": "LineString", "coordinates": [ [ -77.0506614, 38.9111017 ], [ -77.0506316, 38.9111122 ], [ -77.050579, 38.9111263 ], [ -77.0505432, 38.9111323 ], [ -77.0505239, 38.9111356 ], [ -77.0504461, 38.9111439 ], [ -77.050156525122063, 38.91114496092974 ] ] } },
{ "type": "Feature", "properties": { }, "geometry": { "type": "LineString", "coordinates": [ [ -77.0525831, 38.9106184 ], [ -77.0525867, 38.9105564 ], [ -77.0525848, 38.9105468 ], [ -77.0525838, 38.9105405 ], [ -77.052574, 38.9105197 ], [ -77.0525608, 38.9105028 ], [ -77.052541, 38.9104917 ], [ -77.0525165, 38.9104843 ], [ -77.0524948, 38.9104816 ], [ -77.0524169, 38.9104817 ], [ -77.0523877, 38.9104849 ], [ -77.0523616, 38.9104925 ], [ -77.0523382, 38.9105046 ], [ -77.052326, 38.910516 ], [ -77.0523181, 38.9105317 ], [ -77.0523148, 38.9105494 ], [ -77.0523144, 38.9106221 ] ] } },
{ "type": "Feature", "properties": { }, "geometry": { "type": "LineString", "coordinates": [ [ -77.051642, 38.9106517 ], [ -77.0517416, 38.9106418 ], [ -77.051847, 38.9106357 ], [ -77.051982, 38.9106298 ] ] } },
{ "type": "Feature", "properties": { }, "geometry": { "type": "LineString", "coordinates": [ [ -77.0508269, 38.9109919 ], [ -77.0508948, 38.9109482 ], [ -77.0509696, 38.9109015 ], [ -77.0510577, 38.9108513 ], [ -77.0511244, 38.9108163 ], [ -77.0512121, 38.9107765 ], [ -77.0512838, 38.9107478 ], [ -77.0513521, 38.9107238 ], [ -77.0514435, 38.9106979 ], [ -77.0515165, 38.9106807 ], [ -77.0515833, 38.9106642 ], [ -77.051642, 38.9106517 ] ] } },
{ "type": "Feature", "properties": { }, "geometry": { "type": "LineString", "coordinates": [ [ -77.0525679, 38.9110377 ], [ -77.0525453, 38.9107628 ] ] } },
{ "type": "Feature", "properties": { }, "geometry": { "type": "LineString", "coordinates": [ [ -77.0526043, 38.911176 ], [ -77.0524821, 38.911043 ], [ -77.0522355, 38.9107743 ] ] } },
{ "type": "Feature", "properties": { }, "geometry": { "type": "LineString", "coordinates": [ [ -77.0527054, 38.9110415 ], [ -77.0525679, 38.9110377 ], [ -77.0524821, 38.911043 ] ] } },
{ "type": "Feature", "properties": { }, "geometry": { "type": "LineString", "coordinates": [ [ -77.0506614, 38.9111017 ], [ -77.0507146, 38.9110729 ], [ -77.0507571, 38.9110416 ], [ -77.0507808, 38.9110247 ], [ -77.0508269, 38.9109919 ] ] } },
{ "type": "Feature", "properties": { }, "geometry": { "type": "LineString", "coordinates": [ [ -77.0507986, 38.91061 ], [ -77.05159, 38.9114279 ], [ -77.0517045, 38.9115378 ], [ -77.0518328, 38.911662 ], [ -77.0519351, 38.9117504 ] ] } },
{ "type": "Feature", "properties": { }, "geometry": { "type": "LineString", "coordinates": [ [ -77.0506614, 38.9111017 ], [ -77.0509037, 38.9112011 ], [ -77.0511782, 38.9114322 ], [ -77.0512093, 38.9114734 ], [ -77.0511709, 38.911553 ] ] } },
{ "type": "Feature", "properties": { }, "geometry": { "type": "LineString", "coordinates": [ [ -77.0506614, 38.9111017 ], [ -77.0506615, 38.9112518 ], [ -77.0506585, 38.9114685 ], [ -77.0506587, 38.9115562 ], [ -77.050659, 38.911647 ], [ -77.0506594, 38.9116897 ], [ -77.050659661933679, 38.91171838173787 ] ] } },
{ "type": "Feature", "properties": { }, "geometry": { "type": "LineString", "coordinates": [ [ -77.0591461, 38.9044803 ], [ -77.0590762, 38.9044818 ], [ -77.0590327, 38.9044828 ] ] } },
{ "type": "Feature", "properties": { }, "geometry": { "type": "LineString", "coordinates": [ [ -77.0590327, 38.9044828 ], [ -77.0588719, 38.9044863 ] ] } },
{ "type": "Feature", "properties": { }, "geometry": { "type": "LineString", "coordinates": [ [ -77.0588719, 38.9044863 ], [ -77.0587762, 38.9044909 ] ] } },
{ "type": "Feature", "properties": { }, "geometry": { "type": "LineString", "coordinates": [ [ -77.0587622, 38.9044709 ], [ -77.0587423, 38.9044535 ], [ -77.0587164, 38.9044419 ], [ -77.0586871, 38.9044373 ], [ -77.0586575, 38.9044401 ], [ -77.0586304, 38.9044501 ], [ -77.0586089, 38.9044661 ], [ -77.0585949, 38.9044867 ], [ -77.05859, 38.9045096 ], [ -77.0585946, 38.9045326 ], [ -77.0586076, 38.9045524 ], [ -77.0586276, 38.9045683 ], [ -77.0586529, 38.9045787 ], [ -77.058681, 38.9045826 ], [ -77.0587094, 38.9045798 ], [ -77.0587353, 38.9045704 ], [ -77.0587564, 38.9045554 ], [ -77.0587706, 38.9045361 ], [ -77.0587756, 38.9045254 ], [ -77.0587767, 38.9045144 ], [ -77.0587762, 38.9044909 ], [ -77.0587622, 38.9044709 ] ] } },
{ "type": "Feature", "properties": { }, "geometry": { "type": "LineString", "coordinates": [ [ -77.0591638, 38.9052259 ], [ -77.0591621, 38.9051243 ], [ -77.0591552, 38.9048117 ], [ -77.0591461, 38.9044803 ], [ -77.0591377, 38.9041779 ], [ -77.0591373, 38.9041489 ] ] } },
{ "type": "Feature", "properties": { }, "geometry": { "type": "LineString", "coordinates": [ [ -77.0611745, 38.9046817 ], [ -77.0610965, 38.9046822 ], [ -77.0609203, 38.9046833 ], [ -77.0606784, 38.9046817 ], [ -77.0606824, 38.9047736 ] ] } },
{ "type": "Feature", "properties": { }, "geometry": { "type": "LineString", "coordinates": [ [ -77.0601513, 38.9042599 ], [ -77.0601656, 38.9047794 ], [ -77.0601701, 38.9051162 ], [ -77.0601722, 38.9052141 ] ] } },
{ "type": "Feature", "properties": { }, "geometry": { "type": "LineString", "coordinates": [ [ -77.0611653, 38.9043025 ], [ -77.0611745, 38.9046817 ], [ -77.0611785, 38.9047345 ], [ -77.0611862, 38.9050877 ], [ -77.0611874, 38.9052025 ] ] } },
{ "type": "Feature", "properties": { }, "geometry": { "type": "LineString", "coordinates": [ [ -77.0609272, 38.9048968 ], [ -77.0609203, 38.9046833 ] ] } },
{ "type": "Feature", "properties": { }, "geometry": { "type": "LineString", "coordinates": [ [ -77.0588444, 38.9048169 ], [ -77.0588538, 38.9049458 ] ] } },
{ "type": "Feature", "properties": { }, "geometry": { "type": "LineString", "coordinates": [ [ -77.0566305, 38.9048005 ], [ -77.056681, 38.904819 ] ] } },
{ "type": "Feature", "properties": { }, "geometry": { "type": "LineString", "coordinates": [ [ -77.0574014, 38.9050059 ], [ -77.0574004, 38.9049285 ], [ -77.0573992, 38.9047479 ], [ -77.0573658, 38.9047058 ], [ -77.0570952, 38.9047073 ] ] } },
{ "type": "Feature", "properties": { }, "geometry": { "type": "LineString", "coordinates": [ [ -77.0570262, 38.9049391 ], [ -77.0569125, 38.9049 ], [ -77.056813, 38.9048654 ], [ -77.056681, 38.904819 ] ] } },
{ "type": "Feature", "properties": { }, "geometry": { "type": "LineString", "coordinates": [ [ -77.0571541, 38.9049351 ], [ -77.0570262, 38.9049391 ] ] } },
{ "type": "Feature", "properties": { }, "geometry": { "type": "LineString", "coordinates": [ [ -77.0574014, 38.9050059 ], [ -77.0571541, 38.9049351 ] ] } },
{ "type": "Feature", "properties": { }, "geometry": { "type": "LineString", "coordinates": [ [ -77.0570262, 38.9049391 ], [ -77.0571264, 38.9050256 ] ] } },
{ "type": "Feature", "properties": { }, "geometry": { "type": "LineString", "coordinates": [ [ -77.0571264, 38.9050256 ], [ -77.057402, 38.9051072 ] ] } },
{ "type": "Feature", "properties": { }, "geometry": { "type": "LineString", "coordinates": [ [ -77.0570262, 38.9049391 ], [ -77.0570287, 38.9052445 ] ] } },
{ "type": "Feature", "properties": { }, "geometry": { "type": "LineString", "coordinates": [ [ -77.0581191, 38.9052411 ], [ -77.0580159, 38.9051875 ], [ -77.0579745, 38.9051668 ], [ -77.0574014, 38.9050059 ] ] } },
{ "type": "Feature", "properties": { }, "geometry": { "type": "LineString", "coordinates": [ [ -77.0573601, 38.9052448 ], [ -77.0573803, 38.9052169 ], [ -77.0573917, 38.9051903 ], [ -77.0573996, 38.9051604 ], [ -77.057402, 38.9051072 ], [ -77.0574014, 38.9050059 ] ] } },
{ "type": "Feature", "properties": { }, "geometry": { "type": "LineString", "coordinates": [ [ -77.0554576, 38.9043927 ], [ -77.0551501, 38.9042827 ] ] } },
{ "type": "Feature", "properties": { }, "geometry": { "type": "LineString", "coordinates": [ [ -77.0556484, 38.9044611 ], [ -77.0554576, 38.9043927 ] ] } },
{ "type": "Feature", "properties": { }, "geometry": { "type": "LineString", "coordinates": [ [ -77.0565408, 38.9047683 ], [ -77.0556484, 38.9044611 ] ] } },
{ "type": "Feature", "properties": { }, "geometry": { "type": "LineString", "coordinates": [ [ -77.0563005, 38.9044712 ], [ -77.0561212, 38.9047153 ], [ -77.0560557, 38.9048002 ] ] } },
{ "type": "Feature", "properties": { }, "geometry": { "type": "LineString", "coordinates": [ [ -77.054745837191703, 38.904359182072959 ], [ -77.0547484, 38.9051509 ], [ -77.0547495, 38.905253 ], [ -77.0547496, 38.905317 ], [ -77.0547497, 38.9053521 ], [ -77.054748, 38.9056532 ] ] } },
{ "type": "Feature", "properties": { }, "geometry": { "type": "LineString", "coordinates": [ [ -77.0561278, 38.9052529 ], [ -77.0564478, 38.9052455 ] ] } },
{ "type": "Feature", "properties": { }, "geometry": { "type": "LineString", "coordinates": [ [ -77.0549605, 38.9052514 ], [ -77.0559511, 38.9052546 ] ] } },
{ "type": "Feature", "properties": { }, "geometry": { "type": "LineString", "coordinates": [ [ -77.0559511, 38.9052546 ], [ -77.0561278, 38.9052529 ] ] } },
{ "type": "Feature", "properties": { }, "geometry": { "type": "LineString", "coordinates": [ [ -77.0561747, 38.9064195 ], [ -77.0565967, 38.9064194 ], [ -77.0565893, 38.90615 ], [ -77.056588, 38.9061016 ] ] } },
{ "type": "Feature", "properties": { }, "geometry": { "type": "LineString", "coordinates": [ [ -77.0561743, 38.9063359 ], [ -77.0561747, 38.9064195 ], [ -77.056177, 38.9064768 ] ] } },
{ "type": "Feature", "properties": { }, "geometry": { "type": "LineString", "coordinates": [ [ -77.057402, 38.9051072 ], [ -77.0576928, 38.9051874 ] ] } },
{ "type": "Feature", "properties": { }, "geometry": { "type": "LineString", "coordinates": [ [ -77.0576928, 38.9051874 ], [ -77.0578806, 38.9052392 ] ] } },
{ "type": "Feature", "properties": { }, "geometry": { "type": "LineString", "coordinates": [ [ -77.0578806, 38.9052392 ], [ -77.0579557, 38.9052398 ], [ -77.0580194, 38.9052432 ], [ -77.0581191, 38.9052411 ] ] } },
{ "type": "Feature", "properties": { }, "geometry": { "type": "LineString", "coordinates": [ [ -77.0573601, 38.9052448 ], [ -77.0578806, 38.9052392 ] ] } },
{ "type": "Feature", "properties": { }, "geometry": { "type": "LineString", "coordinates": [ [ -77.0566211, 38.9052445 ], [ -77.0569117, 38.9052428 ], [ -77.0569454, 38.9052433 ], [ -77.0570287, 38.9052445 ] ] } },
{ "type": "Feature", "properties": { }, "geometry": { "type": "LineString", "coordinates": [ [ -77.0570287, 38.9052445 ], [ -77.0573601, 38.9052448 ] ] } },
{ "type": "Feature", "properties": { }, "geometry": { "type": "LineString", "coordinates": [ [ -77.0564478, 38.9052455 ], [ -77.0566211, 38.9052445 ] ] } },
{ "type": "Feature", "properties": { }, "geometry": { "type": "LineString", "coordinates": [ [ -77.0581245, 38.9055746 ], [ -77.0580296, 38.9055751 ], [ -77.0578218, 38.9055779 ] ] } },
{ "type": "Feature", "properties": { }, "geometry": { "type": "LineString", "coordinates": [ [ -77.0584497, 38.9056074 ], [ -77.0581948, 38.9056049 ], [ -77.0581245, 38.9056042 ] ] } },
{ "type": "Feature", "properties": { }, "geometry": { "type": "LineString", "coordinates": [ [ -77.0558413, 38.9061048 ], [ -77.055873, 38.9061031 ], [ -77.056588, 38.9061016 ], [ -77.0569737, 38.9060982 ], [ -77.0570505, 38.9060975 ], [ -77.0580298, 38.906088 ], [ -77.0581222, 38.906087 ], [ -77.058201, 38.9060847 ], [ -77.0588472, 38.9060816 ], [ -77.0590478, 38.9060801 ], [ -77.0591004, 38.9060808 ], [ -77.0591749, 38.9060791 ] ] } },
{ "type": "Feature", "properties": { }, "geometry": { "type": "LineString", "coordinates": [ [ -77.0611874, 38.9052025 ], [ -77.0612729, 38.9052001 ], [ -77.0619685, 38.9051914 ] ] } },
{ "type": "Feature", "properties": { }, "geometry": { "type": "LineString", "coordinates": [ [ -77.0601722, 38.9052141 ], [ -77.0604558, 38.9052115 ], [ -77.0610874, 38.9052045 ], [ -77.0611874, 38.9052025 ] ] } },
{ "type": "Feature", "properties": { }, "geometry": { "type": "LineString", "coordinates": [ [ -77.0591638, 38.9052259 ], [ -77.0592651, 38.9052244 ], [ -77.0600583, 38.9052147 ], [ -77.0601722, 38.9052141 ] ] } },
{ "type": "Feature", "properties": { }, "geometry": { "type": "LineString", "coordinates": [ [ -77.0581191, 38.9052411 ], [ -77.0582048, 38.9052399 ], [ -77.0590289, 38.9052319 ], [ -77.0591638, 38.9052259 ] ] } },
{ "type": "Feature", "properties": { }, "geometry": { "type": "LineString", "coordinates": [ [ -77.0604558, 38.9052115 ], [ -77.0604557, 38.9053024 ], [ -77.0604551, 38.9056158 ], [ -77.0604778, 38.9056363 ] ] } },
{ "type": "Feature", "properties": { }, "geometry": { "type": "LineString", "coordinates": [ [ -77.0611874, 38.9052025 ], [ -77.0611885, 38.9053045 ], [ -77.0611912, 38.9056673 ] ] } },
{ "type": "Feature", "properties": { }, "geometry": { "type": "LineString", "coordinates": [ [ -77.0591702, 38.9055795 ], [ -77.0590914, 38.9055799 ], [ -77.0587532, 38.9055814 ] ] } },
{ "type": "Feature", "properties": { }, "geometry": { "type": "LineString", "coordinates": [ [ -77.0597962, 38.9056742 ], [ -77.0596342, 38.9056742 ], [ -77.0595311, 38.9056817 ], [ -77.0592504, 38.9056847 ], [ -77.0591706, 38.9056855 ] ] } },
{ "type": "Feature", "properties": { }, "geometry": { "type": "LineString", "coordinates": [ [ -77.0604778, 38.9056363 ], [ -77.0605237, 38.9056777 ], [ -77.0605277, 38.9060883 ] ] } },
{ "type": "Feature", "properties": { }, "geometry": { "type": "LineString", "coordinates": [ [ -77.0611978, 38.9059372 ], [ -77.0611249, 38.9059376 ], [ -77.0607685, 38.9059402 ] ] } },
{ "type": "Feature", "properties": { }, "geometry": { "type": "LineString", "coordinates": [ [ -77.0542201, 38.9052529 ], [ -77.0542198, 38.9053289 ], [ -77.0542197, 38.9053647 ], [ -77.0542188, 38.9055741 ] ] } },
{ "type": "Feature", "properties": { }, "geometry": { "type": "LineString", "coordinates": [ [ -77.0532743, 38.9071983 ], [ -77.0532852, 38.9071791 ], [ -77.0532914, 38.9071567 ], [ -77.0532927, 38.9071297 ], [ -77.0532928, 38.9070607 ], [ -77.053293304639737, 38.907024769649929 ] ] } },
{ "type": "Feature", "properties": { }, "geometry": { "type": "LineString", "coordinates": [ [ -77.0560557, 38.9048002 ], [ -77.0558708, 38.9050397 ], [ -77.0558047, 38.9051286 ], [ -77.0557353, 38.9052321 ], [ -77.0556576, 38.9053542 ], [ -77.0555982, 38.9054605 ], [ -77.0555445, 38.9055621 ], [ -77.0545575, 38.9076466 ], [ -77.0544945, 38.9077698 ], [ -77.0544342, 38.9078663 ], [ -77.054374, 38.9079646 ], [ -77.0543013, 38.9080679 ], [ -77.0542215, 38.9081661 ], [ -77.0541438, 38.908249 ], [ -77.054052, 38.9083488 ], [ -77.0539645, 38.9084355 ], [ -77.0538745, 38.9085138 ], [ -77.0537756, 38.9085927 ], [ -77.0536798, 38.9086643 ], [ -77.053569, 38.908735 ], [ -77.0534619, 38.9087954 ], [ -77.0533529, 38.9088525 ], [ -77.053228, 38.9089081 ], [ -77.0530988, 38.9089583 ], [ -77.052974, 38.908998 ], [ -77.0528436, 38.9090314 ], [ -77.0527353, 38.9090482 ], [ -77.0526061, 38.9090575 ], [ -77.0524822, 38.9090618 ], [ -77.052353, 38.9090559 ], [ -77.0517333, 38.9090106 ], [ -77.0516201, 38.9090033 ], [ -77.0515252, 38.9090026 ], [ -77.0514418, 38.909006 ], [ -77.0513545, 38.9090144 ] ] } },
{ "type": "Feature", "properties": { }, "geometry": { "type": "LineString", "coordinates": [ [ -77.0539191, 38.9094042 ], [ -77.0539283, 38.9094759 ], [ -77.0539302, 38.9094908 ], [ -77.0539359, 38.9097533 ] ] } },
{ "type": "Feature", "properties": { }, "geometry": { "type": "LineString", "coordinates": [ [ -77.0536304, 38.9100464 ], [ -77.05347, 38.9100405 ], [ -77.0533714, 38.91003 ], [ -77.0530968, 38.9100285 ], [ -77.0529293, 38.9100245 ], [ -77.052905, 38.9100175 ], [ -77.0528915, 38.9099951 ], [ -77.0528487, 38.9097146 ], [ -77.0528386, 38.9096486 ] ] } },
{ "type": "Feature", "properties": { }, "geometry": { "type": "LineString", "coordinates": [ [ -77.0527716, 38.9096572 ], [ -77.0527734, 38.9097278 ], [ -77.052774, 38.9097521 ], [ -77.0527797, 38.9099957 ], [ -77.0527637, 38.9100502 ], [ -77.052729, 38.9101262 ], [ -77.0527397, 38.9102556 ] ] } },
{ "type": "Feature", "properties": { }, "geometry": { "type": "LineString", "coordinates": [ [ -77.0541554, 38.9102179 ], [ -77.0540932, 38.9102031 ], [ -77.053996, 38.9101933 ], [ -77.0539695, 38.9101933 ] ] } },
{ "type": "Feature", "properties": { }, "geometry": { "type": "LineString", "coordinates": [ [ -77.0541554, 38.9102179 ], [ -77.0541562, 38.9102695 ] ] } },
{ "type": "Feature", "properties": { }, "geometry": { "type": "LineString", "coordinates": [ [ -77.0562319, 38.9073138 ], [ -77.0565324, 38.9073127 ], [ -77.0565351, 38.9076463 ], [ -77.0565356, 38.9077044 ] ] } },
{ "type": "Feature", "properties": { }, "geometry": { "type": "LineString", "coordinates": [ [ -77.0558413, 38.9061048 ], [ -77.0558171, 38.9061101 ], [ -77.0557985, 38.9061238 ], [ -77.0557904, 38.9061447 ], [ -77.0557882, 38.906166 ], [ -77.055803, 38.9068806 ], [ -77.0558183, 38.9076489 ], [ -77.0558197, 38.9077143 ], [ -77.0558212, 38.9077906 ], [ -77.0558351, 38.9084846 ], [ -77.0558363, 38.9085467 ], [ -77.0558367, 38.9086076 ], [ -77.055839, 38.9089252 ], [ -77.0558372, 38.9089601 ], [ -77.0558272, 38.908989 ] ] } },
{ "type": "Feature", "properties": { }, "geometry": { "type": "LineString", "coordinates": [ [ -77.0570749, 38.9076984 ], [ -77.0570026, 38.9076994 ], [ -77.0565356, 38.9077044 ], [ -77.0558983, 38.9077133 ], [ -77.0558197, 38.9077143 ], [ -77.0557309, 38.9077148 ], [ -77.0552587, 38.90772 ] ] } },
{ "type": "Feature", "properties": { }, "geometry": { "type": "LineString", "coordinates": [ [ -77.0562145, 38.9089861 ], [ -77.0562145, 38.9089585 ], [ -77.0562145, 38.9088974 ] ] } },
{ "type": "Feature", "properties": { }, "geometry": { "type": "LineString", "coordinates": [ [ -77.0548208, 38.9085614 ], [ -77.0547959, 38.9085668 ], [ -77.0547777, 38.9085788 ], [ -77.0547659, 38.9085951 ], [ -77.0547602, 38.9086131 ], [ -77.0547582, 38.9086232 ], [ -77.0547573, 38.9086579 ], [ -77.0547593, 38.9093103 ], [ -77.0547606, 38.9093857 ] ] } },
{ "type": "Feature", "properties": { }, "geometry": { "type": "LineString", "coordinates": [ [ -77.0558272, 38.908989 ], [ -77.0562145, 38.9089861 ], [ -77.056908, 38.908978 ] ] } },
{ "type": "Feature", "properties": { }, "geometry": { "type": "LineString", "coordinates": [ [ -77.0558272, 38.908989 ], [ -77.0558109, 38.9090225 ], [ -77.0556558, 38.9093032 ], [ -77.0556164, 38.9093745 ], [ -77.055576, 38.9094502 ], [ -77.0554031, 38.9097744 ], [ -77.0551602, 38.9102045 ] ] } },
{ "type": "Feature", "properties": { }, "geometry": { "type": "LineString", "coordinates": [ [ -77.0566565, 38.9097547 ], [ -77.0554031, 38.9097744 ] ] } },
{ "type": "Feature", "properties": { }, "geometry": { "type": "LineString", "coordinates": [ [ -77.0547606, 38.9093857 ], [ -77.054761, 38.9094653 ], [ -77.0547716, 38.9101461 ], [ -77.0547705, 38.9102112 ] ] } },
{ "type": "Feature", "properties": { }, "geometry": { "type": "LineString", "coordinates": [ [ -77.0547705, 38.9102112 ], [ -77.0550329, 38.910207 ], [ -77.0551018, 38.9102056 ], [ -77.0551602, 38.9102045 ] ] } },
{ "type": "Feature", "properties": { }, "geometry": { "type": "LineString", "coordinates": [ [ -77.0619191, 38.9056588 ], [ -77.0619357, 38.9063177 ], [ -77.0612771, 38.9063258 ], [ -77.061205, 38.9063353 ] ] } },
{ "type": "Feature", "properties": { }, "geometry": { "type": "LineString", "coordinates": [ [ -77.0588472, 38.9060816 ], [ -77.0588488, 38.9061355 ], [ -77.0588537, 38.9062951 ] ] } },
{ "type": "Feature", "properties": { }, "geometry": { "type": "LineString", "coordinates": [ [ -77.061205, 38.9063353 ], [ -77.061132, 38.9063442 ], [ -77.0606949, 38.9063493 ] ] } },
{ "type": "Feature", "properties": { }, "geometry": { "type": "LineString", "coordinates": [ [ -77.0600837, 38.9068357 ], [ -77.0600826, 38.9067762 ], [ -77.0600777, 38.9065007 ] ] } },
{ "type": "Feature", "properties": { }, "geometry": { "type": "LineString", "coordinates": [ [ -77.0612254, 38.9072198 ], [ -77.0613061, 38.907219 ], [ -77.0616649, 38.9072156 ] ] } },
{ "type": "Feature", "properties": { }, "geometry": { "type": "LineString", "coordinates": [ [ -77.0634443, 38.9076027 ], [ -77.0633785, 38.907615 ], [ -77.0633351, 38.9076168 ], [ -77.0630861, 38.9076269 ], [ -77.0628064, 38.9076308 ], [ -77.0613129, 38.9076436 ], [ -77.0612355, 38.9076443 ], [ -77.061149, 38.9076455 ], [ -77.0592856, 38.9076711 ], [ -77.0592043, 38.9076722 ], [ -77.0591331, 38.907673 ], [ -77.058228, 38.9076852 ], [ -77.0581454, 38.9076863 ], [ -77.0580531, 38.9076874 ], [ -77.0571738, 38.9076973 ], [ -77.0570749, 38.9076984 ] ] } },
{ "type": "Feature", "properties": { }, "geometry": { "type": "LineString", "coordinates": [ [ -77.0600089, 38.9084858 ], [ -77.0600067, 38.9084225 ], [ -77.0599968, 38.90814 ], [ -77.0599958, 38.9081214 ], [ -77.0599968, 38.908113 ], [ -77.0600035, 38.9081037 ], [ -77.0600134, 38.9080925 ], [ -77.0600232, 38.9080868 ], [ -77.0600356, 38.908084 ], [ -77.0600584, 38.9080828 ], [ -77.0608504, 38.9080732 ] ] } },
{ "type": "Feature", "properties": { }, "geometry": { "type": "LineString", "coordinates": [ [ -77.0548208, 38.9085614 ], [ -77.0548456, 38.9085594 ], [ -77.0548682, 38.9085591 ], [ -77.0549625, 38.9085576 ], [ -77.0557561, 38.9085477 ], [ -77.0558363, 38.9085467 ], [ -77.0559231, 38.9085452 ], [ -77.0570222, 38.9085288 ], [ -77.0570933, 38.9085277 ], [ -77.0571903, 38.9085262 ], [ -77.058083, 38.9085124 ], [ -77.0581624, 38.9085111 ], [ -77.0582418, 38.9085107 ], [ -77.0591293, 38.908498 ], [ -77.0592209, 38.9084969 ], [ -77.0593151, 38.9084956 ], [ -77.0600089, 38.9084858 ], [ -77.061161, 38.9084662 ], [ -77.0612504, 38.9084646 ], [ -77.0613431, 38.908464 ], [ -77.0633192, 38.9084509 ], [ -77.0636831, 38.9084455 ], [ -77.0637709, 38.9084293 ], [ -77.0637874, 38.9084262 ], [ -77.0638654, 38.908399 ] ] } },
{ "type": "Feature", "properties": { }, "geometry": { "type": "LineString", "coordinates": [ [ -77.0591638, 38.9052259 ], [ -77.0591666, 38.9053444 ], [ -77.0591702, 38.9055795 ], [ -77.0591706, 38.9056855 ], [ -77.0591742, 38.9060126 ], [ -77.0591749, 38.9060791 ], [ -77.0591774, 38.906139 ], [ -77.0591849, 38.9067821 ], [ -77.0591858, 38.9068475 ], [ -77.0591875, 38.9069085 ], [ -77.0592028, 38.9076078 ], [ -77.0592043, 38.9076722 ], [ -77.0592084, 38.9077347 ], [ -77.0592197, 38.9084355 ], [ -77.0592209, 38.9084969 ], [ -77.059222, 38.9085641 ], [ -77.0592318, 38.9092708 ], [ -77.0592327, 38.9093358 ], [ -77.0592345, 38.9093928 ], [ -77.0592464, 38.9097785 ], [ -77.0592607, 38.9104456 ], [ -77.0592624, 38.9105292 ], [ -77.0592628, 38.910587 ], [ -77.0592639, 38.9107586 ], [ -77.0592664, 38.9108955 ], [ -77.0592685, 38.9109852 ], [ -77.0592741, 38.9113 ], [ -77.0592802, 38.9116149 ], [ -77.0592808, 38.911645 ], [ -77.0592866, 38.911935 ], [ -77.0592916, 38.9122495 ], [ -77.0592951, 38.9124873 ], [ -77.0592937, 38.9125206 ], [ -77.0592906, 38.9125539 ] ] } },
{ "type": "Feature", "properties": { }, "geometry": { "type": "LineString", "coordinates": [ [ -77.0608033, 38.9093156 ], [ -77.060804, 38.9093619 ], [ -77.0608041, 38.909368 ], [ -77.0608081, 38.9097708 ] ] } },
{ "type": "Feature", "properties": { }, "geometry": { "type": "LineString", "coordinates": [ [ -77.0570287, 38.9052445 ], [ -77.0570305, 38.9053357 ], [ -77.0570488, 38.9060323 ], [ -77.0570505, 38.9060975 ], [ -77.0570621, 38.9068014 ], [ -77.0570633, 38.9068699 ], [ -77.057064, 38.9069291 ], [ -77.0570738, 38.9076336 ], [ -77.0570749, 38.9076984 ] ] } },
{ "type": "Feature", "properties": { }, "geometry": { "type": "LineString", "coordinates": [ [ -77.0581326, 38.9071703 ], [ -77.0582142, 38.9071697 ], [ -77.0587974, 38.9071657 ], [ -77.0587974, 38.9073851 ] ] } },
{ "type": "Feature", "properties": { }, "geometry": { "type": "LineString", "coordinates": [ [ -77.0580824, 38.9040932 ], [ -77.0581065, 38.904833 ], [ -77.0581153, 38.9051181 ], [ -77.0581191, 38.9052411 ], [ -77.0581198, 38.9053502 ], [ -77.0581245, 38.9055746 ], [ -77.0581245, 38.9056042 ], [ -77.0581219, 38.9060201 ], [ -77.0581222, 38.906087 ], [ -77.0581224, 38.906159 ], [ -77.058128, 38.9067857 ], [ -77.0581269, 38.9068576 ], [ -77.0581284, 38.9069376 ], [ -77.0581326, 38.9071703 ], [ -77.0581436, 38.9076126 ], [ -77.0581454, 38.9076863 ], [ -77.0581609, 38.908439 ], [ -77.0581624, 38.9085111 ], [ -77.058164, 38.9085765 ], [ -77.0581828, 38.9092727 ], [ -77.0581848, 38.9093473 ], [ -77.0581857, 38.9093938 ], [ -77.0582057, 38.9104599 ], [ -77.0582061, 38.9105404 ], [ -77.0582078, 38.9106013 ], [ -77.0582117, 38.9108322 ], [ -77.0582119, 38.91091 ], [ -77.0582409, 38.9122612 ], [ -77.0582467, 38.9124979 ], [ -77.058248, 38.9125694 ] ] } },
{ "type": "Feature", "properties": { }, "geometry": { "type": "LineString", "coordinates": [ [ -77.0570749, 38.9076984 ], [ -77.0570918, 38.9084605 ], [ -77.0570933, 38.9085277 ], [ -77.057095, 38.9085958 ], [ -77.0571045, 38.9089777 ], [ -77.0571062, 38.9092631 ], [ -77.0571115, 38.9093568 ] ] } },
{ "type": "Feature", "properties": { }, "geometry": { "type": "LineString", "coordinates": [ [ -77.0524429, 38.9096618 ], [ -77.052607, 38.9096628 ], [ -77.0526882, 38.9096623 ], [ -77.0527716, 38.9096572 ], [ -77.0528386, 38.9096486 ], [ -77.0529111, 38.9096338 ], [ -77.053809, 38.9094215 ], [ -77.0538649, 38.9094105 ], [ -77.0539191, 38.9094042 ], [ -77.0539866, 38.9094023 ], [ -77.0546619, 38.9093866 ], [ -77.0547606, 38.9093857 ], [ -77.0548479, 38.9093847 ], [ -77.0555443, 38.9093754 ], [ -77.0556164, 38.9093745 ], [ -77.0556956, 38.9093733 ], [ -77.0570095, 38.9093545 ], [ -77.0571115, 38.9093568 ], [ -77.0571953, 38.9093602 ], [ -77.0580972, 38.9093481 ], [ -77.0581848, 38.9093473 ], [ -77.0582794, 38.9093463 ], [ -77.0591263, 38.909337 ], [ -77.0592327, 38.9093358 ], [ -77.0593166, 38.9093348 ], [ -77.0608033, 38.9093156 ], [ -77.0613515, 38.9093077 ], [ -77.0614426, 38.9093064 ], [ -77.0615308, 38.9093047 ], [ -77.0633581, 38.9092779 ], [ -77.0640981, 38.9092677 ], [ -77.0641812, 38.9092472 ], [ -77.0642966, 38.9092118 ] ] } },
{ "type": "Feature", "properties": { }, "geometry": { "type": "LineString", "coordinates": [ [ -77.0571237, 38.9097842 ], [ -77.057207, 38.9097826 ], [ -77.0577091, 38.9097731 ] ] } },
{ "type": "Feature", "properties": { }, "geometry": { "type": "LineString", "coordinates": [ [ -77.0571115, 38.9093568 ], [ -77.0571155, 38.9094178 ], [ -77.0571237, 38.9097842 ], [ -77.0571435, 38.9104678 ], [ -77.057146, 38.9105537 ], [ -77.0571502, 38.9106123 ], [ -77.0571808, 38.9121028 ], [ -77.057189, 38.9125094 ], [ -77.0571906, 38.9125223 ], [ -77.0571934, 38.9125341 ], [ -77.0571997, 38.9125468 ], [ -77.0572135, 38.9125606 ] ] } },
{ "type": "Feature", "properties": { }, "geometry": { "type": "LineString", "coordinates": [ [ -77.0582409, 38.9122612 ], [ -77.0581685, 38.9122621 ], [ -77.0580974, 38.9122629 ], [ -77.058086, 38.9122472 ], [ -77.0580807, 38.9121147 ], [ -77.0580143, 38.9119242 ], [ -77.0579727, 38.9118512 ], [ -77.0579419, 38.9116493 ] ] } },
{ "type": "Feature", "properties": { }, "geometry": { "type": "LineString", "coordinates": [ [ -77.0571808, 38.9121028 ], [ -77.0570919, 38.9121016 ], [ -77.0570152, 38.9121005 ], [ -77.056948, 38.9120854 ], [ -77.0569009, 38.9120633 ], [ -77.0568081, 38.9119909 ] ] } },
{ "type": "Feature", "properties": { }, "geometry": { "type": "LineString", "coordinates": [ [ -77.0564742, 38.9121787 ], [ -77.056364, 38.9122694 ], [ -77.0563437, 38.9123196 ], [ -77.0563868, 38.91243 ], [ -77.0564349, 38.9125601 ], [ -77.0565236, 38.9126971 ], [ -77.0565312, 38.9127848 ], [ -77.056521, 38.9129296 ], [ -77.05651, 38.9130245 ], [ -77.0566237, 38.913214 ], [ -77.0568454, 38.9134139 ], [ -77.0569827, 38.9135316 ], [ -77.0570495, 38.9135453 ], [ -77.0571903, 38.913507 ], [ -77.057317, 38.9134769 ], [ -77.057412, 38.9135152 ], [ -77.0575, 38.9136494 ], [ -77.0575739, 38.9137124 ], [ -77.0577428, 38.9137754 ], [ -77.0579927, 38.9137124 ], [ -77.0583482, 38.9136549 ], [ -77.0587423, 38.9136686 ] ] } },
{ "type": "Feature", "properties": { }, "geometry": { "type": "LineString", "coordinates": [ [ -77.060111, 38.9097724 ], [ -77.0601831, 38.9097411 ], [ -77.0604121, 38.9097375 ], [ -77.0604709, 38.9097742 ] ] } },
{ "type": "Feature", "properties": { }, "geometry": { "type": "LineString", "coordinates": [ [ -77.0604709, 38.9097742 ], [ -77.0608081, 38.9097708 ], [ -77.0609901, 38.909769 ] ] } },
{ "type": "Feature", "properties": { }, "geometry": { "type": "LineString", "coordinates": [ [ -77.0592464, 38.9097785 ], [ -77.0593158, 38.909778 ], [ -77.060111, 38.9097724 ] ] } },
{ "type": "Feature", "properties": { }, "geometry": { "type": "LineString", "coordinates": [ [ -77.0549495, 38.9105901 ], [ -77.0550653, 38.9105887 ], [ -77.0570631, 38.9105546 ], [ -77.057146, 38.9105537 ], [ -77.0572309, 38.910552 ], [ -77.0581202, 38.9105421 ], [ -77.0582061, 38.9105404 ], [ -77.0582869, 38.9105392 ], [ -77.0591741, 38.9105301 ], [ -77.0592624, 38.9105292 ], [ -77.0593425, 38.9105281 ], [ -77.0610732, 38.9105063 ], [ -77.0618516, 38.9104957 ], [ -77.0619558, 38.9104942 ], [ -77.0620489, 38.9104938 ], [ -77.0625275, 38.9104896 ], [ -77.063229, 38.910482 ], [ -77.0637547, 38.9104718 ], [ -77.063826, 38.9104704 ], [ -77.063908, 38.9104659 ], [ -77.0643077, 38.9104441 ], [ -77.0644519, 38.9104363 ], [ -77.0644954, 38.9104334 ], [ -77.0647234, 38.9104205 ], [ -77.0648207, 38.9104039 ], [ -77.0649097, 38.9103735 ] ] } },
{ "type": "Feature", "properties": { }, "geometry": { "type": "LineString", "coordinates": [ [ -77.0610732, 38.9105063 ], [ -77.0610911, 38.9105621 ], [ -77.0612183, 38.9109587 ], [ -77.0611792, 38.9110095 ] ] } },
{ "type": "Feature", "properties": { }, "geometry": { "type": "LineString", "coordinates": [ [ -77.0592664, 38.9108955 ], [ -77.0591941, 38.9108966 ], [ -77.0587427, 38.9109032 ], [ -77.0582889, 38.910909 ], [ -77.0582119, 38.91091 ] ] } },
{ "type": "Feature", "properties": { }, "geometry": { "type": "LineString", "coordinates": [ [ -77.0611792, 38.9110095 ], [ -77.0611194, 38.9109458 ], [ -77.0609727, 38.9109426 ], [ -77.0608637, 38.9109401 ] ] } },
{ "type": "Feature", "properties": { }, "geometry": { "type": "LineString", "coordinates": [ [ -77.0608478, 38.9109724 ], [ -77.0603235, 38.9109702 ], [ -77.0597381, 38.9109785 ], [ -77.0593458, 38.9109841 ], [ -77.0592685, 38.9109852 ] ] } },
{ "type": "Feature", "properties": { }, "geometry": { "type": "LineString", "coordinates": [ [ -77.0587427, 38.9109032 ], [ -77.0587465, 38.9111926 ] ] } },
{ "type": "Feature", "properties": { }, "geometry": { "type": "LineString", "coordinates": [ [ -77.0608637, 38.9109401 ], [ -77.0608478, 38.9109724 ], [ -77.0608332, 38.9109997 ], [ -77.0608972, 38.9111473 ], [ -77.0608995, 38.9112366 ], [ -77.060901, 38.9112933 ] ] } },
{ "type": "Feature", "properties": { }, "geometry": { "type": "LineString", "coordinates": [ [ -77.0698906, 38.9050288 ], [ -77.0701437, 38.9050248 ], [ -77.07022, 38.9050234 ] ] } },
{ "type": "Feature", "properties": { }, "geometry": { "type": "LineString", "coordinates": [ [ -77.0698906, 38.9050288 ], [ -77.0690542, 38.9050497 ] ] } },
{ "type": "Feature", "properties": { }, "geometry": { "type": "LineString", "coordinates": [ [ -77.068964, 38.9050523 ], [ -77.0690542, 38.9050497 ] ] } },
{ "type": "Feature", "properties": { }, "geometry": { "type": "LineString", "coordinates": [ [ -77.0686937, 38.9050608 ], [ -77.0688224, 38.905058 ], [ -77.068964, 38.9050523 ] ] } },
{ "type": "Feature", "properties": { }, "geometry": { "type": "LineString", "coordinates": [ [ -77.0682718, 38.9050633 ], [ -77.0686112, 38.9050617 ], [ -77.0686937, 38.9050608 ] ] } },
{ "type": "Feature", "properties": { }, "geometry": { "type": "LineString", "coordinates": [ [ -77.07022, 38.9050234 ], [ -77.0702363, 38.9051187 ], [ -77.0702434, 38.9052261 ], [ -77.0702453, 38.9052803 ] ] } },
{ "type": "Feature", "properties": { }, "geometry": { "type": "LineString", "coordinates": [ [ -77.0709583, 38.9050822 ], [ -77.0709562, 38.9051195 ], [ -77.0709626, 38.9053206 ] ] } },
{ "type": "Feature", "properties": { }, "geometry": { "type": "LineString", "coordinates": [ [ -77.0702434, 38.9052261 ], [ -77.0704874, 38.9052261 ] ] } },
{ "type": "Feature", "properties": { }, "geometry": { "type": "LineString", "coordinates": [ [ -77.0707812, 38.905076 ], [ -77.070782, 38.9051139 ], [ -77.070788, 38.9053991 ], [ -77.0705905, 38.9054044 ], [ -77.0705444, 38.9053871 ], [ -77.070495, 38.9053442 ], [ -77.0704874, 38.9052261 ], [ -77.0704868, 38.9052175 ], [ -77.0704775, 38.9051121 ], [ -77.0704737, 38.905069 ] ] } },
{ "type": "Feature", "properties": { }, "geometry": { "type": "LineString", "coordinates": [ [ -77.0689796, 38.9059051 ], [ -77.0689799, 38.9058387 ], [ -77.0689739, 38.9054808 ], [ -77.0689664, 38.9051658 ], [ -77.0689659, 38.9051422 ], [ -77.068964, 38.9050523 ] ] } },
{ "type": "Feature", "properties": { }, "geometry": { "type": "LineString", "coordinates": [ [ -77.0623528, 38.9051855 ], [ -77.0623537, 38.9052764 ], [ -77.062354, 38.905304 ], [ -77.0623564, 38.9055355 ], [ -77.0626908, 38.9055322 ], [ -77.062819, 38.9055309 ] ] } },
{ "type": "Feature", "properties": { }, "geometry": { "type": "LineString", "coordinates": [ [ -77.0628107, 38.9051778 ], [ -77.0628135, 38.905297 ], [ -77.062819, 38.9055309 ], [ -77.0628202, 38.9055805 ] ] } },
{ "type": "Feature", "properties": { }, "geometry": { "type": "LineString", "coordinates": [ [ -77.0619685, 38.9051914 ], [ -77.0619713, 38.9052819 ], [ -77.0619778, 38.9056552 ] ] } },
{ "type": "Feature", "properties": { }, "geometry": { "type": "LineString", "coordinates": [ [ -77.065203, 38.9055612 ], [ -77.0651206, 38.9055624 ], [ -77.0650345, 38.9055637 ], [ -77.0648795, 38.9055691 ], [ -77.0647261, 38.9055691 ], [ -77.0647331, 38.9056797 ] ] } },
{ "type": "Feature", "properties": { }, "geometry": { "type": "LineString", "coordinates": [ [ -77.0611912, 38.9056673 ], [ -77.0612592, 38.9056689 ], [ -77.0618793, 38.9056611 ], [ -77.0619191, 38.9056588 ], [ -77.0619778, 38.9056552 ], [ -77.0626957, 38.9056447 ], [ -77.0628217, 38.9056429 ] ] } },
{ "type": "Feature", "properties": { }, "geometry": { "type": "LineString", "coordinates": [ [ -77.0628202, 38.9055805 ], [ -77.0628217, 38.9056429 ], [ -77.0628297, 38.905979 ], [ -77.0628312, 38.9060408 ] ] } },
{ "type": "Feature", "properties": { }, "geometry": { "type": "LineString", "coordinates": [ [ -77.0646021, 38.9060055 ], [ -77.0646065, 38.9060568 ], [ -77.0646112, 38.9061115 ], [ -77.0646581, 38.9061303 ], [ -77.0646662, 38.9063224 ] ] } },
{ "type": "Feature", "properties": { }, "geometry": { "type": "LineString", "coordinates": [ [ -77.0628312, 38.9060408 ], [ -77.0628339, 38.9061142 ], [ -77.0628438, 38.9063805 ], [ -77.062846, 38.906414 ], [ -77.06286, 38.90647 ] ] } },
{ "type": "Feature", "properties": { }, "geometry": { "type": "LineString", "coordinates": [ [ -77.0633419, 38.9060302 ], [ -77.0633425, 38.9060774 ], [ -77.063352, 38.9068076 ], [ -77.0633528, 38.9068735 ] ] } },
{ "type": "Feature", "properties": { }, "geometry": { "type": "LineString", "coordinates": [ [ -77.062351, 38.9068115 ], [ -77.0623499, 38.9067513 ], [ -77.0623464, 38.9065637 ] ] } },
{ "type": "Feature", "properties": { }, "geometry": { "type": "LineString", "coordinates": [ [ -77.0678437, 38.9054461 ], [ -77.067916, 38.905441 ], [ -77.0679393, 38.9054393 ], [ -77.0681645, 38.9054352 ] ] } },
{ "type": "Feature", "properties": { }, "geometry": { "type": "LineString", "coordinates": [ [ -77.0670805, 38.9050912 ], [ -77.0670845, 38.9051762 ], [ -77.0670857, 38.9052214 ], [ -77.0670981, 38.9055316 ], [ -77.0671107, 38.9058858 ], [ -77.0671127, 38.9059443 ] ] } },
{ "type": "Feature", "properties": { }, "geometry": { "type": "LineString", "coordinates": [ [ -77.0678282, 38.9059293 ], [ -77.0678544, 38.9058615 ], [ -77.0678437, 38.9054461 ], [ -77.0678406, 38.9053236 ] ] } },
{ "type": "Feature", "properties": { }, "geometry": { "type": "LineString", "coordinates": [ [ -77.0660502, 38.9051145 ], [ -77.0660725, 38.9051989 ], [ -77.0660911, 38.9059062 ], [ -77.0660917, 38.9059681 ], [ -77.0660917, 38.906051 ], [ -77.0661007, 38.9067447 ], [ -77.0660866, 38.9068109 ] ] } },
{ "type": "Feature", "properties": { }, "geometry": { "type": "LineString", "coordinates": [ [ -77.0689796, 38.9059051 ], [ -77.0688772, 38.9059072 ], [ -77.0679198, 38.9059273 ], [ -77.0678282, 38.9059293 ], [ -77.0677473, 38.905931 ], [ -77.0671127, 38.9059443 ], [ -77.0661662, 38.9059628 ], [ -77.0660917, 38.9059681 ], [ -77.0660078, 38.9059721 ], [ -77.0652994, 38.9059864 ], [ -77.0652153, 38.9059877 ], [ -77.0651358, 38.9059896 ], [ -77.0646021, 38.9060055 ], [ -77.0644566, 38.9060084 ], [ -77.0643636, 38.9060102 ], [ -77.0636303, 38.9060243 ], [ -77.0633419, 38.9060302 ], [ -77.0629753, 38.9060378 ], [ -77.0628312, 38.9060408 ] ] } },
{ "type": "Feature", "properties": { }, "geometry": { "type": "LineString", "coordinates": [ [ -77.0678034, 38.9063591 ], [ -77.0678805, 38.9063572 ], [ -77.06858, 38.9063397 ], [ -77.0688891, 38.9063339 ], [ -77.0689828, 38.9063322 ] ] } },
{ "type": "Feature", "properties": { }, "geometry": { "type": "LineString", "coordinates": [ [ -77.0652854, 38.9078227 ], [ -77.0652826, 38.9077569 ], [ -77.0652633, 38.9072983 ], [ -77.0652604, 38.9072239 ], [ -77.0652451, 38.9068914 ], [ -77.0652423, 38.90683 ], [ -77.0652403, 38.9067696 ], [ -77.065217, 38.9060458 ], [ -77.0652153, 38.9059877 ], [ -77.0652128, 38.9059303 ], [ -77.065203, 38.9055612 ], [ -77.0652025, 38.9055441 ], [ -77.0651936, 38.9052292 ], [ -77.0651908, 38.9051322 ] ] } },
{ "type": "Feature", "properties": { }, "geometry": { "type": "LineString", "coordinates": [ [ -77.0660776, 38.9072799 ], [ -77.0659825, 38.907282 ], [ -77.0653417, 38.9072965 ], [ -77.0652633, 38.9072983 ] ] } },
{ "type": "Feature", "properties": { }, "geometry": { "type": "LineString", "coordinates": [ [ -77.0678189, 38.9073754 ], [ -77.0677483, 38.9073764 ], [ -77.0675032, 38.90738 ], [ -77.0671202, 38.9073611 ], [ -77.0671011, 38.9072856 ], [ -77.0664586, 38.9072963 ] ] } },
{ "type": "Feature", "properties": { }, "geometry": { "type": "LineString", "coordinates": [ [ -77.0679681, 38.9077638 ], [ -77.0679105, 38.9077656 ], [ -77.0678276, 38.9077671 ], [ -77.0677528, 38.9077691 ], [ -77.0677194, 38.9077695 ] ] } },
{ "type": "Feature", "properties": { }, "geometry": { "type": "LineString", "coordinates": [ [ -77.055803, 38.9068806 ], [ -77.0558847, 38.90688 ], [ -77.0569829, 38.9068706 ], [ -77.0570633, 38.9068699 ], [ -77.0571456, 38.906869 ], [ -77.0580497, 38.9068585 ], [ -77.0581269, 38.9068576 ], [ -77.0582191, 38.9068567 ], [ -77.059108, 38.9068472 ], [ -77.0591858, 38.9068475 ], [ -77.0592723, 38.9068463 ], [ -77.0600837, 38.9068357 ], [ -77.0611285, 38.9068243 ], [ -77.0612135, 38.9068233 ], [ -77.0612958, 38.906819 ], [ -77.062351, 38.9068115 ], [ -77.0628951, 38.9068067 ], [ -77.0629303, 38.9068064 ], [ -77.0629705, 38.9068083 ], [ -77.0630058, 38.9068169 ], [ -77.0630366, 38.9068298 ], [ -77.0630767, 38.9068523 ], [ -77.0631106, 38.9068649 ], [ -77.0631477, 38.9068758 ], [ -77.0631819, 38.9068754 ], [ -77.0633528, 38.9068735 ], [ -77.0635914, 38.9068708 ], [ -77.0651449, 38.9068324 ], [ -77.0652423, 38.90683 ], [ -77.0653239, 38.9068282 ], [ -77.065997, 38.906813 ], [ -77.0660866, 38.9068109 ], [ -77.0661501, 38.9068096 ], [ -77.0677326, 38.9067758 ], [ -77.0678076, 38.9067741 ], [ -77.0678871, 38.9067729 ], [ -77.0689015, 38.9067474 ], [ -77.0689989, 38.906745 ], [ -77.0690955, 38.906743 ], [ -77.0702174, 38.9067194 ], [ -77.0702998, 38.9067176 ], [ -77.0703796, 38.906717 ], [ -77.0708474, 38.9067078 ], [ -77.0709924, 38.9067051 ], [ -77.0712571, 38.9066994 ], [ -77.071481, 38.9066938 ], [ -77.0715639, 38.906693 ] ] } },
{ "type": "Feature", "properties": { }, "geometry": { "type": "LineString", "coordinates": [ [ -77.0631982, 38.9071246 ], [ -77.0632756, 38.907098 ], [ -77.0636145, 38.9069817 ], [ -77.0636031, 38.9069272 ], [ -77.0635914, 38.9068708 ] ] } },
{ "type": "Feature", "properties": { }, "geometry": { "type": "LineString", "coordinates": [ [ -77.0634443, 38.9076027 ], [ -77.0634058, 38.9075279 ], [ -77.0631982, 38.9071246 ], [ -77.0631195, 38.906981 ], [ -77.0630366, 38.9068298 ], [ -77.062977, 38.9067159 ], [ -77.062919, 38.906605 ], [ -77.06286, 38.90647 ] ] } },
{ "type": "Feature", "properties": { }, "geometry": { "type": "LineString", "coordinates": [ [ -77.0638763, 38.9071635 ], [ -77.0637877, 38.9070195 ], [ -77.0637381, 38.9069871 ], [ -77.0636724, 38.9069788 ], [ -77.0636593, 38.9069795 ], [ -77.0636145, 38.9069817 ] ] } },
{ "type": "Feature", "properties": { }, "geometry": { "type": "LineString", "coordinates": [ [ -77.0652604, 38.9072239 ], [ -77.065181, 38.9072264 ], [ -77.0644596, 38.9072491 ] ] } },
{ "type": "Feature", "properties": { }, "geometry": { "type": "LineString", "coordinates": [ [ -77.0638729, 38.9074767 ], [ -77.0638763, 38.9071635 ], [ -77.0638816, 38.9070153 ] ] } },
{ "type": "Feature", "properties": { }, "geometry": { "type": "LineString", "coordinates": [ [ -77.0629743, 38.9073294 ], [ -77.0627222, 38.9074166 ] ] } },
{ "type": "Feature", "properties": { }, "geometry": { "type": "LineString", "coordinates": [ [ -77.0625472, 38.9071955 ], [ -77.0625633, 38.9071968 ], [ -77.0625796, 38.9072013 ], [ -77.0625955, 38.9072095 ], [ -77.0626119, 38.9072218 ], [ -77.0626275, 38.9072401 ], [ -77.0626451, 38.9072683 ], [ -77.0627222, 38.9074166 ], [ -77.0627649, 38.9075021 ], [ -77.0627837, 38.9075559 ], [ -77.0627861, 38.9075638 ], [ -77.0628064, 38.9076308 ] ] } },
{ "type": "Feature", "properties": { }, "geometry": { "type": "LineString", "coordinates": [ [ -77.0635882, 38.9078704 ], [ -77.0635542, 38.9078072 ], [ -77.0634443, 38.9076027 ] ] } },
{ "type": "Feature", "properties": { }, "geometry": { "type": "LineString", "coordinates": [ [ -77.0630861, 38.9076269 ], [ -77.0630884, 38.9076757 ], [ -77.0630909, 38.9077275 ], [ -77.0631709, 38.9078837 ], [ -77.0630515, 38.9079253 ] ] } },
{ "type": "Feature", "properties": { }, "geometry": { "type": "LineString", "coordinates": [ [ -77.0659368, 38.9078087 ], [ -77.0652854, 38.9078227 ], [ -77.065275, 38.9078229 ], [ -77.064336, 38.9078458 ], [ -77.0642774, 38.9078475 ], [ -77.063869, 38.9078561 ], [ -77.0637107, 38.9078612 ], [ -77.0636469, 38.9078632 ], [ -77.0635882, 38.9078704 ] ] } },
{ "type": "Feature", "properties": { }, "geometry": { "type": "LineString", "coordinates": [ [ -77.0647373, 38.9088313 ], [ -77.0647355, 38.9087641 ], [ -77.0647348, 38.908742 ], [ -77.0647204, 38.9082846 ], [ -77.0643531, 38.9082874 ], [ -77.0643391, 38.9079393 ], [ -77.0643378, 38.9079063 ], [ -77.064336, 38.9078458 ] ] } },
{ "type": "Feature", "properties": { }, "geometry": { "type": "LineString", "coordinates": [ [ -77.0641126, 38.9088636 ], [ -77.0640808, 38.9088037 ], [ -77.0640125, 38.9086752 ], [ -77.0638654, 38.908399 ], [ -77.063826, 38.9083239 ], [ -77.0636337, 38.9079572 ], [ -77.0635882, 38.9078704 ] ] } },
{ "type": "Feature", "properties": { }, "geometry": { "type": "LineString", "coordinates": [ [ -77.0640125, 38.9086752 ], [ -77.0639237, 38.9087014 ], [ -77.0635504, 38.9088113 ], [ -77.063431, 38.9087998 ], [ -77.0633934, 38.9087289 ], [ -77.0633264, 38.9087174 ], [ -77.0633201, 38.9085206 ], [ -77.0633198, 38.9084991 ], [ -77.0633192, 38.9084509 ] ] } },
{ "type": "Feature", "properties": { }, "geometry": { "type": "LineString", "coordinates": [ [ -77.0643395, 38.9088375 ], [ -77.0643387, 38.908774 ], [ -77.0643354, 38.9084941 ] ] } },
{ "type": "Feature", "properties": { }, "geometry": { "type": "LineString", "coordinates": [ [ -77.0643105, 38.9088381 ], [ -77.0643395, 38.9088375 ], [ -77.0643876, 38.9088369 ], [ -77.0646544, 38.9088326 ], [ -77.0647373, 38.9088313 ], [ -77.0651125, 38.9088202 ], [ -77.0651877, 38.9088171 ], [ -77.0655659, 38.9088056 ], [ -77.0656528, 38.9088046 ], [ -77.0659306, 38.9088001 ] ] } },
{ "type": "Feature", "properties": { }, "geometry": { "type": "LineString", "coordinates": [ [ -77.0641126, 38.9088636 ], [ -77.0641548, 38.9088525 ], [ -77.0641994, 38.9088435 ], [ -77.0642453, 38.9088395 ], [ -77.0643105, 38.9088381 ] ] } },
{ "type": "Feature", "properties": { }, "geometry": { "type": "LineString", "coordinates": [ [ -77.0642966, 38.9092118 ], [ -77.0642306, 38.909087 ], [ -77.0641126, 38.9088636 ] ] } },
{ "type": "Feature", "properties": { }, "geometry": { "type": "LineString", "coordinates": [ [ -77.0647372, 38.9093067 ], [ -77.0650028, 38.9092642 ], [ -77.0650484, 38.9092235 ], [ -77.0651302, 38.9092214 ], [ -77.065115, 38.9088777 ], [ -77.0651125, 38.9088202 ] ] } },
{ "type": "Feature", "properties": { }, "geometry": { "type": "LineString", "coordinates": [ [ -77.0648192, 38.9094947 ], [ -77.0647372, 38.9093067 ], [ -77.0646796, 38.9091745 ], [ -77.0646702, 38.9090618 ] ] } },
{ "type": "Feature", "properties": { }, "geometry": { "type": "LineString", "coordinates": [ [ -77.0677194, 38.9077695 ], [ -77.0662045, 38.9078029 ] ] } },
{ "type": "Feature", "properties": { }, "geometry": { "type": "LineString", "coordinates": [ [ -77.0662045, 38.9078029 ], [ -77.0661549, 38.907804 ], [ -77.0660801, 38.9078056 ], [ -77.0659865, 38.9078076 ], [ -77.0659368, 38.9078087 ] ] } },
{ "type": "Feature", "properties": { }, "geometry": { "type": "LineString", "coordinates": [ [ -77.0660847, 38.9080757 ], [ -77.0661493, 38.9080748 ], [ -77.0665354, 38.9080691 ], [ -77.0665394, 38.908223 ], [ -77.0666976, 38.9082198 ] ] } },
{ "type": "Feature", "properties": { }, "geometry": { "type": "LineString", "coordinates": [ [ -77.067831, 38.9083782 ], [ -77.0679171, 38.9083773 ], [ -77.0682428, 38.9083741 ] ] } },
{ "type": "Feature", "properties": { }, "geometry": { "type": "LineString", "coordinates": [ [ -77.0655659, 38.9088056 ], [ -77.0655648, 38.9087435 ], [ -77.0655589, 38.9084133 ] ] } },
{ "type": "Feature", "properties": { }, "geometry": { "type": "LineString", "coordinates": [ [ -77.0676937, 38.9087576 ], [ -77.0677603, 38.908756 ], [ -77.0678337, 38.9087543 ], [ -77.067923, 38.9087521 ], [ -77.0679607, 38.9087512 ] ] } },
{ "type": "Feature", "properties": { }, "geometry": { "type": "LineString", "coordinates": [ [ -77.066225, 38.9087922 ], [ -77.0676937, 38.9087576 ] ] } },
{ "type": "Feature", "properties": { }, "geometry": { "type": "LineString", "coordinates": [ [ -77.0659306, 38.9088001 ], [ -77.0660018, 38.908798 ], [ -77.0660924, 38.9087953 ], [ -77.0661617, 38.9087937 ], [ -77.066225, 38.9087922 ] ] } },
{ "type": "Feature", "properties": { }, "geometry": { "type": "LineString", "coordinates": [ [ -77.0656528, 38.9088046 ], [ -77.0656525, 38.9088659 ], [ -77.0656509, 38.9092535 ] ] } },
{ "type": "Feature", "properties": { }, "geometry": { "type": "LineString", "coordinates": [ [ -77.0670488, 38.9092271 ], [ -77.0670508, 38.9096995 ], [ -77.0670523, 38.9097685 ] ] } },
{ "type": "Feature", "properties": { }, "geometry": { "type": "LineString", "coordinates": [ [ -77.0643936, 38.9093974 ], [ -77.0643123, 38.9094247 ], [ -77.0641172, 38.9094901 ] ] } },
{ "type": "Feature", "properties": { }, "geometry": { "type": "LineString", "coordinates": [ [ -77.0611912, 38.9056673 ], [ -77.0611978, 38.9059372 ], [ -77.061205, 38.9063353 ], [ -77.0612084, 38.9067594 ], [ -77.0612135, 38.9068233 ], [ -77.0612144, 38.9068908 ], [ -77.0612254, 38.9072198 ], [ -77.061234, 38.9075803 ], [ -77.0612355, 38.9076443 ], [ -77.0612366, 38.9077025 ], [ -77.0612491, 38.9083955 ], [ -77.0612504, 38.9084646 ], [ -77.0612532, 38.9085309 ], [ -77.0612705, 38.9088484 ], [ -77.061275, 38.9088874 ], [ -77.061282, 38.908919 ], [ -77.0613044, 38.9089772 ], [ -77.0614046, 38.909216 ], [ -77.0614426, 38.9093064 ], [ -77.0614696, 38.9093662 ], [ -77.061536, 38.909513 ], [ -77.061631, 38.9097391 ], [ -77.0619186, 38.910421 ], [ -77.0619558, 38.9104942 ], [ -77.0619858, 38.9105585 ], [ -77.0623816, 38.911486 ], [ -77.0625024, 38.911758 ], [ -77.0627975, 38.9124529 ], [ -77.0630552, 38.913051 ], [ -77.0631129, 38.9131857 ], [ -77.0631211, 38.9132077 ], [ -77.0631265, 38.9132343 ], [ -77.0631304, 38.9133104 ] ] } },
{ "type": "Feature", "properties": { }, "geometry": { "type": "LineString", "coordinates": [ [ -77.0651774, 38.9098053 ], [ -77.0651763, 38.9097396 ], [ -77.0651703, 38.909395 ] ] } },
{ "type": "Feature", "properties": { }, "geometry": { "type": "LineString", "coordinates": [ [ -77.061631, 38.9097391 ], [ -77.0617084, 38.9097362 ], [ -77.0621567, 38.9097192 ] ] } },
{ "type": "Feature", "properties": { }, "geometry": { "type": "LineString", "coordinates": [ [ -77.0649097, 38.9103735 ], [ -77.0648618, 38.910282 ], [ -77.064626, 38.9098321 ], [ -77.0645949, 38.9097739 ], [ -77.0643936, 38.9093974 ], [ -77.0643478, 38.9093098 ], [ -77.0642966, 38.9092118 ] ] } },
{ "type": "Feature", "properties": { }, "geometry": { "type": "LineString", "coordinates": [ [ -77.063826, 38.9104704 ], [ -77.0638167, 38.9103981 ], [ -77.0637929, 38.9102137 ], [ -77.063787, 38.9101799 ], [ -77.0637772, 38.9101467 ], [ -77.0637639, 38.910114 ], [ -77.0637437, 38.9100727 ], [ -77.0637181, 38.9100203 ], [ -77.0633951, 38.9093596 ], [ -77.0633818, 38.9093288 ], [ -77.0633581, 38.9092779 ] ] } },
{ "type": "Feature", "properties": { }, "geometry": { "type": "LineString", "coordinates": [ [ -77.0644954, 38.9104334 ], [ -77.0644852, 38.910357 ], [ -77.0644803, 38.9103201 ], [ -77.0643945, 38.910153 ] ] } },
{ "type": "Feature", "properties": { }, "geometry": { "type": "LineString", "coordinates": [ [ -77.063229, 38.910482 ], [ -77.0632281, 38.910412 ], [ -77.0632245, 38.9101248 ], [ -77.0637146, 38.910115 ], [ -77.0637639, 38.910114 ] ] } },
{ "type": "Feature", "properties": { }, "geometry": { "type": "LineString", "coordinates": [ [ -77.0631314, 38.9103276 ], [ -77.0628164, 38.9103381 ], [ -77.0627106, 38.9103608 ], [ -77.0626139, 38.9103941 ], [ -77.0625642, 38.9104207 ], [ -77.0625275, 38.9104896 ] ] } },
{ "type": "Feature", "properties": { }, "geometry": { "type": "LineString", "coordinates": [ [ -77.0649097, 38.9103735 ], [ -77.0649527, 38.9104537 ] ] } },
{ "type": "Feature", "properties": { }, "geometry": { "type": "LineString", "coordinates": [ [ -77.0660866, 38.9068109 ], [ -77.0660733, 38.9068736 ], [ -77.0660776, 38.9072799 ], [ -77.0660798, 38.9077421 ], [ -77.0660801, 38.9078056 ], [ -77.0660811, 38.9078637 ], [ -77.0660847, 38.9080757 ], [ -77.0660917, 38.9087311 ], [ -77.0660924, 38.9087953 ], [ -77.066093, 38.9088525 ], [ -77.0660993, 38.9094536 ], [ -77.066102, 38.9097191 ], [ -77.0661027, 38.909786 ], [ -77.0661034, 38.9098416 ], [ -77.0661149, 38.9107029 ], [ -77.0661157, 38.9107673 ], [ -77.0661171, 38.9108327 ], [ -77.0661224, 38.9110724 ], [ -77.066128, 38.9117565 ], [ -77.0661321, 38.9122511 ], [ -77.0661302, 38.9122846 ], [ -77.0661218, 38.9123124 ], [ -77.0661068, 38.9123347 ], [ -77.0660796, 38.9123539 ], [ -77.0660492, 38.9123708 ], [ -77.0659846, 38.9123996 ] ] } },
{ "type": "Feature", "properties": { }, "geometry": { "type": "LineString", "coordinates": [ [ -77.064626, 38.9098321 ], [ -77.0646694, 38.9098198 ], [ -77.0647128, 38.9098144 ], [ -77.0647303, 38.9098141 ], [ -77.0651774, 38.9098053 ], [ -77.0654903, 38.9097988 ], [ -77.0660161, 38.9097878 ], [ -77.0661027, 38.909786 ], [ -77.0661782, 38.9097846 ], [ -77.0670523, 38.9097685 ], [ -77.0677791, 38.9097509 ], [ -77.0678504, 38.9097492 ], [ -77.0679298, 38.9097474 ], [ -77.0690365, 38.9097217 ], [ -77.069126, 38.9097196 ] ] } },
{ "type": "Feature", "properties": { }, "geometry": { "type": "LineString", "coordinates": [ [ -77.0655053, 38.9101985 ], [ -77.0654925, 38.9098572 ], [ -77.0654903, 38.9097988 ] ] } },
{ "type": "Feature", "properties": { }, "geometry": { "type": "LineString", "coordinates": [ [ -77.0679254, 38.9150064 ], [ -77.0679218, 38.9149842 ], [ -77.0679199, 38.9148736 ], [ -77.0679146, 38.9145629 ], [ -77.0679105, 38.9142057 ], [ -77.0679053, 38.913757 ], [ -77.0679046, 38.9137008 ], [ -77.0679037, 38.9136406 ], [ -77.0678955, 38.9130934 ], [ -77.0678929, 38.9127685 ], [ -77.0678925, 38.9127185 ], [ -77.0678916, 38.912644 ], [ -77.067881, 38.9117825 ], [ -77.0678804, 38.9117267 ], [ -77.0678793, 38.9116664 ], [ -77.0678669, 38.9109721 ], [ -77.0678651, 38.9107904 ], [ -77.0678646, 38.9107318 ], [ -77.0678639, 38.91067 ], [ -77.0678512, 38.9098036 ], [ -77.0678504, 38.9097492 ], [ -77.0678493, 38.9096837 ], [ -77.0678348, 38.9088179 ], [ -77.0678337, 38.9087543 ], [ -77.0678333, 38.908696 ], [ -77.067831, 38.9083782 ], [ -77.067828, 38.907832 ], [ -77.0678276, 38.9077671 ], [ -77.0678259, 38.9077047 ], [ -77.0678189, 38.9073754 ], [ -77.0678087, 38.9068335 ], [ -77.0678076, 38.9067741 ], [ -77.0678061, 38.9067122 ], [ -77.0678034, 38.9063591 ], [ -77.0677995, 38.9059964 ], [ -77.0678282, 38.9059293 ] ] } },
{ "type": "Feature", "properties": { }, "geometry": { "type": "LineString", "coordinates": [ [ -77.0668103, 38.9107521 ], [ -77.0668085, 38.9106953 ], [ -77.0667986, 38.9103726 ], [ -77.0667947, 38.9102421 ] ] } },
{ "type": "Feature", "properties": { }, "geometry": { "type": "LineString", "coordinates": [ [ -77.068209, 38.9107236 ], [ -77.0682074, 38.9106607 ], [ -77.0682056, 38.9105935 ] ] } },
{ "type": "Feature", "properties": { }, "geometry": { "type": "LineString", "coordinates": [ [ -77.0653945, 38.9107769 ], [ -77.0653906, 38.9107142 ], [ -77.0653856, 38.910633 ], [ -77.0652134, 38.910633 ], [ -77.0651549, 38.9106533 ], [ -77.0650746, 38.9106812 ] ] } },
{ "type": "Feature", "properties": { }, "geometry": { "type": "LineString", "coordinates": [ [ -77.0651401, 38.9108028 ], [ -77.0651868, 38.9107897 ], [ -77.065226, 38.9107809 ], [ -77.0652512, 38.9107785 ], [ -77.0653945, 38.9107769 ], [ -77.066031, 38.9107684 ], [ -77.0661157, 38.9107673 ], [ -77.0661884, 38.9107657 ], [ -77.0668103, 38.9107521 ], [ -77.0677995, 38.9107331 ], [ -77.0678646, 38.9107318 ], [ -77.0679501, 38.9107277 ], [ -77.068209, 38.9107236 ], [ -77.0685222, 38.9107185 ], [ -77.0690744, 38.9107071 ], [ -77.0691636, 38.9107052 ] ] } },
{ "type": "Feature", "properties": { }, "geometry": { "type": "LineString", "coordinates": [ [ -77.0678669, 38.9109721 ], [ -77.0679512, 38.91097 ], [ -77.0682048, 38.9109638 ], [ -77.0682213, 38.910975 ], [ -77.0682304, 38.9110613 ], [ -77.0682524, 38.9110663 ], [ -77.0685288, 38.9110618 ] ] } },
{ "type": "Feature", "properties": { }, "geometry": { "type": "LineString", "coordinates": [ [ -77.0661224, 38.9110724 ], [ -77.0660357, 38.9110736 ], [ -77.065794, 38.9110769 ] ] } },
{ "type": "Feature", "properties": { }, "geometry": { "type": "LineString", "coordinates": [ [ -77.0647377, 38.9105052 ], [ -77.0646629, 38.9105095 ] ] } },
{ "type": "Feature", "properties": { }, "geometry": { "type": "LineString", "coordinates": [ [ -77.0646629, 38.9105095 ], [ -77.0645645, 38.9105147 ] ] } },
{ "type": "Feature", "properties": { }, "geometry": { "type": "LineString", "coordinates": [ [ -77.0645645, 38.9105147 ], [ -77.0644917, 38.9105185 ] ] } },
{ "type": "Feature", "properties": { }, "geometry": { "type": "LineString", "coordinates": [ [ -77.0647447, 38.9105701 ], [ -77.0647553, 38.9105668 ], [ -77.0648451, 38.910539 ], [ -77.064888, 38.9105257 ], [ -77.0649766, 38.9104982 ] ] } },
{ "type": "Feature", "properties": { }, "geometry": { "type": "LineString", "coordinates": [ [ -77.0644519, 38.9104363 ], [ -77.0644789, 38.910492 ], [ -77.0644917, 38.9105185 ], [ -77.0645293, 38.9105839 ], [ -77.0645904, 38.9106901 ], [ -77.0647527, 38.9106446 ], [ -77.0647447, 38.9105701 ], [ -77.0647377, 38.9105052 ], [ -77.0647333, 38.9104793 ], [ -77.0647234, 38.9104205 ] ] } },
{ "type": "Feature", "properties": { }, "geometry": { "type": "LineString", "coordinates": [ [ -77.0648686, 38.9105819 ], [ -77.0648451, 38.910539 ] ] } },
{ "type": "Feature", "properties": { }, "geometry": { "type": "LineString", "coordinates": [ [ -77.0647447, 38.9105701 ], [ -77.0646694, 38.910575 ] ] } },
{ "type": "Feature", "properties": { }, "geometry": { "type": "LineString", "coordinates": [ [ -77.0646694, 38.910575 ], [ -77.0645712, 38.9105812 ] ] } },
{ "type": "Feature", "properties": { }, "geometry": { "type": "LineString", "coordinates": [ [ -77.0652134, 38.910633 ], [ -77.0651671, 38.91053 ], [ -77.0651021, 38.9105515 ], [ -77.0650197, 38.9105788 ] ] } },
{ "type": "Feature", "properties": { }, "geometry": { "type": "LineString", "coordinates": [ [ -77.0645712, 38.9105812 ], [ -77.0645293, 38.9105839 ] ] } },
{ "type": "Feature", "properties": { }, "geometry": { "type": "LineString", "coordinates": [ [ -77.0607964, 38.9112764 ], [ -77.0597366, 38.9112937 ], [ -77.0593883, 38.9112985 ], [ -77.0593505, 38.9112995 ], [ -77.0592741, 38.9113 ] ] } },
{ "type": "Feature", "properties": { }, "geometry": { "type": "LineString", "coordinates": [ [ -77.0609258, 38.9117095 ], [ -77.0609913, 38.9117091 ], [ -77.0610378, 38.9117089 ], [ -77.061116, 38.9117064 ], [ -77.0611925, 38.9116983 ], [ -77.0617369, 38.9116057 ], [ -77.0623103, 38.9114992 ], [ -77.0623816, 38.911486 ] ] } },
{ "type": "Feature", "properties": { }, "geometry": { "type": "LineString", "coordinates": [ [ -77.0592802, 38.9116149 ], [ -77.0593586, 38.911614 ], [ -77.0597443, 38.9116097 ], [ -77.0608646, 38.9116009 ], [ -77.060927, 38.9116004 ] ] } },
{ "type": "Feature", "properties": { }, "geometry": { "type": "LineString", "coordinates": [ [ -77.0597381, 38.9109785 ], [ -77.0597368, 38.9112482 ], [ -77.0597366, 38.9112937 ], [ -77.0597379, 38.9113452 ], [ -77.0597443, 38.9116097 ], [ -77.0597542, 38.9118775 ], [ -77.0597577, 38.9119302 ], [ -77.0597557, 38.9119772 ], [ -77.0597615, 38.9122419 ], [ -77.0593703, 38.9122493 ], [ -77.0592916, 38.9122495 ] ] } },
{ "type": "Feature", "properties": { }, "geometry": { "type": "LineString", "coordinates": [ [ -77.0592866, 38.911935 ], [ -77.0593642, 38.9119344 ], [ -77.0597577, 38.9119302 ], [ -77.0608248, 38.9119189 ], [ -77.0608685, 38.9119183 ], [ -77.0609271, 38.9119178 ] ] } },
{ "type": "Feature", "properties": { }, "geometry": { "type": "LineString", "coordinates": [ [ -77.0609284, 38.9128358 ], [ -77.0609349, 38.9128167 ], [ -77.0609421, 38.912794 ], [ -77.0609445, 38.9127743 ], [ -77.060941, 38.912442 ], [ -77.0609394, 38.9123817 ], [ -77.060939, 38.9123655 ], [ -77.0609353, 38.9122281 ], [ -77.0609271, 38.9119178 ], [ -77.0609267, 38.9118468 ], [ -77.0609258, 38.9117095 ], [ -77.060927, 38.9116004 ], [ -77.0609251, 38.9113597 ], [ -77.0609222, 38.9113348 ], [ -77.060916, 38.9113123 ], [ -77.060901, 38.9112933 ], [ -77.0608728, 38.911281 ], [ -77.0608381, 38.9112766 ], [ -77.0607964, 38.9112764 ] ] } },
{ "type": "Feature", "properties": { }, "geometry": { "type": "LineString", "coordinates": [ [ -77.060939, 38.9123655 ], [ -77.0610033, 38.912365 ], [ -77.0613603, 38.9124322 ], [ -77.0613858, 38.9124327 ], [ -77.0614132, 38.9124176 ], [ -77.0614273, 38.9123947 ], [ -77.0614199, 38.9123609 ], [ -77.0612057, 38.9118515 ], [ -77.0611803, 38.911841 ], [ -77.0609935, 38.9118473 ], [ -77.0609267, 38.9118468 ] ] } },
{ "type": "Feature", "properties": { }, "geometry": { "type": "LineString", "coordinates": [ [ -77.0604772, 38.9123224 ], [ -77.0604706, 38.9122455 ], [ -77.060871, 38.9122302 ], [ -77.0609353, 38.9122281 ] ] } },
{ "type": "Feature", "properties": { }, "geometry": { "type": "LineString", "coordinates": [ [ -77.0597615, 38.9122419 ], [ -77.0604772, 38.9123224 ], [ -77.060495, 38.9123977 ], [ -77.060751, 38.9123915 ], [ -77.0608717, 38.9123915 ], [ -77.0609394, 38.9123817 ] ] } },
{ "type": "Feature", "properties": { }, "geometry": { "type": "LineString", "coordinates": [ [ -77.0591451, 38.9124081 ], [ -77.0591365, 38.9123324 ], [ -77.0591168, 38.9122021 ], [ -77.0590772, 38.9121481 ], [ -77.0590042, 38.9121225 ], [ -77.0589393, 38.9121207 ], [ -77.0588656, 38.9121493 ], [ -77.0587981, 38.9122023 ], [ -77.0587745, 38.9122572 ], [ -77.0587556, 38.9123011 ], [ -77.0587727, 38.9124935 ], [ -77.0587786, 38.9125604 ] ] } },
{ "type": "Feature", "properties": { }, "geometry": { "type": "LineString", "coordinates": [ [ -77.0538938, 38.910601 ], [ -77.053892, 38.9105284 ], [ -77.0538872, 38.9103283 ] ] } },
{ "type": "Feature", "properties": { }, "geometry": { "type": "LineString", "coordinates": [ [ -77.0533669, 38.9106082 ], [ -77.0533642, 38.9105359 ], [ -77.0533636, 38.9105197 ], [ -77.0533555, 38.9105038 ], [ -77.0533352, 38.9104913 ], [ -77.0533014, 38.9104871 ], [ -77.0531367, 38.910488 ], [ -77.0531211, 38.9104942 ], [ -77.0531093, 38.9105059 ], [ -77.0531072, 38.9105226 ], [ -77.0531073, 38.9105395 ], [ -77.0531077, 38.9106118 ] ] } },
{ "type": "Feature", "properties": { }, "geometry": { "type": "LineString", "coordinates": [ [ -77.0538938, 38.910601 ], [ -77.0548739, 38.9105909 ], [ -77.0549495, 38.9105901 ] ] } },
{ "type": "Feature", "properties": { }, "geometry": { "type": "LineString", "coordinates": [ [ -77.051982, 38.9106298 ], [ -77.0520818, 38.9106266 ], [ -77.0523144, 38.9106221 ], [ -77.0524795, 38.910619 ], [ -77.0525831, 38.9106184 ], [ -77.0526956, 38.9106174 ], [ -77.0531077, 38.9106118 ], [ -77.0533669, 38.9106082 ], [ -77.0538938, 38.910601 ] ] } },
{ "type": "Feature", "properties": { }, "geometry": { "type": "LineString", "coordinates": [ [ -77.0526956, 38.9106174 ], [ -77.0526969, 38.9106721 ], [ -77.0527054, 38.9110415 ], [ -77.0527076, 38.9112472 ], [ -77.0527264, 38.9112838 ], [ -77.0527697, 38.9113067 ], [ -77.0528189, 38.9113118 ], [ -77.0530535, 38.9113097 ], [ -77.0532856, 38.9113076 ] ] } },
{ "type": "Feature", "properties": { }, "geometry": { "type": "LineString", "coordinates": [ [ -77.0539383, 38.9110537 ], [ -77.0545826, 38.9110472 ], [ -77.0546146, 38.9110452 ], [ -77.0546468, 38.911041 ], [ -77.054671, 38.911034 ] ] } },
{ "type": "Feature", "properties": { }, "geometry": { "type": "LineString", "coordinates": [ [ -77.0530535, 38.9113097 ], [ -77.0530441, 38.9111426 ] ] } },
{ "type": "Feature", "properties": { }, "geometry": { "type": "LineString", "coordinates": [ [ -77.0519351, 38.9117504 ], [ -77.052102, 38.9119398 ], [ -77.0523129, 38.9121201 ], [ -77.0525142, 38.9122805 ], [ -77.0527158, 38.9124322 ], [ -77.0529252, 38.9125831 ], [ -77.0530361, 38.9126519 ], [ -77.0531516, 38.9127206 ], [ -77.0533176, 38.912794 ], [ -77.0534962, 38.9128673 ] ] } },
{ "type": "Feature", "properties": { }, "geometry": { "type": "LineString", "coordinates": [ [ -77.0533335, 38.9124768 ], [ -77.0530901, 38.9123778 ], [ -77.052985, 38.9123339 ] ] } },
{ "type": "Feature", "properties": { }, "geometry": { "type": "LineString", "coordinates": [ [ -77.0550381, 38.9135215 ], [ -77.0550408, 38.9134887 ], [ -77.0550346, 38.9134453 ], [ -77.0550244, 38.9134158 ], [ -77.0550076, 38.9133734 ], [ -77.0549784, 38.9133268 ], [ -77.0549395, 38.9132837 ], [ -77.0548912, 38.9132501 ], [ -77.0548192, 38.913202 ], [ -77.054727, 38.9131571 ], [ -77.0546223, 38.9131123 ], [ -77.054493, 38.9130534 ], [ -77.0543982, 38.9130007 ], [ -77.0541769, 38.9128741 ], [ -77.0540395, 38.9128035 ], [ -77.0539219, 38.91275 ], [ -77.053785, 38.9126961 ], [ -77.0533335, 38.9124768 ] ] } },
{ "type": "Feature", "properties": { }, "geometry": { "type": "LineString", "coordinates": [ [ -77.0506594, 38.9116897 ], [ -77.0507306, 38.9116856 ], [ -77.0507749, 38.9116699 ], [ -77.0507936, 38.911647 ], [ -77.0507963, 38.9116219 ], [ -77.0507977, 38.9115217 ], [ -77.0507869, 38.9115009 ], [ -77.0507547, 38.9114863 ], [ -77.0506585, 38.9114685 ] ] } },
{ "type": "Feature", "properties": { }, "geometry": { "type": "LineString", "coordinates": [ [ -77.0506587, 38.9115562 ], [ -77.0505603, 38.9115541 ], [ -77.0505375, 38.9115635 ], [ -77.05052744764096, 38.911577373917027 ] ] } },
{ "type": "Feature", "properties": { }, "geometry": { "type": "LineString", "coordinates": [ [ -77.0514335, 38.911751 ], [ -77.0512618, 38.9118721 ], [ -77.0511706, 38.911918 ], [ -77.0511465, 38.9119618 ], [ -77.051030240583358, 38.912011802275714 ] ] } },
{ "type": "Feature", "properties": { }, "geometry": { "type": "LineString", "coordinates": [ [ -77.052985, 38.9123339 ], [ -77.052736, 38.91223 ], [ -77.052561, 38.912148 ], [ -77.052334, 38.912012 ], [ -77.052162, 38.9118967 ], [ -77.0519351, 38.9117504 ] ] } },
{ "type": "Feature", "properties": { }, "geometry": { "type": "LineString", "coordinates": [ [ -77.050953329190477, 38.911960977941959 ], [ -77.0509491, 38.9119567 ], [ -77.0509096, 38.9119253 ], [ -77.050880076463571, 38.911910295350772 ] ] } },
{ "type": "Feature", "properties": { }, "geometry": { "type": "LineString", "coordinates": [ [ -77.051377982975879, 38.912262780169748 ], [ -77.0516413, 38.9120536 ], [ -77.0514724, 38.9118856 ], [ -77.0514321, 38.9118919 ], [ -77.0512578, 38.9119472 ], [ -77.0511965, 38.9119739 ], [ -77.0511465, 38.9119618 ] ] } },
{ "type": "Feature", "properties": { }, "geometry": { "type": "LineString", "coordinates": [ [ -77.0648996, 38.9106421 ], [ -77.0648686, 38.9105819 ] ] } },
{ "type": "Feature", "properties": { }, "geometry": { "type": "LineString", "coordinates": [ [ -77.0649527, 38.9104537 ], [ -77.0649766, 38.9104982 ], [ -77.0650197, 38.9105788 ], [ -77.0650553, 38.9106452 ], [ -77.0650746, 38.9106812 ], [ -77.0651401, 38.9108028 ] ] } },
{ "type": "Feature", "properties": { }, "geometry": { "type": "LineString", "coordinates": [ [ -77.064835, 38.91071 ], [ -77.0647553, 38.9105668 ] ] } },
{ "type": "Feature", "properties": { }, "geometry": { "type": "LineString", "coordinates": [ [ -77.0649228, 38.9106842 ], [ -77.0648996, 38.9106421 ] ] } },
{ "type": "Feature", "properties": { }, "geometry": { "type": "LineString", "coordinates": [ [ -77.0650553, 38.9106452 ], [ -77.064966, 38.9106715 ], [ -77.0649228, 38.9106842 ], [ -77.064835, 38.91071 ] ] } },
{ "type": "Feature", "properties": { }, "geometry": { "type": "LineString", "coordinates": [ [ -77.0643077, 38.9104441 ], [ -77.0643121, 38.9104707 ], [ -77.064319, 38.9104992 ], [ -77.0643288, 38.9105212 ], [ -77.064569, 38.910984 ], [ -77.0645791, 38.9110129 ], [ -77.064586, 38.911046 ], [ -77.0645833, 38.9110744 ], [ -77.0645712, 38.9111035 ] ] } },
{ "type": "Feature", "properties": { }, "geometry": { "type": "LineString", "coordinates": [ [ -77.0651401, 38.9108028 ], [ -77.065042, 38.9108134 ], [ -77.0649859, 38.9108195 ], [ -77.0646616, 38.9109243 ] ] } },
{ "type": "Feature", "properties": { }, "geometry": { "type": "LineString", "coordinates": [ [ -77.0652821, 38.911072 ], [ -77.0651964, 38.9111016 ], [ -77.0648888, 38.9112077 ] ] } },
{ "type": "Feature", "properties": { }, "geometry": { "type": "LineString", "coordinates": [ [ -77.0617369, 38.9116057 ], [ -77.0617705, 38.9117023 ], [ -77.0617873, 38.9117153 ], [ -77.0618214, 38.9117216 ], [ -77.061869, 38.9117127 ] ] } },
{ "type": "Feature", "properties": { }, "geometry": { "type": "LineString", "coordinates": [ [ -77.0642422, 38.913652 ], [ -77.0641985, 38.9135587 ], [ -77.064149, 38.9131589 ], [ -77.0640963, 38.9127168 ], [ -77.0640703, 38.9125084 ], [ -77.064022, 38.9121175 ], [ -77.063833, 38.9105291 ], [ -77.063826, 38.9104704 ] ] } },
{ "type": "Feature", "properties": { }, "geometry": { "type": "LineString", "coordinates": [ [ -77.0651401, 38.9108028 ], [ -77.0651947, 38.9109068 ], [ -77.0652821, 38.911072 ], [ -77.0655897, 38.9116538 ], [ -77.0659492, 38.9123338 ], [ -77.0659846, 38.9123996 ], [ -77.0660221, 38.9124716 ] ] } },
{ "type": "Feature", "properties": { }, "geometry": { "type": "LineString", "coordinates": [ [ -77.0655897, 38.9116538 ], [ -77.0655082, 38.9116798 ], [ -77.0651624, 38.9117903 ] ] } },
{ "type": "Feature", "properties": { }, "geometry": { "type": "LineString", "coordinates": [ [ -77.066128, 38.9117565 ], [ -77.0662008, 38.9117554 ], [ -77.0666996, 38.9117476 ], [ -77.0674268, 38.9117362 ], [ -77.067797, 38.9117286 ], [ -77.0678804, 38.9117267 ], [ -77.0679553, 38.911725 ], [ -77.0687039, 38.9117083 ], [ -77.0690594, 38.9116985 ], [ -77.0691039, 38.9116974 ], [ -77.0692064, 38.9116945 ] ] } },
{ "type": "Feature", "properties": { }, "geometry": { "type": "LineString", "coordinates": [ [ -77.0658174, 38.9117712 ], [ -77.0660326, 38.911761 ], [ -77.066128, 38.9117565 ] ] } },
{ "type": "Feature", "properties": { }, "geometry": { "type": "LineString", "coordinates": [ [ -77.0674268, 38.9117362 ], [ -77.0674259, 38.9117861 ], [ -77.067418, 38.9122417 ], [ -77.0666939, 38.9122567 ], [ -77.0664963, 38.9122608 ] ] } },
{ "type": "Feature", "properties": { }, "geometry": { "type": "LineString", "coordinates": [ [ -77.0666996, 38.9117476 ], [ -77.0666989, 38.9118042 ], [ -77.0666939, 38.9122567 ] ] } },
{ "type": "Feature", "properties": { }, "geometry": { "type": "LineString", "coordinates": [ [ -77.0655328, 38.9128061 ], [ -77.0655038, 38.9127334 ], [ -77.0653708, 38.9127126 ], [ -77.0652302, 38.9127042 ], [ -77.0652098, 38.9126533 ], [ -77.0651856, 38.912589 ] ] } },
{ "type": "Feature", "properties": { }, "geometry": { "type": "LineString", "coordinates": [ [ -77.0661815, 38.9127735 ], [ -77.0662323, 38.9127599 ], [ -77.066269, 38.912754 ], [ -77.0663107, 38.9127518 ], [ -77.0667003, 38.9127436 ], [ -77.0678184, 38.9127201 ], [ -77.0678925, 38.9127185 ], [ -77.0679829, 38.9127166 ], [ -77.0685593, 38.9127048 ], [ -77.0691519, 38.9126875 ], [ -77.0692455, 38.9126839 ] ] } },
{ "type": "Feature", "properties": { }, "geometry": { "type": "LineString", "coordinates": [ [ -77.0678955, 38.9130934 ], [ -77.0678264, 38.9130947 ], [ -77.0667069, 38.9131164 ], [ -77.0667013, 38.9127918 ], [ -77.0667003, 38.9127436 ] ] } },
{ "type": "Feature", "properties": { }, "geometry": { "type": "LineString", "coordinates": [ [ -77.0660221, 38.9124716 ], [ -77.0660654, 38.9125536 ], [ -77.0661384, 38.9126919 ], [ -77.0661815, 38.9127735 ], [ -77.0662199, 38.9128467 ], [ -77.0664191, 38.9132262 ], [ -77.0666497, 38.9136607 ], [ -77.0666845, 38.9137289 ] ] } },
{ "type": "Feature", "properties": { }, "geometry": { "type": "LineString", "coordinates": [ [ -77.064022, 38.9121175 ], [ -77.0640788, 38.9121103 ], [ -77.0648348, 38.9120139 ] ] } },
{ "type": "Feature", "properties": { }, "geometry": { "type": "LineString", "coordinates": [ [ -77.0648348, 38.9120139 ], [ -77.0650148, 38.9124387 ], [ -77.0650338, 38.9124867 ], [ -77.065052, 38.912541 ], [ -77.0650649, 38.9126033 ] ] } },
{ "type": "Feature", "properties": { }, "geometry": { "type": "LineString", "coordinates": [ [ -77.0627975, 38.9124529 ], [ -77.0628689, 38.9124369 ], [ -77.0632298, 38.9123563 ], [ -77.0633291, 38.9123145 ] ] } },
{ "type": "Feature", "properties": { }, "geometry": { "type": "LineString", "coordinates": [ [ -77.0640963, 38.9127168 ], [ -77.064154, 38.9127101 ], [ -77.0645299, 38.9126667 ], [ -77.0650649, 38.9126033 ], [ -77.0651856, 38.912589 ], [ -77.0658772, 38.9125069 ], [ -77.0659264, 38.9125011 ], [ -77.0659679, 38.9124907 ], [ -77.0660221, 38.9124716 ] ] } },
{ "type": "Feature", "properties": { }, "geometry": { "type": "LineString", "coordinates": [ [ -77.0619155, 38.9124951 ], [ -77.0619839, 38.9126808 ], [ -77.0622937, 38.9127424 ], [ -77.0622666, 38.9130146 ], [ -77.0622596, 38.9130852 ] ] } },
{ "type": "Feature", "properties": { }, "geometry": { "type": "LineString", "coordinates": [ [ -77.0645299, 38.9126667 ], [ -77.0645372, 38.9127262 ], [ -77.064587, 38.9131304 ] ] } },
{ "type": "Feature", "properties": { }, "geometry": { "type": "LineString", "coordinates": [ [ -77.0640703, 38.9125084 ], [ -77.0640239, 38.9125171 ], [ -77.0636116, 38.9125943 ], [ -77.0636948, 38.91341 ], [ -77.0637022, 38.9134826 ] ] } },
{ "type": "Feature", "properties": { }, "geometry": { "type": "LineString", "coordinates": [ [ -77.0650319, 38.9130996 ], [ -77.064587, 38.9131304 ], [ -77.0642067, 38.9131551 ], [ -77.064149, 38.9131589 ] ] } },
{ "type": "Feature", "properties": { }, "geometry": { "type": "LineString", "coordinates": [ [ -77.0629017, 38.9132503 ], [ -77.0629247, 38.91318 ], [ -77.0629169, 38.9131256 ], [ -77.0629478, 38.9130723 ], [ -77.0629813, 38.9130656 ], [ -77.0630552, 38.913051 ] ] } },
{ "type": "Feature", "properties": { }, "geometry": { "type": "LineString", "coordinates": [ [ -77.0611605, 38.9128792 ], [ -77.0622095, 38.9130742 ], [ -77.0622596, 38.9130852 ], [ -77.0623488, 38.9131069 ], [ -77.0624617, 38.9131352 ], [ -77.0629017, 38.9132503 ], [ -77.0630198, 38.9132812 ], [ -77.0631304, 38.9133104 ], [ -77.0632184, 38.9133357 ], [ -77.0637022, 38.9134826 ], [ -77.0639145, 38.9135496 ], [ -77.0641682, 38.9136301 ], [ -77.0642422, 38.913652 ], [ -77.0642643, 38.9136581 ], [ -77.0642918, 38.9136642 ], [ -77.0643276, 38.9136691 ], [ -77.0643691, 38.913672 ], [ -77.0652033, 38.9137039 ], [ -77.0657173, 38.9137212 ], [ -77.0658434, 38.9137242 ], [ -77.0665701, 38.9137303 ], [ -77.0666845, 38.9137289 ] ] } },
{ "type": "Feature", "properties": { }, "geometry": { "type": "LineString", "coordinates": [ [ -77.0664191, 38.9132262 ], [ -77.06649, 38.9132052 ], [ -77.0667082, 38.913147 ], [ -77.0667069, 38.9131164 ] ] } },
{ "type": "Feature", "properties": { }, "geometry": { "type": "LineString", "coordinates": [ [ -77.0657853, 38.9130513 ], [ -77.0657784, 38.9132679 ], [ -77.0657659, 38.9133184 ], [ -77.0657361, 38.9134963 ], [ -77.0657337, 38.9135438 ], [ -77.0657232, 38.9136569 ], [ -77.0657173, 38.9137212 ] ] } },
{ "type": "Feature", "properties": { }, "geometry": { "type": "LineString", "coordinates": [ [ -77.0652033, 38.9137039 ], [ -77.0652106, 38.9136376 ], [ -77.0652114, 38.9136307 ], [ -77.0652207, 38.9135647 ], [ -77.065283, 38.913404 ], [ -77.0652843, 38.9133514 ], [ -77.0652738, 38.9133163 ], [ -77.0652005, 38.9132679 ] ] } },
{ "type": "Feature", "properties": { }, "geometry": { "type": "LineString", "coordinates": [ [ -77.0669511, 38.914223 ], [ -77.0670475, 38.9141915 ], [ -77.0671137, 38.9141699 ], [ -77.0672518, 38.9141699 ], [ -77.0672451, 38.9138349 ], [ -77.067221, 38.9138036 ], [ -77.0672224, 38.9137778 ], [ -77.0672196, 38.9137164 ] ] } },
{ "type": "Feature", "properties": { }, "geometry": { "type": "LineString", "coordinates": [ [ -77.0668465, 38.9140364 ], [ -77.0667551, 38.9140671 ], [ -77.0665737, 38.914128 ], [ -77.0665443, 38.9138911 ] ] } },
{ "type": "Feature", "properties": { }, "geometry": { "type": "LineString", "coordinates": [ [ -77.0679105, 38.9142057 ], [ -77.0678457, 38.9142076 ], [ -77.067503, 38.914214 ], [ -77.0675408, 38.9144687 ], [ -77.0676028, 38.9147169 ], [ -77.0676979, 38.9148714 ], [ -77.0678559, 38.9148755 ], [ -77.0679199, 38.9148736 ] ] } },
{ "type": "Feature", "properties": { }, "geometry": { "type": "LineString", "coordinates": [ [ -77.0667757, 38.9145602 ], [ -77.066651, 38.9145967 ], [ -77.0666834, 38.9146674 ], [ -77.0667103, 38.9147263 ] ] } },
{ "type": "Feature", "properties": { }, "geometry": { "type": "LineString", "coordinates": [ [ -77.0642117, 38.9146558 ], [ -77.0643071, 38.9146601 ], [ -77.0656795, 38.9147115 ], [ -77.065796, 38.9147135 ], [ -77.0659164, 38.9147165 ], [ -77.0663374, 38.9147219 ], [ -77.0666034, 38.9147256 ], [ -77.0667103, 38.9147263 ], [ -77.0667577, 38.9147273 ], [ -77.0671008, 38.9147307 ], [ -77.0671432, 38.9147262 ], [ -77.0671732, 38.9147186 ], [ -77.06721, 38.9147073 ] ] } },
{ "type": "Feature", "properties": { }, "geometry": { "type": "MultiLineString", "coordinates": [ [ [ -77.0679218, 38.9149842 ], [ -77.0680096, 38.9149823 ], [ -77.0681997, 38.9149785 ], [ -77.0684112, 38.9149742 ], [ -77.0685876, 38.9149706 ] ], [ [ -77.0685876, 38.9149706 ], [ -77.0688128, 38.9149661 ], [ -77.0687726, 38.9145925 ], [ -77.068558, 38.914604 ], [ -77.0685876, 38.9149706 ] ] ] } },
{ "type": "Feature", "properties": { }, "geometry": { "type": "LineString", "coordinates": [ [ -77.0681997, 38.9149785 ], [ -77.0681892, 38.9146123 ], [ -77.0683904, 38.9146102 ], [ -77.0684112, 38.9149742 ] ] } },
{ "type": "Feature", "properties": { }, "geometry": { "type": "LineString", "coordinates": [ [ -77.0639145, 38.9135496 ], [ -77.0638835, 38.9136125 ], [ -77.0638816, 38.9136209 ], [ -77.0638668, 38.9137641 ], [ -77.0638346, 38.9138726 ], [ -77.0637595, 38.9139269 ], [ -77.0636265, 38.9139382 ], [ -77.0634433, 38.9139269 ], [ -77.0632939, 38.9139089 ], [ -77.0631804, 38.9138768 ], [ -77.0631214, 38.9138184 ], [ -77.0630946, 38.9137265 ], [ -77.0630839, 38.9136055 ], [ -77.0630946, 38.9134886 ], [ -77.0631214, 38.9133968 ], [ -77.0631236, 38.9133881 ], [ -77.0631304, 38.9133104 ] ] } },
{ "type": "Feature", "properties": { }, "geometry": { "type": "LineString", "coordinates": [ [ -77.0622095, 38.9130742 ], [ -77.062185, 38.913129 ], [ -77.0617097, 38.9141924 ], [ -77.06166, 38.914307 ], [ -77.061646, 38.914343 ], [ -77.061628, 38.914402 ], [ -77.061608, 38.914514 ], [ -77.0615705, 38.9147032 ], [ -77.061547, 38.914846 ], [ -77.061526, 38.914956 ], [ -77.061519, 38.914997 ], [ -77.061516, 38.915029 ], [ -77.0614873, 38.9152145 ] ] } },
{ "type": "Feature", "properties": { }, "geometry": { "type": "LineString", "coordinates": [ [ -77.0642422, 38.913652 ], [ -77.0642714, 38.9137232 ], [ -77.0642156, 38.9145982 ], [ -77.0642117, 38.9146558 ] ] } },
{ "type": "Feature", "properties": { }, "geometry": { "type": "MultiLineString", "coordinates": [ [ [ -77.0642117, 38.9146558 ], [ -77.0641705, 38.9146929 ], [ -77.0641069, 38.9147502 ], [ -77.0639854, 38.9148435 ], [ -77.0639746, 38.9149572 ], [ -77.0639593, 38.9150194 ], [ -77.0638869, 38.9150733 ] ], [ [ -77.0638869, 38.9150733 ], [ -77.0637641, 38.9150749 ], [ -77.063683, 38.9150931 ], [ -77.0636454, 38.9151215 ], [ -77.0636515, 38.9151799 ], [ -77.0637154, 38.9152233 ], [ -77.0638352, 38.915232 ], [ -77.0638859, 38.9151965 ], [ -77.0639093, 38.9151254 ], [ -77.0638869, 38.9150733 ] ] ] } },
{ "type": "Feature", "properties": { }, "geometry": { "type": "LineString", "coordinates": [ [ -77.061792, 38.9178539 ], [ -77.0617329, 38.9177466 ], [ -77.0616983, 38.9176771 ], [ -77.0617129, 38.9175779 ], [ -77.0617457, 38.9174971 ], [ -77.061793, 38.9174333 ], [ -77.0618258, 38.9174092 ] ] } },
{ "type": "Feature", "properties": { }, "geometry": { "type": "LineString", "coordinates": [ [ -77.0634317, 38.9175007 ], [ -77.063418, 38.9177827 ] ] } },
{ "type": "Feature", "properties": { }, "geometry": { "type": "MultiLineString", "coordinates": [ [ [ -77.0636652, 38.9178945 ], [ -77.0635386, 38.9178381 ], [ -77.063418, 38.9177827 ], [ -77.0632801, 38.9177219 ], [ -77.0631178, 38.9176417 ] ], [ [ -77.0631178, 38.9176417 ], [ -77.0628793, 38.9175201 ], [ -77.0629575, 38.9174256 ], [ -77.0631188, 38.9174243 ], [ -77.0631178, 38.9176417 ] ] ] } },
{ "type": "Feature", "properties": { }, "geometry": { "type": "LineString", "coordinates": [ [ -77.0635542, 38.9175049 ], [ -77.0635386, 38.9178381 ] ] } },
{ "type": "Feature", "properties": { }, "geometry": { "type": "MultiLineString", "coordinates": [ [ [ -77.0633885, 38.9182331 ], [ -77.0633801, 38.9181852 ], [ -77.0633003, 38.918092 ], [ -77.063144, 38.9180066 ], [ -77.0625852, 38.9177763 ], [ -77.0624521, 38.9178487 ], [ -77.0622958, 38.9179031 ], [ -77.0621428, 38.9179341 ], [ -77.0619898, 38.9179471 ], [ -77.0618567, 38.9178953 ], [ -77.061792, 38.9178539 ], [ -77.0617238, 38.9178104 ], [ -77.0616181, 38.9176984 ], [ -77.0615616, 38.9175992 ], [ -77.0615361, 38.917473 ], [ -77.0615525, 38.9173539 ], [ -77.0615525, 38.9172533 ], [ -77.0615255, 38.9172161 ] ], [ [ -77.0615255, 38.9172161 ], [ -77.0615441, 38.9171832 ], [ -77.0615394, 38.9171489 ], [ -77.0614978, 38.9171217 ], [ -77.0614428, 38.9171259 ], [ -77.0614146, 38.9171624 ], [ -77.0614213, 38.9171979 ], [ -77.0614495, 38.9172115 ], [ -77.061479, 38.9172167 ], [ -77.0615255, 38.9172161 ] ] ] } },
{ "type": "Feature", "properties": { }, "geometry": { "type": "LineString", "coordinates": [ [ -77.0636335, 38.9182195 ], [ -77.0636652, 38.9178945 ], [ -77.0636801, 38.9178657 ], [ -77.0636917, 38.9177764 ], [ -77.0637009, 38.9175783 ], [ -77.0635542, 38.9175049 ], [ -77.0634317, 38.9175007 ], [ -77.0632901, 38.9174942 ], [ -77.0632801, 38.9177219 ] ] } },
{ "type": "Feature", "properties": { }, "geometry": { "type": "LineString", "coordinates": [ [ -77.0672815, 38.9148414 ], [ -77.067178, 38.9148657 ], [ -77.0671097, 38.9148818 ], [ -77.0668211, 38.9149006 ], [ -77.0667543, 38.9147918 ], [ -77.0667577, 38.9147273 ] ] } },
{ "type": "Feature", "properties": { }, "geometry": { "type": "LineString", "coordinates": [ [ -77.0666091, 38.9148668 ], [ -77.0663791, 38.9148867 ] ] } },
{ "type": "Feature", "properties": { }, "geometry": { "type": "LineString", "coordinates": [ [ -77.0663374, 38.9147219 ], [ -77.0663397, 38.914783 ], [ -77.0663408, 38.9148108 ], [ -77.0663594, 38.9148528 ], [ -77.0663791, 38.9148867 ], [ -77.0666964, 38.9154322 ], [ -77.0667578, 38.9154452 ], [ -77.0668565, 38.9154177 ], [ -77.0668807, 38.9153728 ], [ -77.0666091, 38.9148668 ], [ -77.0665977, 38.9148455 ], [ -77.0666004, 38.9147887 ], [ -77.0666034, 38.9147256 ] ] } },
{ "type": "Feature", "properties": { }, "geometry": { "type": "LineString", "coordinates": [ [ -77.0679325, 38.9150735 ], [ -77.067859, 38.9150762 ], [ -77.067806, 38.9150781 ], [ -77.0676983, 38.915108 ], [ -77.0677233, 38.9151574 ] ] } },
{ "type": "Feature", "properties": { }, "geometry": { "type": "LineString", "coordinates": [ [ -77.0652305, 38.9157079 ], [ -77.0653753, 38.9155686 ], [ -77.0654411, 38.9154764 ], [ -77.0654859, 38.9153781 ], [ -77.0655569, 38.9153002 ], [ -77.0656833, 38.9152101 ], [ -77.0658518, 38.9151261 ], [ -77.0659176, 38.9150278 ], [ -77.0659176, 38.9149561 ], [ -77.0658913, 38.9149151 ], [ -77.0659092, 38.9147735 ], [ -77.0659164, 38.9147165 ] ] } },
{ "type": "Feature", "properties": { }, "geometry": { "type": "LineString", "coordinates": [ [ -77.0677966, 38.9157603 ], [ -77.0678841, 38.9157179 ], [ -77.0679122, 38.9157013 ], [ -77.0679277, 38.915682 ], [ -77.0679375, 38.915662 ], [ -77.067944, 38.91564 ], [ -77.0679468, 38.9156162 ], [ -77.0679325, 38.9150735 ], [ -77.0679254, 38.9150064 ] ] } },
{ "type": "Feature", "properties": { }, "geometry": { "type": "LineString", "coordinates": [ [ -77.0675425, 38.9153208 ], [ -77.0674482, 38.9153502 ], [ -77.0671328, 38.9154487 ], [ -77.0673146, 38.9157929 ] ] } },
{ "type": "Feature", "properties": { }, "geometry": { "type": "LineString", "coordinates": [ [ -77.0666845, 38.9137289 ], [ -77.0667178, 38.9137938 ], [ -77.0668465, 38.9140364 ], [ -77.0669511, 38.914223 ], [ -77.0671636, 38.914623 ], [ -77.06721, 38.9147073 ], [ -77.0672419, 38.9147686 ], [ -77.0672815, 38.9148414 ], [ -77.0675425, 38.9153208 ], [ -77.0677053, 38.9156066 ], [ -77.0677502, 38.9156833 ], [ -77.0677966, 38.9157603 ], [ -77.0678608, 38.9158532 ], [ -77.067886, 38.915887 ], [ -77.0680682, 38.9161126 ], [ -77.0684658, 38.916605 ], [ -77.0685321, 38.9166901 ], [ -77.068752, 38.916966 ], [ -77.0688326, 38.9170633 ], [ -77.0692209, 38.9175338 ], [ -77.0692593, 38.91758 ], [ -77.0693666, 38.9177062 ] ] } },
{ "type": "Feature", "properties": { }, "geometry": { "type": "LineString", "coordinates": [ [ -77.0677053, 38.9156066 ], [ -77.0676076, 38.9156489 ], [ -77.0675383, 38.9156843 ], [ -77.0673146, 38.9157929 ], [ -77.0669792, 38.9159652 ] ] } },
{ "type": "Feature", "properties": { }, "geometry": { "type": "MultiLineString", "coordinates": [ [ [ -77.0680682, 38.9161126 ], [ -77.0681725, 38.9160686 ], [ -77.0683247, 38.9160043 ] ], [ [ -77.0683247, 38.9160043 ], [ -77.0684186, 38.9161181 ], [ -77.0684065, 38.9157289 ], [ -77.0682657, 38.915733 ], [ -77.068271, 38.9159229 ], [ -77.0683247, 38.9160043 ] ] ] } },
{ "type": "Feature", "properties": { }, "geometry": { "type": "LineString", "coordinates": [ [ -77.0668348, 38.9160307 ], [ -77.0669792, 38.9159652 ] ] } },
{ "type": "Feature", "properties": { }, "geometry": { "type": "LineString", "coordinates": [ [ -77.0668348, 38.9160307 ], [ -77.0665256, 38.9161747 ], [ -77.0665008, 38.9162015 ], [ -77.0664755, 38.9162127 ], [ -77.0663834, 38.9162517 ], [ -77.0662913, 38.9162934 ], [ -77.0661011, 38.9163768 ], [ -77.0663484, 38.9166772 ], [ -77.0663962, 38.9167465 ], [ -77.0666026, 38.9166565 ] ] } },
{ "type": "Feature", "properties": { }, "geometry": { "type": "LineString", "coordinates": [ [ -77.0664755, 38.9162127 ], [ -77.066714, 38.9165104 ], [ -77.0665144, 38.9166015 ], [ -77.0663484, 38.9166772 ] ] } },
{ "type": "Feature", "properties": { }, "geometry": { "type": "LineString", "coordinates": [ [ -77.0665144, 38.9166015 ], [ -77.0662913, 38.9162934 ] ] } },
{ "type": "Feature", "properties": { }, "geometry": { "type": "LineString", "coordinates": [ [ -77.0679402, 38.9169942 ], [ -77.0679166, 38.9169642 ], [ -77.0678108, 38.91683 ], [ -77.0676838, 38.9166689 ], [ -77.0675302, 38.9164942 ], [ -77.0674275, 38.9164875 ], [ -77.0670619, 38.9166641 ], [ -77.066924, 38.9167301 ], [ -77.0669824, 38.9168084 ], [ -77.0670213, 38.9168604 ] ] } },
{ "type": "Feature", "properties": { }, "geometry": { "type": "LineString", "coordinates": [ [ -77.0679166, 38.9169642 ], [ -77.0676981, 38.917065 ], [ -77.0676825, 38.9170636 ], [ -77.0676653, 38.917062 ], [ -77.06759, 38.9169719 ], [ -77.0675918, 38.9169548 ], [ -77.0675939, 38.9169358 ], [ -77.0678108, 38.91683 ] ] } },
{ "type": "Feature", "properties": { }, "geometry": { "type": "MultiLineString", "coordinates": [ [ [ -77.0681556, 38.9172425 ], [ -77.0681011, 38.9171819 ], [ -77.0680271, 38.9170995 ] ], [ [ -77.0680271, 38.9170995 ], [ -77.0679402, 38.9169942 ], [ -77.0677475, 38.91708 ], [ -77.0678325, 38.9171852 ], [ -77.0680271, 38.9170995 ] ] ] } },
{ "type": "Feature", "properties": { }, "geometry": { "type": "LineString", "coordinates": [ [ -77.0675919, 38.9170543 ], [ -77.0678028, 38.9173219 ], [ -77.067858, 38.9173897 ] ] } },
{ "type": "Feature", "properties": { }, "geometry": { "type": "LineString", "coordinates": [ [ -77.0680951, 38.9172708 ], [ -77.0681604, 38.9173504 ], [ -77.068185, 38.9173677 ], [ -77.0682213, 38.917369 ], [ -77.0684156, 38.9172744 ], [ -77.068425, 38.9172525 ], [ -77.0684172, 38.9172295 ], [ -77.0683545, 38.9171508 ] ] } },
{ "type": "Feature", "properties": { }, "geometry": { "type": "LineString", "coordinates": [ [ -77.068752, 38.916966 ], [ -77.0686418, 38.9170184 ], [ -77.0683545, 38.9171508 ], [ -77.0681556, 38.9172425 ], [ -77.0680951, 38.9172708 ], [ -77.067858, 38.9173897 ], [ -77.067498, 38.917567 ], [ -77.067435, 38.9176152 ], [ -77.067413, 38.917632 ] ] } },
{ "type": "Feature", "properties": { }, "geometry": { "type": "LineString", "coordinates": [ [ -77.0684947, 38.9179146 ], [ -77.0682852, 38.9176849 ] ] } },
{ "type": "Feature", "properties": { }, "geometry": { "type": "LineString", "coordinates": [ [ -77.067792, 38.918293 ], [ -77.0678817, 38.9182497 ], [ -77.0684591, 38.9179412 ] ] } },
{ "type": "Feature", "properties": { }, "geometry": { "type": "LineString", "coordinates": [ [ -77.067413, 38.917632 ], [ -77.0674003, 38.9176503 ], [ -77.067386, 38.91768 ], [ -77.06738, 38.917706 ], [ -77.067381, 38.917733 ], [ -77.067388, 38.917759 ], [ -77.067398, 38.917784 ], [ -77.067425, 38.917832 ], [ -77.067792, 38.918293 ], [ -77.0680992, 38.9186458 ] ] } },
{ "type": "Feature", "properties": { }, "geometry": { "type": "LineString", "coordinates": [ [ -77.0667517, 38.9187188 ], [ -77.0667462, 38.9188811 ] ] } },
{ "type": "Feature", "properties": { }, "geometry": { "type": "LineString", "coordinates": [ [ -77.066952, 38.9190974 ], [ -77.0669647, 38.9187182 ] ] } },
{ "type": "Feature", "properties": { }, "geometry": { "type": "LineString", "coordinates": [ [ -77.0671491, 38.9191832 ], [ -77.0671845, 38.9187359 ] ] } },
{ "type": "Feature", "properties": { }, "geometry": { "type": "LineString", "coordinates": [ [ -77.065681, 38.9189475 ], [ -77.0653091, 38.9190228 ], [ -77.0652232, 38.9190568 ] ] } },
{ "type": "Feature", "properties": { }, "geometry": { "type": "LineString", "coordinates": [ [ -77.0673576, 38.9192739 ], [ -77.0674004, 38.9187712 ] ] } },
{ "type": "Feature", "properties": { }, "geometry": { "type": "LineString", "coordinates": [ [ -77.0675831, 38.9192515 ], [ -77.0676311, 38.9188194 ] ] } },
{ "type": "Feature", "properties": { }, "geometry": { "type": "LineString", "coordinates": [ [ -77.065711, 38.9191941 ], [ -77.0656931, 38.9191036 ], [ -77.0656874, 38.9190202 ], [ -77.065681, 38.9189475 ] ] } },
{ "type": "Feature", "properties": { }, "geometry": { "type": "LineString", "coordinates": [ [ -77.0611941, 38.9182336 ], [ -77.0611199, 38.9182316 ], [ -77.0604596, 38.9182134 ], [ -77.0598214, 38.9181982 ] ] } },
{ "type": "Feature", "properties": { }, "geometry": { "type": "LineString", "coordinates": [ [ -77.0611763, 38.9183736 ], [ -77.0611898, 38.9182534 ], [ -77.0611941, 38.9182336 ], [ -77.061212, 38.918151 ], [ -77.061209, 38.9181234 ], [ -77.0611869, 38.9180867 ], [ -77.0611484, 38.9180637 ], [ -77.0610952, 38.9180614 ], [ -77.0610524, 38.9180717 ], [ -77.0610243, 38.9180913 ], [ -77.0610125, 38.9181085 ], [ -77.0610081, 38.9181303 ] ] } },
{ "type": "Feature", "properties": { }, "geometry": { "type": "LineString", "coordinates": [ [ -77.0588941, 38.9181815 ], [ -77.058909, 38.9181939 ], [ -77.0590588, 38.9183046 ] ] } },
{ "type": "Feature", "properties": { }, "geometry": { "type": "LineString", "coordinates": [ [ -77.0604549, 38.9183481 ], [ -77.0604569, 38.9183133 ], [ -77.0604611, 38.9182381 ], [ -77.0604596, 38.9182134 ] ] } },
{ "type": "Feature", "properties": { }, "geometry": { "type": "LineString", "coordinates": [ [ -77.0590588, 38.9183046 ], [ -77.0592473, 38.9183105 ], [ -77.0598052, 38.9183279 ], [ -77.0604549, 38.9183481 ], [ -77.0604847, 38.918349 ], [ -77.0611763, 38.9183736 ], [ -77.0611959, 38.9183743 ], [ -77.0612448, 38.9183759 ], [ -77.0633919, 38.9184469 ], [ -77.0636162, 38.9184599 ], [ -77.0637779, 38.9184654 ] ] } },
{ "type": "Feature", "properties": { }, "geometry": { "type": "LineString", "coordinates": [ [ -77.0593487, 38.9185149 ], [ -77.0594699, 38.9184734 ], [ -77.0594802, 38.9184699 ], [ -77.0595466, 38.9184645 ], [ -77.0595786, 38.9184699 ], [ -77.0596347, 38.9184796 ], [ -77.0596908, 38.9184948 ], [ -77.0597893, 38.9185608 ], [ -77.0598992, 38.9186445 ], [ -77.0599404, 38.9186712 ], [ -77.0599748, 38.9186766 ], [ -77.0600069, 38.9186748 ] ] } },
{ "type": "Feature", "properties": { }, "geometry": { "type": "LineString", "coordinates": [ [ -77.0612448, 38.9183759 ], [ -77.0612508, 38.9184541 ], [ -77.0612691, 38.9186923 ], [ -77.0613107, 38.9186975 ], [ -77.0613617, 38.9188634 ] ] } },
{ "type": "Feature", "properties": { }, "geometry": { "type": "LineString", "coordinates": [ [ -77.060867, 38.9192153 ], [ -77.0610212, 38.919087 ] ] } },
{ "type": "Feature", "properties": { }, "geometry": { "type": "LineString", "coordinates": [ [ -77.060821708921083, 38.919280187611108 ], [ -77.060867, 38.9192153 ] ] } },
{ "type": "Feature", "properties": { }, "geometry": { "type": "LineString", "coordinates": [ [ -77.061355839655363, 38.91929357001095 ], [ -77.0614247, 38.9192338 ], [ -77.0613885, 38.9191743 ], [ -77.0614837, 38.9191075 ] ] } },
{ "type": "Feature", "properties": { }, "geometry": { "type": "LineString", "coordinates": [ [ -77.0636162, 38.9184599 ], [ -77.0636335, 38.9182195 ] ] } },
{ "type": "Feature", "properties": { }, "geometry": { "type": "LineString", "coordinates": [ [ -77.0633919, 38.9184469 ], [ -77.0633968, 38.9182809 ], [ -77.0633885, 38.9182331 ] ] } },
{ "type": "Feature", "properties": { }, "geometry": { "type": "LineString", "coordinates": [ [ -77.064743, 38.919158 ], [ -77.0648767, 38.9191412 ], [ -77.0652232, 38.9190568 ] ] } },
{ "type": "Feature", "properties": { }, "geometry": { "type": "LineString", "coordinates": [ [ -77.0647229, 38.9191709 ], [ -77.0646793, 38.9191213 ], [ -77.0646605, 38.9191 ], [ -77.0646225, 38.9190765 ], [ -77.0645889, 38.9190636 ], [ -77.0645238, 38.9190622 ], [ -77.0643812, 38.9191526 ], [ -77.0643618, 38.9191882 ], [ -77.0643618, 38.9192307 ], [ -77.0643741, 38.9192581 ], [ -77.0643943, 38.9192768 ], [ -77.0644051, 38.9192867 ], [ -77.0644677, 38.9193447 ] ] } },
{ "type": "Feature", "properties": { }, "geometry": { "type": "LineString", "coordinates": [ [ -77.064279260996003, 38.91942230420193 ], [ -77.0642552, 38.9194078 ], [ -77.06392, 38.919206 ] ] } },
{ "type": "Feature", "properties": { }, "geometry": { "type": "LineString", "coordinates": [ [ -77.064467087061743, 38.919345164059195 ], [ -77.0644677, 38.9193447 ], [ -77.064553, 38.91928 ], [ -77.0647229, 38.9191709 ], [ -77.064743, 38.919158 ], [ -77.064859, 38.919087 ], [ -77.0649839, 38.9190356 ] ] } },
{ "type": "Feature", "properties": { }, "geometry": { "type": "LineString", "coordinates": [ [ -77.0541554, 38.9102179 ], [ -77.0547705, 38.9102112 ] ] } },
{ "type": "Feature", "properties": { }, "geometry": { "type": "LineString", "coordinates": [ [ -77.0551602, 38.9102045 ], [ -77.0549911, 38.9105141 ], [ -77.0549495, 38.9105901 ] ] } },
{ "type": "Feature", "properties": { }, "geometry": { "type": "LineString", "coordinates": [ [ -77.0549495, 38.9105901 ], [ -77.0549177, 38.9106509 ], [ -77.0548859, 38.9107116 ], [ -77.0547703, 38.9109217 ], [ -77.0547276, 38.9109915 ], [ -77.0547124, 38.9110072 ], [ -77.0546947, 38.9110203 ], [ -77.054671, 38.911034 ] ] } },
{ "type": "Feature", "properties": { }, "geometry": { "type": "LineString", "coordinates": [ [ -77.0553884, 38.9109873 ], [ -77.0551016, 38.9109853 ], [ -77.055053, 38.9109701 ], [ -77.0550153, 38.9109428 ], [ -77.0549647, 38.9108923 ], [ -77.054923, 38.910787 ], [ -77.0548859, 38.9107116 ] ] } },
{ "type": "Feature", "properties": { }, "geometry": { "type": "LineString", "coordinates": [ [ -77.0542847, 38.9109245 ], [ -77.0547703, 38.9109217 ] ] } },
{ "type": "Feature", "properties": { }, "geometry": { "type": "LineString", "coordinates": [ [ -77.05651, 38.9130245 ], [ -77.0564387, 38.9130262 ], [ -77.0563336, 38.9130026 ], [ -77.0561107, 38.9128863 ], [ -77.0558802, 38.9127799 ], [ -77.0556724, 38.9127119 ], [ -77.0555154, 38.9126202 ], [ -77.0553837, 38.9125364 ], [ -77.0553204, 38.9124686 ], [ -77.0552558, 38.9123994 ], [ -77.055214, 38.912361 ], [ -77.0551582, 38.9123383 ], [ -77.0549543, 38.9122585 ], [ -77.0548251, 38.9121817 ], [ -77.0547365, 38.9120535 ], [ -77.0547314, 38.9119727 ], [ -77.0547631, 38.9118752 ], [ -77.0548061, 38.9117983 ], [ -77.0550316, 38.9114938 ], [ -77.055181, 38.9113045 ], [ -77.0552621, 38.9112395 ], [ -77.0553001, 38.9112257 ], [ -77.0553431, 38.9112415 ], [ -77.0553634, 38.9112809 ], [ -77.0553786, 38.9115056 ], [ -77.0554191, 38.9116258 ], [ -77.0555027, 38.9117126 ], [ -77.055599, 38.9118328 ], [ -77.0557054, 38.911951 ], [ -77.0557788, 38.9120062 ], [ -77.0559004, 38.9120496 ], [ -77.0560093, 38.9120762 ], [ -77.0561715, 38.912089 ], [ -77.056307, 38.9121097 ], [ -77.0564742, 38.9121787 ], [ -77.0566464, 38.9122812 ], [ -77.0568833, 38.9124812 ], [ -77.0570276, 38.9125512 ], [ -77.0570751, 38.9125554 ], [ -77.0571083, 38.9125532 ], [ -77.0571287, 38.9125519 ], [ -77.0571997, 38.9125468 ] ] } },
{ "type": "Feature", "properties": { }, "geometry": { "type": "LineString", "coordinates": [ [ -77.0569216, 38.9146633 ], [ -77.0567049, 38.9145615 ], [ -77.056487, 38.9144521 ], [ -77.0563172, 38.9143567 ], [ -77.0561604, 38.9142587 ], [ -77.0560272, 38.9141694 ], [ -77.0558631, 38.914045 ], [ -77.055745, 38.9139391 ], [ -77.0556513, 38.9138457 ], [ -77.0555572, 38.9137361 ], [ -77.0552853, 38.9134164 ], [ -77.0551798, 38.9133126 ], [ -77.0550677, 38.9132064 ], [ -77.0549571, 38.9131208 ], [ -77.0548308, 38.9130439 ], [ -77.0547109, 38.9129798 ], [ -77.0545547, 38.9129138 ], [ -77.0544172, 38.9128633 ], [ -77.0542679, 38.9128112 ], [ -77.053788, 38.912644 ], [ -77.0533335, 38.9124768 ] ] } },
{ "type": "Feature", "properties": { }, "geometry": { "type": "LineString", "coordinates": [ [ -77.054986, 38.9137552 ], [ -77.0550381, 38.9135215 ] ] } },
{ "type": "Feature", "properties": { }, "geometry": { "type": "MultiLineString", "coordinates": [ [ [ -77.0534962, 38.9128673 ], [ -77.0537111, 38.9129836 ], [ -77.0538257, 38.9130563 ], [ -77.0539271, 38.9131268 ], [ -77.0540314, 38.9132085 ], [ -77.0541282, 38.9132904 ], [ -77.0542217, 38.9133734 ], [ -77.054311, 38.9134702 ], [ -77.054359521763871, 38.913531203009065 ] ], [ [ -77.055198434579808, 38.914282385351648 ], [ -77.0552307, 38.9142949 ], [ -77.0556568, 38.9144557 ], [ -77.0557679, 38.914507 ], [ -77.0558546, 38.9145534 ], [ -77.0559682, 38.9146253 ], [ -77.0560934, 38.9147097 ], [ -77.0562565, 38.9147987 ] ] ] } },
{ "type": "Feature", "properties": { }, "geometry": { "type": "LineString", "coordinates": [ [ -77.0534962, 38.9128673 ], [ -77.0536795, 38.9129235 ], [ -77.0539146, 38.9129828 ], [ -77.0540638, 38.9130279 ], [ -77.0541934, 38.9130736 ], [ -77.054316, 38.913127 ], [ -77.0544259, 38.913188 ], [ -77.0545344, 38.9132595 ], [ -77.0546314, 38.9133288 ], [ -77.0547385, 38.9134174 ], [ -77.0552613, 38.9138741 ], [ -77.055388, 38.9139807 ], [ -77.0555173, 38.9140817 ], [ -77.0556414, 38.9141712 ], [ -77.0558211, 38.9142815 ], [ -77.0559973, 38.9143833 ], [ -77.0562237, 38.9145083 ], [ -77.0564218, 38.9146134 ], [ -77.0569904, 38.9148938 ], [ -77.0571786, 38.9149934 ], [ -77.0573549, 38.9150961 ], [ -77.0575342, 38.915221 ], [ -77.0576905, 38.9153357 ], [ -77.0578552, 38.915472 ] ] } },
{ "type": "Feature", "properties": { }, "geometry": { "type": "LineString", "coordinates": [ [ -77.0590732, 38.9137206 ], [ -77.0587423, 38.9136686 ], [ -77.0585488, 38.9134769 ], [ -77.0583165, 38.9134331 ], [ -77.058042, 38.9134002 ], [ -77.0579693, 38.9133646 ], [ -77.0579522, 38.9132972 ], [ -77.0579446, 38.9131179 ], [ -77.0579902, 38.9129188 ], [ -77.0580941, 38.9127769 ], [ -77.058227, 38.9127 ], [ -77.0583676, 38.9126823 ], [ -77.0584208, 38.9126862 ], [ -77.058493, 38.9127247 ], [ -77.0585259, 38.912773 ], [ -77.0585285, 38.9128193 ], [ -77.058531, 38.9129513 ], [ -77.0585753, 38.9130243 ] ] } },
{ "type": "Feature", "properties": { }, "geometry": { "type": "LineString", "coordinates": [ [ -77.0587423, 38.9136686 ], [ -77.0587751, 38.9137488 ], [ -77.0586579, 38.9139068 ], [ -77.0585101, 38.913978 ], [ -77.0583165, 38.9140273 ], [ -77.0582356, 38.9141615 ], [ -77.0582989, 38.9142929 ], [ -77.0584502, 38.9143449 ], [ -77.0585334, 38.9143154 ], [ -77.0585733, 38.9143114 ] ] } },
{ "type": "Feature", "properties": { }, "geometry": { "type": "LineString", "coordinates": [ [ -77.0562565, 38.9147987 ], [ -77.0573214, 38.9155904 ] ] } },
{ "type": "Feature", "properties": { }, "geometry": { "type": "LineString", "coordinates": [ [ -77.0585124, 38.9165343 ], [ -77.0585022, 38.9164121 ], [ -77.058488, 38.9163113 ], [ -77.0584645, 38.9162131 ], [ -77.0584252, 38.9160929 ], [ -77.0583707, 38.9159553 ], [ -77.0583076, 38.9158205 ], [ -77.0582369, 38.9156944 ], [ -77.0581601, 38.9155841 ], [ -77.0580642, 38.915458 ], [ -77.057966, 38.9153426 ], [ -77.0578627, 38.9152445 ], [ -77.0577623, 38.9151538 ], [ -77.0576441, 38.9150583 ], [ -77.0574865, 38.9149505 ], [ -77.0573583, 38.914873 ], [ -77.0571814, 38.914784 ], [ -77.0569216, 38.9146633 ] ] } },
{ "type": "Feature", "properties": { }, "geometry": { "type": "MultiLineString", "coordinates": [ [ [ -77.057623, 38.9158185 ], [ -77.057540395306773, 38.915883143187081 ] ], [ [ -77.057277455200904, 38.915629048520387 ], [ -77.0573214, 38.9155904 ] ] ] } },
{ "type": "Feature", "properties": { }, "geometry": { "type": "LineString", "coordinates": [ [ -77.0573214, 38.9155904 ], [ -77.0575766, 38.9157802 ], [ -77.057623, 38.9158185 ], [ -77.0576438, 38.9158356 ], [ -77.0577123, 38.9159053 ] ] } },
{ "type": "Feature", "properties": { }, "geometry": { "type": "LineString", "coordinates": [ [ -77.0577123, 38.9159053 ], [ -77.057647513627117, 38.915963711330051 ] ] } },
{ "type": "Feature", "properties": { }, "geometry": { "type": "LineString", "coordinates": [ [ -77.0577123, 38.9159053 ], [ -77.0577534, 38.9159675 ], [ -77.0577783, 38.9160285 ], [ -77.0577942, 38.9160893 ], [ -77.0578048, 38.9161487 ], [ -77.0578101, 38.9162097 ], [ -77.0578076, 38.9162889 ], [ -77.0577948, 38.9163775 ], [ -77.0577771, 38.9164535 ], [ -77.057747, 38.9165305 ], [ -77.0577091, 38.9166065 ], [ -77.0576534, 38.91668 ], [ -77.0575722, 38.9167726 ], [ -77.057515892645625, 38.916827745046596 ] ] } },
{ "type": "Feature", "properties": { }, "geometry": { "type": "LineString", "coordinates": [ [ -77.0572135, 38.9125606 ], [ -77.0572295, 38.9125691 ], [ -77.0572499, 38.9125765 ], [ -77.0572723, 38.9125798 ], [ -77.0572989, 38.9125817 ], [ -77.058248, 38.9125694 ], [ -77.0587786, 38.9125604 ], [ -77.059162, 38.9125561 ], [ -77.0592906, 38.9125539 ], [ -77.0593264, 38.9125531 ], [ -77.0593548, 38.9125543 ], [ -77.0593834, 38.9125559 ], [ -77.0594213, 38.9125607 ], [ -77.0598348, 38.9126357 ], [ -77.0599303, 38.9126537 ], [ -77.0608384, 38.9128199 ], [ -77.0609284, 38.9128358 ], [ -77.0609835, 38.9128464 ], [ -77.0611605, 38.9128792 ] ] } },
{ "type": "Feature", "properties": { }, "geometry": { "type": "LineString", "coordinates": [ [ -77.0592549, 38.9127337 ], [ -77.0591175, 38.9127488 ], [ -77.0590276, 38.9127434 ], [ -77.0588529, 38.9127158 ], [ -77.058617, 38.9127454 ], [ -77.0585259, 38.912773 ] ] } },
{ "type": "Feature", "properties": { }, "geometry": { "type": "LineString", "coordinates": [ [ -77.0592906, 38.9125539 ], [ -77.0592606, 38.9126145 ], [ -77.0592549, 38.9127337 ], [ -77.0593614, 38.9127737 ], [ -77.0595083, 38.9128086 ], [ -77.0595713, 38.9128363 ], [ -77.0596042, 38.9129062 ], [ -77.0595995, 38.912986 ], [ -77.0595465, 38.9130528 ], [ -77.0594432, 38.9130914 ], [ -77.0593728, 38.9131154 ], [ -77.0592105, 38.9131039 ], [ -77.0586553, 38.9130434 ], [ -77.0585753, 38.9130243 ] ] } },
{ "type": "Feature", "properties": { }, "geometry": { "type": "LineString", "coordinates": [ [ -77.0590732, 38.9137206 ], [ -77.0591727, 38.9137345 ], [ -77.0592792, 38.9137135 ], [ -77.0593742, 38.9136395 ], [ -77.0594266, 38.913573 ], [ -77.0594039, 38.913516 ], [ -77.0592931, 38.9134637 ], [ -77.0592277, 38.9134134 ], [ -77.0592094, 38.913335 ], [ -77.0592669, 38.9132655 ], [ -77.0593472, 38.9131983 ], [ -77.0593728, 38.9131154 ] ] } },
{ "type": "Feature", "properties": { }, "geometry": { "type": "LineString", "coordinates": [ [ -77.0585733, 38.9143114 ], [ -77.0586785, 38.9143076 ], [ -77.058775, 38.914335 ], [ -77.058898, 38.9143488 ], [ -77.0589938, 38.9143115 ], [ -77.0590594, 38.9142354 ], [ -77.0590739, 38.9141692 ], [ -77.0590481, 38.914097 ], [ -77.0589957, 38.914042 ], [ -77.0589074, 38.9140185 ], [ -77.0587939, 38.9140219 ], [ -77.0587233, 38.9140568 ], [ -77.0586621, 38.9141265 ], [ -77.0586438, 38.9141961 ], [ -77.0585921, 38.9142781 ], [ -77.0585733, 38.9143114 ] ] } },
{ "type": "Feature", "properties": { }, "geometry": { "type": "LineString", "coordinates": [ [ -77.0604596, 38.9182134 ], [ -77.0604575, 38.9181803 ], [ -77.0600224, 38.9178602 ], [ -77.059981, 38.9178556 ], [ -77.0599293, 38.9178636 ], [ -77.0598997, 38.9178992 ], [ -77.0598909, 38.917928 ], [ -77.0598879, 38.9179659 ] ] } },
{ "type": "Feature", "properties": { }, "geometry": { "type": "LineString", "coordinates": [ [ -77.0598378, 38.9181154 ], [ -77.0597239, 38.9180832 ], [ -77.0596337, 38.9180338 ] ] } },
{ "type": "Feature", "properties": { }, "geometry": { "type": "LineString", "coordinates": [ [ -77.0587105, 38.9180463 ], [ -77.0588941, 38.9181815 ] ] } },
{ "type": "Feature", "properties": { }, "geometry": { "type": "LineString", "coordinates": [ [ -77.0598052, 38.9183279 ], [ -77.0598187, 38.9182202 ], [ -77.0598214, 38.9181982 ], [ -77.0598271, 38.9181694 ], [ -77.0598378, 38.9181154 ], [ -77.059848, 38.9180637 ], [ -77.0598879, 38.9179659 ] ] } },
{ "type": "Feature", "properties": { }, "geometry": { "type": "LineString", "coordinates": [ [ -77.0598271, 38.9181694 ], [ -77.0601716, 38.918166 ] ] } },
{ "type": "Feature", "properties": { }, "geometry": { "type": "LineString", "coordinates": [ [ -77.0562565, 38.9147987 ], [ -77.0561247, 38.9146751 ], [ -77.0558769, 38.9144942 ], [ -77.0557644, 38.9144268 ], [ -77.0556525, 38.9143658 ], [ -77.0555249, 38.9143048 ], [ -77.0553992, 38.9142503 ], [ -77.0552663, 38.9141958 ], [ -77.0551906, 38.9141622 ], [ -77.0551453, 38.9141359 ], [ -77.0550965, 38.9141034 ], [ -77.0550621, 38.9140731 ], [ -77.0550301, 38.9140355 ], [ -77.0550049, 38.9139946 ], [ -77.0549868, 38.9139556 ], [ -77.0549744, 38.9139079 ], [ -77.0549698, 38.9138677 ], [ -77.0549719, 38.9138254 ], [ -77.054986, 38.9137552 ] ] } },
{ "type": "Feature", "properties": { }, "geometry": { "type": "LineString", "coordinates": [ [ -77.0578552, 38.915472 ], [ -77.0579751, 38.9155913 ], [ -77.058092, 38.9157248 ], [ -77.0581795, 38.9158509 ], [ -77.0582485, 38.9159694 ], [ -77.0583031, 38.9160842 ], [ -77.058347, 38.9162056 ], [ -77.0583732, 38.9163163 ], [ -77.0583897, 38.9164238 ], [ -77.0583995, 38.916537 ], [ -77.0584015, 38.9166616 ], [ -77.0583925, 38.9167809 ], [ -77.0583723, 38.9168965 ], [ -77.0583402, 38.9170083 ], [ -77.058308, 38.9171058 ], [ -77.0582685, 38.9171996 ], [ -77.0582143, 38.9172962 ], [ -77.0581516, 38.9173834 ], [ -77.0580776, 38.9174628 ], [ -77.0578989, 38.9176271 ], [ -77.0577827, 38.9177251 ], [ -77.0576501, 38.9178263 ], [ -77.0575314, 38.9179068 ], [ -77.0574203, 38.917973 ], [ -77.0573185, 38.9180268 ], [ -77.05725353041359, 38.918057600396523 ] ] } },
{ "type": "Feature", "properties": { }, "geometry": { "type": "LineString", "coordinates": [ [ -77.057397327779682, 38.917086910560187 ], [ -77.0574138, 38.9170986 ] ] } },
{ "type": "Feature", "properties": { }, "geometry": { "type": "LineString", "coordinates": [ [ -77.0574138, 38.9170986 ], [ -77.0576237, 38.9172512 ] ] } },
{ "type": "Feature", "properties": { }, "geometry": { "type": "LineString", "coordinates": [ [ -77.057295710794136, 38.918130256404375 ], [ -77.05732, 38.9181194 ], [ -77.0574581, 38.9180479 ], [ -77.057585, 38.9179759 ], [ -77.0576974, 38.9179062 ], [ -77.0578291, 38.9178109 ], [ -77.0579751, 38.917692 ], [ -77.058107, 38.9175649 ], [ -77.0582032, 38.9174616 ], [ -77.0582759, 38.9173647 ], [ -77.0583409, 38.9172629 ], [ -77.0583893, 38.9171677 ], [ -77.0584323, 38.9170581 ], [ -77.0584693, 38.9169543 ], [ -77.0584943, 38.9168411 ], [ -77.0585078, 38.9167422 ], [ -77.0585137, 38.9166367 ], [ -77.0585124, 38.9165343 ] ] } },
{ "type": "Feature", "properties": { }, "geometry": { "type": "LineString", "coordinates": [ [ -77.0576237, 38.9172512 ], [ -77.0582443, 38.9177096 ], [ -77.0583369, 38.9177765 ] ] } },
{ "type": "Feature", "properties": { }, "geometry": { "type": "LineString", "coordinates": [ [ -77.0574138, 38.9170986 ], [ -77.057377780711079, 38.91712946698491 ] ] } },
{ "type": "Feature", "properties": { }, "geometry": { "type": "LineString", "coordinates": [ [ -77.0583369, 38.9177765 ], [ -77.0587105, 38.9180463 ] ] } },
{ "type": "Feature", "properties": { }, "geometry": { "type": "LineString", "coordinates": [ [ -77.058180278193547, 38.9189055852043 ], [ -77.058378, 38.91874 ], [ -77.058546, 38.918601 ], [ -77.05873, 38.918447 ], [ -77.058888, 38.918319 ], [ -77.0588999, 38.9183138 ], [ -77.058932, 38.9183 ], [ -77.058989, 38.918299 ], [ -77.0590588, 38.9183046 ] ] } },
{ "type": "Feature", "properties": { }, "geometry": { "type": "LineString", "coordinates": [ [ -77.0737172, 38.90067 ], [ -77.0741192, 38.9007959 ] ] } },
{ "type": "Feature", "properties": { }, "geometry": { "type": "LineString", "coordinates": [ [ -77.072073948621764, 38.900178097273105 ], [ -77.0732776, 38.9005389 ] ] } },
{ "type": "Feature", "properties": { }, "geometry": { "type": "LineString", "coordinates": [ [ -77.0732776, 38.9005389 ], [ -77.0737172, 38.90067 ] ] } },
{ "type": "Feature", "properties": { }, "geometry": { "type": "LineString", "coordinates": [ [ -77.0736812, 38.9006051 ], [ -77.0735408, 38.9006103 ], [ -77.0733931, 38.9006185 ] ] } },
{ "type": "Feature", "properties": { }, "geometry": { "type": "LineString", "coordinates": [ [ -77.0778749, 38.901523 ], [ -77.0777305, 38.9014941 ], [ -77.0775612, 38.9014578 ], [ -77.0773854, 38.9014093 ], [ -77.0771932, 38.9013542 ], [ -77.0756504, 38.9008939 ], [ -77.0755095, 38.9008522 ], [ -77.0753509, 38.900806 ], [ -77.0751925, 38.9007645 ], [ -77.075055, 38.9007304 ], [ -77.0749168, 38.9007011 ], [ -77.0747785, 38.9006751 ], [ -77.0746455, 38.9006551 ], [ -77.0745051, 38.9006369 ], [ -77.0743669, 38.9006238 ], [ -77.0742334, 38.900612 ], [ -77.0740968, 38.9006074 ], [ -77.0739559, 38.9006054 ], [ -77.0738143, 38.9006043 ], [ -77.0736812, 38.9006051 ] ] } },
{ "type": "Feature", "properties": { }, "geometry": { "type": "LineString", "coordinates": [ [ -77.0741192, 38.9007959 ], [ -77.0750739, 38.9010786 ], [ -77.0753701, 38.90117 ], [ -77.0766347, 38.9015789 ], [ -77.0771329, 38.9017631 ] ] } },
{ "type": "Feature", "properties": { }, "geometry": { "type": "LineString", "coordinates": [ [ -77.0709186, 38.9008629 ], [ -77.0710575, 38.9008841 ], [ -77.0711884, 38.900899 ], [ -77.0713235, 38.9009113 ], [ -77.0714536, 38.900919 ], [ -77.07159, 38.9009242 ], [ -77.0717291, 38.9009251 ], [ -77.0718584, 38.9009244 ], [ -77.0719969, 38.9009208 ], [ -77.072134, 38.9009165 ], [ -77.0726859, 38.900895 ], [ -77.072818, 38.9008919 ], [ -77.0729632, 38.9008899 ], [ -77.0731003, 38.9008901 ], [ -77.0732398, 38.900892 ], [ -77.0733783, 38.9008966 ], [ -77.0735213, 38.900905 ], [ -77.0736576, 38.9009151 ], [ -77.0738051, 38.9009268 ], [ -77.0739369, 38.9009402 ], [ -77.0740829, 38.900957 ], [ -77.0742195, 38.9009783 ], [ -77.0743586, 38.9010026 ], [ -77.0744846, 38.9010259 ], [ -77.0746253, 38.9010555 ], [ -77.0747578, 38.9010874 ], [ -77.0748886, 38.9011197 ], [ -77.0750197, 38.9011548 ], [ -77.0751647, 38.9011956 ], [ -77.0766149, 38.901629 ], [ -77.0771329, 38.9017631 ] ] } },
{ "type": "Feature", "properties": { }, "geometry": { "type": "LineString", "coordinates": [ [ -77.0751781, 38.9054458 ], [ -77.0743606, 38.9054553 ], [ -77.074275, 38.9054569 ], [ -77.0742039, 38.905456 ], [ -77.0741962, 38.9054559 ] ] } },
{ "type": "Feature", "properties": { }, "geometry": { "type": "LineString", "coordinates": [ [ -77.0741962, 38.9054559 ], [ -77.0741589, 38.9055437 ] ] } },
{ "type": "Feature", "properties": { }, "geometry": { "type": "LineString", "coordinates": [ [ -77.0742609, 38.9055507 ], [ -77.0742416, 38.9055245 ], [ -77.0741962, 38.9054559 ] ] } },
{ "type": "Feature", "properties": { }, "geometry": { "type": "LineString", "coordinates": [ [ -77.0736017, 38.9054784 ], [ -77.0737602, 38.9055018 ], [ -77.0738614, 38.9055163 ], [ -77.0739459, 38.9055257 ], [ -77.0740399, 38.9055346 ], [ -77.0741589, 38.9055437 ] ] } },
{ "type": "Feature", "properties": { }, "geometry": { "type": "LineString", "coordinates": [ [ -77.0742609, 38.9055507 ], [ -77.0743706, 38.9055522 ], [ -77.0754399, 38.9055354 ] ] } },
{ "type": "Feature", "properties": { }, "geometry": { "type": "LineString", "coordinates": [ [ -77.0741589, 38.9055437 ], [ -77.0742609, 38.9055507 ] ] } },
{ "type": "Feature", "properties": { }, "geometry": { "type": "LineString", "coordinates": [ [ -77.0736017, 38.9054784 ], [ -77.0739849, 38.905574 ], [ -77.0740244, 38.9055853 ], [ -77.0740551, 38.9055966 ], [ -77.0742027, 38.9056521 ] ] } },
{ "type": "Feature", "properties": { }, "geometry": { "type": "LineString", "coordinates": [ [ -77.0733931, 38.9006185 ], [ -77.0732724, 38.9006288 ], [ -77.0731301, 38.9006424 ], [ -77.0723268, 38.9007383 ], [ -77.07219, 38.9007532 ], [ -77.0720486, 38.900769 ], [ -77.0719123, 38.9007806 ], [ -77.071771, 38.9007914 ], [ -77.0716463, 38.9007943 ] ] } },
{ "type": "Feature", "properties": { }, "geometry": { "type": "LineString", "coordinates": [ [ -77.0716463, 38.9007943 ], [ -77.0715292, 38.9007943 ], [ -77.0714107, 38.9007889 ], [ -77.0712978, 38.9007788 ], [ -77.0711645, 38.9007609 ] ] } },
{ "type": "Feature", "properties": { }, "geometry": { "type": "LineString", "coordinates": [ [ -77.0705303, 38.9043953 ], [ -77.0705772, 38.9043476 ], [ -77.0706528, 38.9043309 ], [ -77.0708367, 38.9043666 ], [ -77.0710427, 38.9044038 ], [ -77.0713263, 38.9044291 ], [ -77.0715453, 38.9044361 ], [ -77.0716081, 38.9044446 ], [ -77.0719189, 38.9044854 ], [ -77.0721358, 38.9045191 ] ] } },
{ "type": "Feature", "properties": { }, "geometry": { "type": "LineString", "coordinates": [ [ -77.0714802, 38.9050551 ], [ -77.0714265, 38.9050464 ], [ -77.0713775, 38.9050388 ], [ -77.0713222, 38.9050312 ], [ -77.0712574, 38.9050262 ], [ -77.0711921, 38.9050223 ] ] } },
{ "type": "Feature", "properties": { }, "geometry": { "type": "LineString", "coordinates": [ [ -77.0724976, 38.9052581 ], [ -77.0724388, 38.9052495 ], [ -77.0723824, 38.905241 ], [ -77.0723227, 38.9052305 ], [ -77.0722585, 38.9052173 ], [ -77.0715453, 38.9050679 ], [ -77.0714802, 38.9050551 ] ] } },
{ "type": "Feature", "properties": { }, "geometry": { "type": "LineString", "coordinates": [ [ -77.07022, 38.9050234 ], [ -77.0704737, 38.905069 ], [ -77.0706013, 38.9050715 ], [ -77.0707812, 38.905076 ], [ -77.0708704, 38.905079 ], [ -77.0709583, 38.9050822 ], [ -77.0710623, 38.9050877 ], [ -77.0711595, 38.9050942 ], [ -77.0712587, 38.9051022 ], [ -77.0713493, 38.9051125 ], [ -77.0714562, 38.9051286 ], [ -77.0715537, 38.9051452 ], [ -77.071649, 38.9051634 ], [ -77.072147, 38.9052686 ], [ -77.0722328, 38.9052864 ], [ -77.0723157, 38.9053022 ], [ -77.0724129, 38.9053184 ], [ -77.0725089, 38.9053321 ], [ -77.0726098, 38.9053455 ], [ -77.0731087, 38.9054095 ], [ -77.0732749, 38.9054321 ], [ -77.0734471, 38.9054562 ], [ -77.0736017, 38.9054784 ] ] } },
{ "type": "Feature", "properties": { }, "geometry": { "type": "LineString", "coordinates": [ [ -77.0741962, 38.9054559 ], [ -77.0741316, 38.9054531 ], [ -77.0740676, 38.9054487 ], [ -77.0739837, 38.9054418 ], [ -77.0739051, 38.9054336 ], [ -77.0738186, 38.9054231 ], [ -77.0724976, 38.9052581 ] ] } },
{ "type": "Feature", "properties": { }, "geometry": { "type": "LineString", "coordinates": [ [ -77.0715278, 38.9058513 ], [ -77.0715272, 38.9057753 ], [ -77.0715247, 38.90542 ] ] } },
{ "type": "Feature", "properties": { }, "geometry": { "type": "LineString", "coordinates": [ [ -77.0721723, 38.9058367 ], [ -77.0722126, 38.9059005 ] ] } },
{ "type": "Feature", "properties": { }, "geometry": { "type": "LineString", "coordinates": [ [ -77.0721723, 38.9058367 ], [ -77.0721314, 38.9059016 ] ] } },
{ "type": "Feature", "properties": { }, "geometry": { "type": "LineString", "coordinates": [ [ -77.0701281, 38.9047263 ], [ -77.0701301, 38.904747 ], [ -77.0701296, 38.9047657 ], [ -77.0701277, 38.9047884 ], [ -77.070124, 38.9048115 ], [ -77.0701164, 38.9048335 ], [ -77.0701089, 38.9048524 ], [ -77.0700993, 38.9048734 ] ] } },
{ "type": "Feature", "properties": { }, "geometry": { "type": "LineString", "coordinates": [ [ -77.0701281, 38.9047263 ], [ -77.0701772, 38.9048445 ], [ -77.0701888, 38.9048894 ] ] } },
{ "type": "Feature", "properties": { }, "geometry": { "type": "LineString", "coordinates": [ [ -77.0690542, 38.9050497 ], [ -77.0689544, 38.9050067 ], [ -77.0689113, 38.9049888 ], [ -77.068875, 38.904966 ], [ -77.0688454, 38.9049435 ], [ -77.0688176, 38.9049168 ], [ -77.0687951, 38.904886 ], [ -77.0687751, 38.9048547 ], [ -77.0687471, 38.9047951 ] ] } },
{ "type": "Feature", "properties": { }, "geometry": { "type": "LineString", "coordinates": [ [ -77.0686937, 38.9050608 ], [ -77.0687015, 38.9049828 ], [ -77.0687139, 38.9049173 ], [ -77.0687297, 38.9048581 ], [ -77.0687471, 38.9047951 ] ] } },
{ "type": "Feature", "properties": { }, "geometry": { "type": "LineString", "coordinates": [ [ -77.0687471, 38.9047951 ], [ -77.0685951, 38.9049111 ], [ -77.0685595, 38.9049362 ], [ -77.0685139, 38.9049639 ], [ -77.0684647, 38.9049854 ], [ -77.0682718, 38.9050633 ] ] } },
{ "type": "Feature", "properties": { }, "geometry": { "type": "LineString", "coordinates": [ [ -77.0700993, 38.9048734 ], [ -77.0700894, 38.9048893 ], [ -77.070075, 38.9049086 ], [ -77.0700602, 38.9049243 ], [ -77.0700413, 38.9049403 ], [ -77.0700205, 38.904954 ], [ -77.0699969, 38.904968 ], [ -77.0698906, 38.9050288 ] ] } },
{ "type": "Feature", "properties": { }, "geometry": { "type": "LineString", "coordinates": [ [ -77.0701888, 38.9048894 ], [ -77.07022, 38.9050234 ] ] } },
{ "type": "Feature", "properties": { }, "geometry": { "type": "LineString", "coordinates": [ [ -77.07066, 38.905005 ], [ -77.0704734, 38.9049638 ], [ -77.0704455, 38.9049557 ], [ -77.0704144, 38.9049431 ], [ -77.0703905, 38.9049294 ] ] } },
{ "type": "Feature", "properties": { }, "geometry": { "type": "LineString", "coordinates": [ [ -77.07066, 38.905005 ], [ -77.0705573, 38.9050035 ], [ -77.070467, 38.9050036 ], [ -77.07022, 38.9050234 ] ] } },
{ "type": "Feature", "properties": { }, "geometry": { "type": "LineString", "coordinates": [ [ -77.0711921, 38.9050223 ], [ -77.0711031, 38.9050181 ], [ -77.07066, 38.905005 ] ] } },
{ "type": "Feature", "properties": { }, "geometry": { "type": "LineString", "coordinates": [ [ -77.0750574, 38.9056724 ], [ -77.07487, 38.9056588 ], [ -77.0745376, 38.905663 ], [ -77.0744873, 38.9056617 ], [ -77.0744449, 38.9056594 ], [ -77.0744085, 38.9056542 ], [ -77.0743838, 38.905648 ], [ -77.074363, 38.9056391 ], [ -77.0743297, 38.9056187 ], [ -77.074307, 38.9055983 ], [ -77.0742831, 38.9055745 ], [ -77.0742609, 38.9055507 ] ] } },
{ "type": "Feature", "properties": { }, "geometry": { "type": "LineString", "coordinates": [ [ -77.0741589, 38.9055437 ], [ -77.0741546, 38.9055603 ], [ -77.0741525, 38.9055797 ], [ -77.074156, 38.9055958 ], [ -77.0741657, 38.9056121 ], [ -77.0741791, 38.9056296 ], [ -77.0742027, 38.9056521 ], [ -77.0742246, 38.9056643 ], [ -77.0742514, 38.9056765 ], [ -77.0742792, 38.9056854 ], [ -77.0743105, 38.9056922 ], [ -77.0743472, 38.9056958 ], [ -77.0743818, 38.9056978 ], [ -77.0748735, 38.9056928 ], [ -77.0750574, 38.9056724 ] ] } },
{ "type": "Feature", "properties": { }, "geometry": { "type": "LineString", "coordinates": [ [ -77.0753888, 38.9059196 ], [ -77.0754156, 38.9058069 ], [ -77.075412, 38.9057814 ], [ -77.0754067, 38.9057608 ], [ -77.0753987, 38.9057404 ], [ -77.0753744, 38.9056944 ], [ -77.0753626, 38.9056741 ], [ -77.0753562, 38.9056536 ], [ -77.0753546, 38.9056355 ], [ -77.0753574, 38.9056175 ], [ -77.0753667, 38.9056014 ], [ -77.075381, 38.9055844 ], [ -77.0753966, 38.9055685 ], [ -77.0754188, 38.905551 ], [ -77.0754399, 38.9055354 ] ] } },
{ "type": "Feature", "properties": { }, "geometry": { "type": "LineString", "coordinates": [ [ -77.0750574, 38.9056724 ], [ -77.0750939, 38.9056722 ], [ -77.0751345, 38.9056732 ], [ -77.0751712, 38.9056766 ], [ -77.0752048, 38.9056823 ], [ -77.0752392, 38.9056904 ], [ -77.0752679, 38.9057 ], [ -77.0752962, 38.9057139 ], [ -77.0753206, 38.90573 ], [ -77.0753397, 38.9057507 ], [ -77.0753535, 38.9057708 ], [ -77.0753638, 38.9057925 ], [ -77.0753722, 38.9058218 ], [ -77.0753829, 38.9058899 ], [ -77.0753888, 38.9059196 ] ] } },
{ "type": "Feature", "properties": { }, "geometry": { "type": "LineString", "coordinates": [ [ -77.0754596, 38.9060124 ], [ -77.0754199, 38.9059786 ], [ -77.0754042, 38.9059588 ], [ -77.0753956, 38.9059411 ], [ -77.0753888, 38.9059196 ] ] } },
{ "type": "Feature", "properties": { }, "geometry": { "type": "LineString", "coordinates": [ [ -77.0757664, 38.9060164 ], [ -77.075524, 38.9060133 ], [ -77.0754596, 38.9060124 ] ] } },
{ "type": "Feature", "properties": { }, "geometry": { "type": "LineString", "coordinates": [ [ -77.0754596, 38.9060124 ], [ -77.0754209, 38.906015 ], [ -77.0753887, 38.9060189 ], [ -77.075363, 38.9060245 ], [ -77.0753377, 38.9060332 ] ] } },
{ "type": "Feature", "properties": { }, "geometry": { "type": "LineString", "coordinates": [ [ -77.075524, 38.9060133 ], [ -77.0756728, 38.9060711 ], [ -77.0757009, 38.9060754 ], [ -77.0757315, 38.9060773 ], [ -77.0757646, 38.9060778 ] ] } },
{ "type": "Feature", "properties": { }, "geometry": { "type": "LineString", "coordinates": [ [ -77.0757646, 38.9060778 ], [ -77.0758032, 38.9060783 ], [ -77.07583, 38.9060779 ], [ -77.0758587, 38.9060756 ], [ -77.0758911, 38.9060688 ], [ -77.0760108, 38.9060318 ] ] } },
{ "type": "Feature", "properties": { }, "geometry": { "type": "LineString", "coordinates": [ [ -77.075593, 38.9063768 ], [ -77.0754953, 38.9062804 ], [ -77.0753887, 38.9061968 ], [ -77.0753301, 38.9061584 ], [ -77.0752623, 38.9061235 ], [ -77.0751917, 38.9060972 ], [ -77.075097, 38.9060769 ], [ -77.0749431, 38.9060655 ], [ -77.0748811, 38.9060629 ], [ -77.0748278, 38.9060606 ] ] } },
{ "type": "Feature", "properties": { }, "geometry": { "type": "LineString", "coordinates": [ [ -77.0792502, 38.9059009 ], [ -77.0785631, 38.9059398 ], [ -77.0784697, 38.9059435 ], [ -77.0783745, 38.9059466 ], [ -77.0782707, 38.9059456 ], [ -77.0781855, 38.9059427 ], [ -77.0780648, 38.9059334 ], [ -77.0779805, 38.905924 ], [ -77.077891, 38.9059102 ], [ -77.0778014, 38.9058941 ], [ -77.0777087, 38.9058748 ], [ -77.0776141, 38.9058533 ], [ -77.076674, 38.9056174 ], [ -77.0765703, 38.9055919 ], [ -77.0764754, 38.9055692 ], [ -77.0763807, 38.9055492 ], [ -77.0762851, 38.9055311 ], [ -77.0760323, 38.9054909 ], [ -77.0759477, 38.9054798 ], [ -77.075844, 38.905466 ], [ -77.0757344, 38.9054559 ], [ -77.0756394, 38.9054486 ], [ -77.075531, 38.9054446 ], [ -77.0754288, 38.9054428 ], [ -77.0753085, 38.9054435 ], [ -77.0751781, 38.9054458 ] ] } },
{ "type": "Feature", "properties": { }, "geometry": { "type": "LineString", "coordinates": [ [ -77.0754399, 38.9055354 ], [ -77.075541, 38.9055355 ], [ -77.0756394, 38.9055373 ], [ -77.075722, 38.9055398 ], [ -77.0758343, 38.9055462 ], [ -77.0759387, 38.9055553 ], [ -77.0760445, 38.9055673 ], [ -77.0761624, 38.9055837 ], [ -77.0762801, 38.9056034 ], [ -77.0763877, 38.9056246 ], [ -77.0765174, 38.9056531 ], [ -77.0766303, 38.905681 ], [ -77.0777673, 38.9059679 ], [ -77.0778841, 38.9059971 ], [ -77.0779613, 38.9060149 ], [ -77.0780313, 38.9060287 ], [ -77.0781094, 38.9060411 ], [ -77.0781918, 38.9060525 ], [ -77.0782537, 38.9060589 ], [ -77.078321, 38.906063 ] ] } },
{ "type": "Feature", "properties": { }, "geometry": { "type": "LineString", "coordinates": [ [ -77.078321, 38.906063 ], [ -77.0783992, 38.9060657 ], [ -77.0784867, 38.9060671 ], [ -77.0785716, 38.9060654 ], [ -77.0786453, 38.9060624 ], [ -77.0789348, 38.9060436 ] ] } },
{ "type": "Feature", "properties": { }, "geometry": { "type": "LineString", "coordinates": [ [ -77.0761045, 38.9061244 ], [ -77.0761046, 38.9061128 ], [ -77.0761047, 38.9061007 ], [ -77.0761051, 38.9060333 ] ] } },
{ "type": "Feature", "properties": { }, "geometry": { "type": "LineString", "coordinates": [ [ -77.0772385, 38.9063091 ], [ -77.0770862, 38.9062607 ], [ -77.0770466, 38.9062482 ], [ -77.0770177, 38.9062407 ], [ -77.0769881, 38.9062341 ], [ -77.0769575, 38.9062293 ], [ -77.0769233, 38.9062253 ], [ -77.0767666, 38.9062151 ], [ -77.0767287, 38.9062131 ], [ -77.0766972, 38.9062105 ], [ -77.0766658, 38.9062058 ], [ -77.0766348, 38.9061992 ], [ -77.0766035, 38.906189 ], [ -77.0765733, 38.9061751 ], [ -77.0764375, 38.9060969 ], [ -77.076413, 38.9060833 ], [ -77.0763899, 38.9060716 ], [ -77.076363, 38.9060614 ], [ -77.0763367, 38.9060542 ], [ -77.0763042, 38.9060469 ], [ -77.0762717, 38.9060425 ], [ -77.0762396, 38.9060391 ], [ -77.0762021, 38.9060368 ], [ -77.0761051, 38.9060333 ], [ -77.0760318, 38.9060322 ], [ -77.0760108, 38.9060318 ], [ -77.0758545, 38.9060176 ], [ -77.0757664, 38.9060164 ] ] } },
{ "type": "Feature", "properties": { }, "geometry": { "type": "LineString", "coordinates": [ [ -77.0772577, 38.9065517 ], [ -77.0772699, 38.9065336 ], [ -77.0772806, 38.9065117 ], [ -77.0772874, 38.9064876 ], [ -77.0772902, 38.906467 ], [ -77.0772878, 38.9064439 ], [ -77.0772821, 38.9064189 ], [ -77.0772385, 38.9063091 ] ] } },
{ "type": "Feature", "properties": { }, "geometry": { "type": "LineString", "coordinates": [ [ -77.0770829, 38.9067195 ], [ -77.0771059, 38.9067056 ], [ -77.0771298, 38.906687 ], [ -77.0771542, 38.9066638 ], [ -77.0772016, 38.9066155 ], [ -77.077237, 38.9065765 ], [ -77.0772577, 38.9065517 ] ] } },
{ "type": "Feature", "properties": { }, "geometry": { "type": "LineString", "coordinates": [ [ -77.0778508, 38.9070715 ], [ -77.0778646, 38.9070163 ], [ -77.0778712, 38.9069817 ], [ -77.0778751, 38.9069467 ], [ -77.0778757, 38.9069094 ], [ -77.0778729, 38.9068714 ], [ -77.0778676, 38.9068365 ], [ -77.0778606, 38.9068036 ], [ -77.0778456, 38.9067658 ], [ -77.0778293, 38.9067287 ], [ -77.0778126, 38.9066919 ], [ -77.0777882, 38.9066532 ], [ -77.0777591, 38.9066164 ], [ -77.0777259, 38.9065829 ], [ -77.0776824, 38.9065459 ], [ -77.0776442, 38.906514 ], [ -77.0776061, 38.9064864 ], [ -77.0775623, 38.9064567 ], [ -77.0775098, 38.9064254 ], [ -77.0774544, 38.9063963 ], [ -77.0774024, 38.9063728 ], [ -77.0773566, 38.9063531 ], [ -77.0772385, 38.9063091 ] ] } },
{ "type": "Feature", "properties": { }, "geometry": { "type": "LineString", "coordinates": [ [ -77.0770829, 38.9067195 ], [ -77.0770603, 38.9067304 ], [ -77.0770319, 38.9067376 ], [ -77.077, 38.9067407 ], [ -77.0769706, 38.9067416 ], [ -77.0769481, 38.9067417 ] ] } },
{ "type": "Feature", "properties": { }, "geometry": { "type": "LineString", "coordinates": [ [ -77.0776061, 38.9064864 ], [ -77.0775806, 38.9065459 ], [ -77.0774306, 38.906897 ], [ -77.0774255, 38.9069157 ], [ -77.0774241, 38.9069351 ], [ -77.0774274, 38.9069553 ], [ -77.077435, 38.9069791 ], [ -77.0774459, 38.9069993 ], [ -77.0774606, 38.9070214 ], [ -77.0774807, 38.9070423 ], [ -77.0775009, 38.9070573 ], [ -77.0775243, 38.9070669 ], [ -77.0775517, 38.9070741 ], [ -77.0775857, 38.9070793 ], [ -77.0776247, 38.9070824 ], [ -77.077665, 38.9070828 ], [ -77.0777106, 38.9070817 ], [ -77.0777451, 38.9070794 ], [ -77.0778508, 38.9070715 ] ] } },
{ "type": "Feature", "properties": { }, "geometry": { "type": "LineString", "coordinates": [ [ -77.0748278, 38.9060606 ], [ -77.0745737, 38.9060442 ], [ -77.074429, 38.9060237 ], [ -77.0742951, 38.9059995 ], [ -77.0741661, 38.9059889 ], [ -77.0738968, 38.9059666 ], [ -77.0732532, 38.9059216 ], [ -77.0731315, 38.9059045 ], [ -77.0730194, 38.9058833 ], [ -77.0728866, 38.9058591 ], [ -77.0727755, 38.9058435 ], [ -77.0726696, 38.9058326 ], [ -77.0725646, 38.9058282 ], [ -77.0721723, 38.9058367 ], [ -77.071669, 38.9058486 ], [ -77.0716229, 38.9058497 ], [ -77.0715278, 38.9058513 ] ] } },
{ "type": "Feature", "properties": { }, "geometry": { "type": "LineString", "coordinates": [ [ -77.0721855, 38.906168 ], [ -77.0721735, 38.9059009 ], [ -77.0721723, 38.9058367 ] ] } },
{ "type": "Feature", "properties": { }, "geometry": { "type": "MultiLineString", "coordinates": [ [ [ -77.0721314, 38.9059016 ], [ -77.0720828, 38.9060038 ] ], [ [ -77.0720828, 38.9060038 ], [ -77.0718493, 38.9060055 ], [ -77.0718585, 38.9061616 ], [ -77.0721214, 38.9061575 ], [ -77.0721163, 38.9060043 ], [ -77.0720828, 38.9060038 ] ] ] } },
{ "type": "Feature", "properties": { }, "geometry": { "type": "LineString", "coordinates": [ [ -77.0722126, 38.9059005 ], [ -77.072262, 38.9059908 ], [ -77.0723547, 38.9059896 ], [ -77.0725095, 38.9059885 ], [ -77.0725188, 38.9061829 ] ] } },
{ "type": "Feature", "properties": { }, "geometry": { "type": "LineString", "coordinates": [ [ -77.0725188, 38.9061829 ], [ -77.0723638, 38.9061837 ], [ -77.0723547, 38.9059896 ] ] } },
{ "type": "Feature", "properties": { }, "geometry": { "type": "MultiLineString", "coordinates": [ [ [ -77.072195, 38.9068114 ], [ -77.0722586, 38.9068116 ], [ -77.0725243, 38.9067919 ], [ -77.0725618, 38.9067826 ], [ -77.0726625, 38.906755 ], [ -77.072712417107937, 38.906742653481281 ] ], [ [ -77.073826882428492, 38.906664394713346 ], [ -77.073934, 38.9066627 ], [ -77.0743349, 38.9066562 ], [ -77.0747248, 38.9066538 ], [ -77.0747627, 38.906655 ], [ -77.0748208, 38.9066548 ] ] ] } },
{ "type": "Feature", "properties": { }, "geometry": { "type": "LineString", "coordinates": [ [ -77.0716068, 38.9076811 ], [ -77.0716041, 38.9076178 ], [ -77.0715684, 38.9067519 ], [ -77.0715639, 38.906693 ], [ -77.0715612, 38.9066306 ], [ -77.0715456, 38.9061995 ], [ -77.0715317, 38.9059157 ], [ -77.0715278, 38.9058513 ] ] } },
{ "type": "Feature", "properties": { }, "geometry": { "type": "LineString", "coordinates": [ [ -77.0721069, 38.9076057 ], [ -77.0721159, 38.9076423 ], [ -77.0721389, 38.9076736 ], [ -77.0721736, 38.9076974 ], [ -77.0722162, 38.9077114 ], [ -77.0722624, 38.907714 ], [ -77.0723072, 38.9077049 ], [ -77.0723459, 38.9076852 ], [ -77.0723744, 38.907657 ], [ -77.0723898, 38.9076231 ], [ -77.0723905, 38.9075872 ], [ -77.0723764, 38.907553 ], [ -77.0723491, 38.9075241 ], [ -77.0723096, 38.9075029 ], [ -77.0722634, 38.9074931 ], [ -77.0722156, 38.9074957 ], [ -77.0721716, 38.9075105 ], [ -77.0721364, 38.9075358 ], [ -77.072114, 38.9075688 ], [ -77.0721069, 38.9076057 ] ] } },
{ "type": "Feature", "properties": { }, "geometry": { "type": "LineString", "coordinates": [ [ -77.0748278, 38.9060606 ], [ -77.074839, 38.9061205 ], [ -77.0748427, 38.906156 ], [ -77.0748441, 38.9062104 ], [ -77.0748406, 38.9064318 ], [ -77.0748257, 38.9066001 ], [ -77.0748208, 38.9066548 ] ] } },
{ "type": "Feature", "properties": { }, "geometry": { "type": "LineString", "coordinates": [ [ -77.073934224495687, 38.906671180948344 ], [ -77.073934, 38.9066627 ] ] } },
{ "type": "Feature", "properties": { }, "geometry": { "type": "LineString", "coordinates": [ [ -77.074334436448709, 38.906696482607174 ], [ -77.0743349, 38.9066562 ] ] } },
{ "type": "Feature", "properties": { }, "geometry": { "type": "LineString", "coordinates": [ [ -77.0748208, 38.9066548 ], [ -77.0748219, 38.9067119 ], [ -77.074821520622947, 38.906727276384089 ] ] } },
{ "type": "Feature", "properties": { }, "geometry": { "type": "LineString", "coordinates": [ [ -77.080370162125888, 38.901422995938617 ], [ -77.0802411, 38.9014408 ] ] } },
{ "type": "Feature", "properties": { }, "geometry": { "type": "LineString", "coordinates": [ [ -77.0798052, 38.9015006 ], [ -77.0795616, 38.9015326 ], [ -77.0793879, 38.901553 ], [ -77.0792077, 38.9015714 ], [ -77.079061, 38.9015847 ], [ -77.0789109, 38.9015937 ], [ -77.078772, 38.9015974 ], [ -77.0786163, 38.9015966 ], [ -77.0784826, 38.9015929 ], [ -77.0783541, 38.9015859 ], [ -77.0782399, 38.9015749 ], [ -77.0781226, 38.9015618 ], [ -77.0779981, 38.9015435 ], [ -77.0778749, 38.901523 ] ] } },
{ "type": "Feature", "properties": { }, "geometry": { "type": "LineString", "coordinates": [ [ -77.0832939, 38.9016754 ], [ -77.083488658245656, 38.901600914795772 ] ] } },
{ "type": "Feature", "properties": { }, "geometry": { "type": "LineString", "coordinates": [ [ -77.0839132, 38.9017113 ], [ -77.0826228, 38.9015221 ] ] } },
{ "type": "Feature", "properties": { }, "geometry": { "type": "LineString", "coordinates": [ [ -77.0792502, 38.9059009 ], [ -77.079281, 38.9058717 ], [ -77.0793161, 38.9058415 ], [ -77.0793508, 38.9058173 ], [ -77.0793909, 38.9057941 ], [ -77.079438, 38.9057733 ], [ -77.0794881, 38.9057584 ], [ -77.0795426, 38.905743 ], [ -77.0797125, 38.9056973 ], [ -77.0798897, 38.9056522 ], [ -77.0800597, 38.9056086 ], [ -77.0802307, 38.9055626 ], [ -77.0804003, 38.9055136 ], [ -77.0809036, 38.9053675 ], [ -77.0810503, 38.9053257 ], [ -77.0811025, 38.9053121 ], [ -77.0811639, 38.9052963 ], [ -77.0812244, 38.9052828 ], [ -77.0812849, 38.9052708 ], [ -77.0813505, 38.9052594 ], [ -77.0814185, 38.9052494 ], [ -77.0814867, 38.9052417 ], [ -77.0815557, 38.9052351 ], [ -77.0816205, 38.9052324 ], [ -77.0816878, 38.9052323 ], [ -77.0817607, 38.9052335 ], [ -77.0818387, 38.9052363 ], [ -77.0819114, 38.9052402 ], [ -77.0823007, 38.9052642 ], [ -77.0823714, 38.9052696 ], [ -77.0824383, 38.905276 ], [ -77.0825058, 38.905284 ], [ -77.0825775, 38.9052956 ], [ -77.0826401, 38.9053088 ], [ -77.0827, 38.9053239 ], [ -77.0827591, 38.9053423 ], [ -77.0828145, 38.9053613 ], [ -77.0851978, 38.906216 ], [ -77.0853295, 38.9062605 ], [ -77.0854643, 38.906305 ], [ -77.0856221, 38.906358 ], [ -77.0857661, 38.9064044 ], [ -77.0859384, 38.906458 ], [ -77.0868001, 38.906727 ] ] } },
{ "type": "Feature", "properties": { }, "geometry": { "type": "LineString", "coordinates": [ [ -77.0848805, 38.9069405 ], [ -77.0848167, 38.9068938 ], [ -77.0847479, 38.9068471 ], [ -77.084515, 38.906744 ], [ -77.084409, 38.906711 ], [ -77.084337, 38.906692 ], [ -77.084264, 38.906676 ], [ -77.0841136, 38.9066612 ] ] } },
{ "type": "Feature", "properties": { }, "geometry": { "type": "LineString", "coordinates": [ [ -77.0831814, 38.9068301 ], [ -77.0830614, 38.907008 ], [ -77.0829118, 38.9069335 ], [ -77.0828214, 38.9068885 ], [ -77.0827972, 38.9068395 ] ] } },
{ "type": "Feature", "properties": { }, "geometry": { "type": "LineString", "coordinates": [ [ -77.0826228, 38.9015221 ], [ -77.08238406689189, 38.901489059106481 ] ] } },
{ "type": "Feature", "properties": { }, "geometry": { "type": "LineString", "coordinates": [ [ -77.0802411, 38.9014408 ], [ -77.0798052, 38.9015006 ] ] } },
{ "type": "Feature", "properties": { }, "geometry": { "type": "LineString", "coordinates": [ [ -77.0810067, 38.9021562 ], [ -77.0813307, 38.9021337 ], [ -77.0814811, 38.9021218 ], [ -77.0816292, 38.9021082 ], [ -77.0817782, 38.9020919 ], [ -77.0819143, 38.9020733 ], [ -77.082051, 38.9020489 ], [ -77.0821949, 38.9020164 ], [ -77.0823341, 38.9019831 ], [ -77.0824754, 38.9019459 ], [ -77.0826186, 38.9019035 ], [ -77.0827472, 38.9018656 ], [ -77.0829009, 38.9018153 ], [ -77.0830414, 38.9017689 ], [ -77.0831742, 38.9017218 ], [ -77.0832939, 38.9016754 ] ] } },
{ "type": "Feature", "properties": { }, "geometry": { "type": "LineString", "coordinates": [ [ -77.0771329, 38.9017631 ], [ -77.077406, 38.9018367 ], [ -77.0776686, 38.9019006 ], [ -77.0779433, 38.9019558 ], [ -77.0781936, 38.9019971 ], [ -77.0784708, 38.9020373 ], [ -77.0787457, 38.9020713 ], [ -77.0790253, 38.9020997 ], [ -77.079305, 38.9021198 ], [ -77.0795786, 38.9021347 ], [ -77.0798623, 38.9021452 ], [ -77.0801389, 38.9021496 ], [ -77.080413, 38.9021531 ], [ -77.0810067, 38.9021562 ] ] } },
{ "type": "Feature", "properties": { }, "geometry": { "type": "LineString", "coordinates": [ [ -77.0810067, 38.9021562 ], [ -77.0816068, 38.9021768 ], [ -77.0825328, 38.9021952 ] ] } },
{ "type": "Feature", "properties": { }, "geometry": { "type": "LineString", "coordinates": [ [ -77.0825328, 38.9021952 ], [ -77.0829325, 38.9022066 ] ] } },
{ "type": "Feature", "properties": { }, "geometry": { "type": "LineString", "coordinates": [ [ -77.0802228, 38.9060494 ], [ -77.0801076, 38.9059895 ], [ -77.0800733, 38.9059748 ], [ -77.0800348, 38.9059618 ], [ -77.0799745, 38.9059464 ], [ -77.0799044, 38.9059309 ], [ -77.0798336, 38.9059182 ], [ -77.0797514, 38.905906 ], [ -77.0796728, 38.9058973 ], [ -77.0795971, 38.9058921 ], [ -77.0795235, 38.9058908 ], [ -77.0794382, 38.9058922 ], [ -77.0793501, 38.9058954 ], [ -77.0792502, 38.9059009 ] ] } },
{ "type": "Feature", "properties": { }, "geometry": { "type": "LineString", "coordinates": [ [ -77.0789348, 38.9060436 ], [ -77.0791, 38.9059918 ], [ -77.0791337, 38.9059795 ], [ -77.0791735, 38.9059606 ], [ -77.0792092, 38.9059347 ], [ -77.0792502, 38.9059009 ] ] } },
{ "type": "Feature", "properties": { }, "geometry": { "type": "LineString", "coordinates": [ [ -77.0789348, 38.9060436 ], [ -77.0795623, 38.9060004 ], [ -77.0796427, 38.9059975 ], [ -77.0797323, 38.9059986 ], [ -77.0798241, 38.9060023 ], [ -77.0799229, 38.9060094 ], [ -77.0800097, 38.9060174 ], [ -77.0800793, 38.9060257 ], [ -77.0801467, 38.9060359 ], [ -77.0802228, 38.9060494 ] ] } },
{ "type": "Feature", "properties": { }, "geometry": { "type": "LineString", "coordinates": [ [ -77.0802228, 38.9060494 ], [ -77.0802784, 38.9060755 ], [ -77.0803354, 38.9061031 ], [ -77.0803949, 38.9061357 ], [ -77.0804513, 38.9061697 ], [ -77.0805162, 38.9062143 ], [ -77.0805701, 38.9062537 ] ] } },
{ "type": "Feature", "properties": { }, "geometry": { "type": "LineString", "coordinates": [ [ -77.089741535386764, 38.903051241314088 ], [ -77.0897246, 38.9030448 ], [ -77.088857, 38.90278 ], [ -77.0876812, 38.9024594 ], [ -77.0863851, 38.9021655 ], [ -77.0852436, 38.9019384 ], [ -77.0839132, 38.9017113 ] ] } },
{ "type": "Feature", "properties": { }, "geometry": { "type": "MultiLineString", "coordinates": [ [ [ -77.0829325, 38.9022066 ], [ -77.0838188, 38.9022323 ], [ -77.0850719, 38.9023458 ], [ -77.0863943, 38.9025371 ], [ -77.0873808, 38.9027132 ], [ -77.0883678, 38.902947 ], [ -77.0890716, 38.9031273 ], [ -77.089784, 38.9033544 ], [ -77.0904106, 38.9035548 ], [ -77.0910972, 38.9037953 ], [ -77.091210045999745, 38.903841979402642 ] ], [ [ -77.091710604512983, 38.904049038336375 ], [ -77.0917753, 38.9040758 ], [ -77.092290680171089, 38.904312341805358 ] ], [ [ -77.092487555283171, 38.904404261875548 ], [ -77.092719498784547, 38.90452150710292 ] ], [ [ -77.092956914291548, 38.904641518376927 ], [ -77.093109603126678, 38.904718701126548 ] ], [ [ -77.093113822316937, 38.904720833886969 ], [ -77.0940841, 38.9052113 ] ] ] } },
{ "type": "Feature", "properties": { }, "geometry": { "type": "LineString", "coordinates": [ [ -77.0879439, 38.908054 ], [ -77.0881991, 38.9077852 ], [ -77.0882229, 38.9077577 ], [ -77.0882428, 38.9077271 ], [ -77.0882532, 38.9077018 ], [ -77.0882598, 38.9076798 ], [ -77.0882618, 38.9076598 ], [ -77.0882613, 38.9076363 ] ] } },
{ "type": "Feature", "properties": { }, "geometry": { "type": "LineString", "coordinates": [ [ -77.0881991, 38.9077852 ], [ -77.0882805, 38.9078256 ], [ -77.0883674, 38.907866 ], [ -77.0889037, 38.9081166 ], [ -77.0889481, 38.90814 ], [ -77.0889922, 38.908164 ], [ -77.0890293, 38.9081894 ], [ -77.089073, 38.9082207 ], [ -77.0898703, 38.9088339 ], [ -77.0899335, 38.9088828 ], [ -77.0899938, 38.9089289 ], [ -77.0900418, 38.9089691 ], [ -77.0900544, 38.9089832 ], [ -77.0900646, 38.9089993 ], [ -77.0900649, 38.9090164 ], [ -77.0900595, 38.9090324 ], [ -77.0900505, 38.9090471 ] ] } },
{ "type": "Feature", "properties": { }, "geometry": { "type": "LineString", "coordinates": [ [ -77.087647, 38.9083755 ], [ -77.0877086, 38.9084053 ], [ -77.0877549, 38.9084277 ], [ -77.087921, 38.908508 ], [ -77.088908, 38.9089904 ], [ -77.0889813, 38.9090259 ], [ -77.0890566, 38.9090653 ], [ -77.0891182, 38.909102 ], [ -77.0891787, 38.9091429 ], [ -77.0892302, 38.9091796 ], [ -77.0895255, 38.909378 ], [ -77.0895662, 38.9094054 ], [ -77.0896188, 38.9094408 ] ] } },
{ "type": "Feature", "properties": { }, "geometry": { "type": "LineString", "coordinates": [ [ -77.0907604, 38.9095634 ], [ -77.0909174, 38.9094217 ], [ -77.0906232, 38.9092162 ], [ -77.0904704, 38.9093519 ], [ -77.0907604, 38.9095634 ] ] } },
{ "type": "Feature", "properties": { }, "geometry": { "type": "LineString", "coordinates": [ [ -77.0882422, 38.9090991 ], [ -77.08868, 38.9093415 ], [ -77.0883659, 38.9096417 ], [ -77.0883094, 38.9096956 ] ] } },
{ "type": "Feature", "properties": { }, "geometry": { "type": "LineString", "coordinates": [ [ -77.0887685, 38.9093936 ], [ -77.0889133, 38.9094928 ] ] } },
{ "type": "Feature", "properties": { }, "geometry": { "type": "LineString", "coordinates": [ [ -77.0892302, 38.9091796 ], [ -77.0889133, 38.9094928 ], [ -77.0888564, 38.9095521 ], [ -77.0885968, 38.9098248 ], [ -77.0885412, 38.9098833 ] ] } },
{ "type": "Feature", "properties": { }, "geometry": { "type": "LineString", "coordinates": [ [ -77.0809149, 38.9065784 ], [ -77.0808586, 38.906495 ], [ -77.080803, 38.9064314 ], [ -77.0807557, 38.9063872 ], [ -77.0805701, 38.9062537 ] ] } },
{ "type": "Feature", "properties": { }, "geometry": { "type": "LineString", "coordinates": [ [ -77.0805701, 38.9062537 ], [ -77.0806816, 38.9064145 ], [ -77.0807562, 38.9065088 ], [ -77.0810474, 38.9068861 ] ] } },
{ "type": "Feature", "properties": { }, "geometry": { "type": "LineString", "coordinates": [ [ -77.0814495, 38.90681 ], [ -77.0812411, 38.9067197 ], [ -77.0811615, 38.9066852 ], [ -77.08111, 38.9066629 ], [ -77.0809149, 38.9065784 ] ] } },
{ "type": "Feature", "properties": { }, "geometry": { "type": "LineString", "coordinates": [ [ -77.0811371, 38.9068625 ], [ -77.0809149, 38.9065784 ] ] } },
{ "type": "Feature", "properties": { }, "geometry": { "type": "LineString", "coordinates": [ [ -77.0823593, 38.9069524 ], [ -77.0821957, 38.9064998 ], [ -77.0816821, 38.9065895 ], [ -77.0813204, 38.9066963 ], [ -77.0812411, 38.9067197 ] ] } },
{ "type": "Feature", "properties": { }, "geometry": { "type": "LineString", "coordinates": [ [ -77.08261, 38.9068789 ], [ -77.0825364, 38.9066506 ] ] } },
{ "type": "Feature", "properties": { }, "geometry": { "type": "LineString", "coordinates": [ [ -77.0816723, 38.9069217 ], [ -77.0814495, 38.90681 ] ] } },
{ "type": "Feature", "properties": { }, "geometry": { "type": "LineString", "coordinates": [ [ -77.0811371, 38.9068625 ], [ -77.0812275, 38.9068647 ], [ -77.0812397, 38.906865 ], [ -77.08131, 38.9068714 ], [ -77.0813814, 38.9068775 ], [ -77.0814454, 38.9068848 ] ] } },
{ "type": "Feature", "properties": { }, "geometry": { "type": "LineString", "coordinates": [ [ -77.0810474, 38.9068861 ], [ -77.0811371, 38.9068625 ] ] } },
{ "type": "Feature", "properties": { }, "geometry": { "type": "LineString", "coordinates": [ [ -77.0814454, 38.9068848 ], [ -77.0814952, 38.9068914 ], [ -77.0816723, 38.9069217 ] ] } },
{ "type": "Feature", "properties": { }, "geometry": { "type": "LineString", "coordinates": [ [ -77.0848805, 38.9069405 ], [ -77.0848595, 38.906956 ], [ -77.0848451, 38.9069755 ], [ -77.0848385, 38.9069974 ], [ -77.0848403, 38.9070199 ], [ -77.0848502, 38.907041 ], [ -77.0848676, 38.907059 ], [ -77.0848908, 38.9070724 ], [ -77.0849162, 38.9070797 ], [ -77.0849432, 38.9070814 ], [ -77.0849698, 38.9070774 ], [ -77.084994, 38.907068 ], [ -77.0850141, 38.9070538 ], [ -77.0850285, 38.907036 ], [ -77.0850363, 38.9070158 ], [ -77.0850365, 38.9069933 ], [ -77.0850283, 38.9069716 ], [ -77.0850125, 38.9069527 ], [ -77.0849904, 38.9069381 ], [ -77.0849638, 38.9069291 ], [ -77.084935, 38.9069265 ], [ -77.0849064, 38.9069304 ], [ -77.0848805, 38.9069405 ] ] } },
{ "type": "Feature", "properties": { }, "geometry": { "type": "LineString", "coordinates": [ [ -77.0830302, 38.9067586 ], [ -77.083363, 38.906684 ], [ -77.0834707, 38.9067098 ], [ -77.0836199, 38.9069295 ], [ -77.0839431, 38.9073715 ] ] } },
{ "type": "Feature", "properties": { }, "geometry": { "type": "LineString", "coordinates": [ [ -77.085888, 38.907148 ], [ -77.08572, 38.907103 ], [ -77.085675, 38.90709 ], [ -77.085582, 38.907068 ], [ -77.085488, 38.90705 ], [ -77.085442, 38.907044 ], [ -77.085396, 38.907035 ], [ -77.085306, 38.907014 ], [ -77.085262, 38.907 ], [ -77.085182, 38.90698 ], [ -77.08513, 38.906966 ], [ -77.0850283, 38.9069716 ] ] } },
{ "type": "Feature", "properties": { }, "geometry": { "type": "LineString", "coordinates": [ [ -77.0866581, 38.9075626 ], [ -77.08663, 38.9075335 ], [ -77.0866089, 38.9075059 ], [ -77.0865782, 38.9074635 ], [ -77.086552, 38.9074277 ], [ -77.0865319, 38.9073947 ], [ -77.0865159, 38.9073644 ], [ -77.0865048, 38.907334 ], [ -77.0865004, 38.9073034 ], [ -77.0864975, 38.9072687 ], [ -77.0865, 38.9072373 ], [ -77.0865066, 38.9072047 ], [ -77.0865173, 38.9071738 ], [ -77.0865322, 38.9071451 ], [ -77.0865476, 38.9071204 ], [ -77.0867172, 38.9068663 ], [ -77.0867505, 38.9068144 ], [ -77.0867753, 38.9067709 ], [ -77.0868001, 38.906727 ] ] } },
{ "type": "Feature", "properties": { }, "geometry": { "type": "LineString", "coordinates": [ [ -77.0870266, 38.9071888 ], [ -77.0871067, 38.9072238 ], [ -77.087172, 38.9072507 ] ] } },
{ "type": "Feature", "properties": { }, "geometry": { "type": "LineString", "coordinates": [ [ -77.0830842, 38.9075543 ], [ -77.0831318, 38.9074866 ], [ -77.0832518, 38.907314 ], [ -77.0834642, 38.9070085 ], [ -77.0836199, 38.9069295 ] ] } },
{ "type": "Feature", "properties": { }, "geometry": { "type": "LineString", "coordinates": [ [ -77.0832518, 38.907314 ], [ -77.0832991, 38.9073356 ], [ -77.0837982, 38.9075627 ] ] } },
{ "type": "Feature", "properties": { }, "geometry": { "type": "LineString", "coordinates": [ [ -77.087172, 38.9072507 ], [ -77.0872352, 38.9072749 ], [ -77.0873078, 38.9072988 ], [ -77.0874187, 38.9073322 ], [ -77.0881465, 38.9075383 ], [ -77.0881804, 38.9075496 ], [ -77.0882063, 38.9075604 ], [ -77.0882285, 38.9075741 ], [ -77.0882443, 38.9075946 ], [ -77.0882542, 38.9076168 ], [ -77.0882613, 38.9076363 ] ] } },
{ "type": "Feature", "properties": { }, "geometry": { "type": "LineString", "coordinates": [ [ -77.0840505, 38.9079858 ], [ -77.0840865, 38.907937 ], [ -77.084108, 38.907908 ], [ -77.084187, 38.907808 ], [ -77.084273, 38.907741 ], [ -77.084306, 38.907723 ], [ -77.084458, 38.907629 ], [ -77.084477, 38.907618 ], [ -77.084537, 38.907576 ], [ -77.084575, 38.907545 ], [ -77.084594, 38.907528 ], [ -77.084645, 38.907476 ], [ -77.084695, 38.907414 ], [ -77.084733, 38.907361 ], [ -77.084751, 38.907334 ], [ -77.084784, 38.907279 ], [ -77.0848908, 38.9070724 ] ] } },
{ "type": "Feature", "properties": { }, "geometry": { "type": "LineString", "coordinates": [ [ -77.0847586, 38.907799 ], [ -77.0848109, 38.9075622 ] ] } },
{ "type": "Feature", "properties": { }, "geometry": { "type": "LineString", "coordinates": [ [ -77.082954, 38.9068064 ], [ -77.0827972, 38.9068395 ], [ -77.08261, 38.9068789 ], [ -77.0824702, 38.9069084 ], [ -77.0824398, 38.9069191 ], [ -77.08241, 38.9069329 ], [ -77.082382, 38.9069451 ], [ -77.0823593, 38.9069524 ], [ -77.0821328, 38.9069989 ], [ -77.0821005, 38.907009 ], [ -77.0820618, 38.9070284 ], [ -77.0820474, 38.9070374 ], [ -77.0820246, 38.9070553 ], [ -77.0820037, 38.9070721 ] ] } },
{ "type": "Feature", "properties": { }, "geometry": { "type": "LineString", "coordinates": [ [ -77.0812725, 38.9070491 ], [ -77.0811986, 38.9069465 ], [ -77.0811371, 38.9068625 ] ] } },
{ "type": "Feature", "properties": { }, "geometry": { "type": "LineString", "coordinates": [ [ -77.0812725, 38.9070491 ], [ -77.0812929, 38.9070216 ], [ -77.0813155, 38.9069912 ], [ -77.0813358, 38.9069659 ], [ -77.0813559, 38.9069458 ], [ -77.081382, 38.906925 ], [ -77.0814454, 38.9068848 ] ] } },
{ "type": "Feature", "properties": { }, "geometry": { "type": "LineString", "coordinates": [ [ -77.0824398, 38.9069191 ], [ -77.0824479, 38.9069715 ], [ -77.0825169, 38.9069725 ], [ -77.082472, 38.907056 ] ] } },
{ "type": "Feature", "properties": { }, "geometry": { "type": "LineString", "coordinates": [ [ -77.0816723, 38.9069217 ], [ -77.0820037, 38.9070721 ] ] } },
{ "type": "Feature", "properties": { }, "geometry": { "type": "LineString", "coordinates": [ [ -77.0810474, 38.9068861 ], [ -77.0811143, 38.9069712 ], [ -77.0811216, 38.9069805 ], [ -77.0811977, 38.9070775 ], [ -77.0813411, 38.9072043 ] ] } },
{ "type": "Feature", "properties": { }, "geometry": { "type": "LineString", "coordinates": [ [ -77.0813411, 38.9072043 ], [ -77.0812725, 38.9070491 ] ] } },
{ "type": "Feature", "properties": { }, "geometry": { "type": "LineString", "coordinates": [ [ -77.0820037, 38.9070721 ], [ -77.082511, 38.9072993 ] ] } },
{ "type": "Feature", "properties": { }, "geometry": { "type": "LineString", "coordinates": [ [ -77.082511, 38.9072993 ], [ -77.0830842, 38.9075543 ] ] } },
{ "type": "Feature", "properties": { }, "geometry": { "type": "LineString", "coordinates": [ [ -77.080215, 38.908654 ], [ -77.0802358, 38.9086003 ], [ -77.080246, 38.908574 ], [ -77.080272, 38.908504 ], [ -77.080516, 38.907807 ], [ -77.0806381, 38.9074544 ], [ -77.080767, 38.907082 ], [ -77.080779, 38.907051 ], [ -77.080789, 38.90703 ], [ -77.080808, 38.907004 ], [ -77.080826, 38.906989 ], [ -77.0809885, 38.9069135 ], [ -77.0810474, 38.9068861 ] ] } },
{ "type": "Feature", "properties": { }, "geometry": { "type": "LineString", "coordinates": [ [ -77.0836693, 38.9078159 ], [ -77.0837191, 38.9077642 ], [ -77.0837764, 38.9077203 ], [ -77.0840092, 38.9076383 ], [ -77.084119, 38.9076128 ], [ -77.0841695, 38.9076874 ] ] } },
{ "type": "Feature", "properties": { }, "geometry": { "type": "LineString", "coordinates": [ [ -77.0879439, 38.908054 ], [ -77.0879067, 38.9080355 ], [ -77.0878736, 38.9080221 ], [ -77.0878419, 38.9080118 ], [ -77.0870132, 38.9077651 ], [ -77.0869541, 38.9077454 ], [ -77.0868967, 38.9077238 ], [ -77.0868449, 38.9077004 ], [ -77.0867988, 38.9076761 ], [ -77.0867555, 38.9076482 ], [ -77.0867186, 38.9076222 ], [ -77.0866873, 38.907595 ], [ -77.0866581, 38.9075626 ] ] } },
{ "type": "Feature", "properties": { }, "geometry": { "type": "LineString", "coordinates": [ [ -77.0842678, 38.908082 ], [ -77.0843002, 38.9080329 ], [ -77.0843866, 38.9079023 ], [ -77.0847586, 38.907799 ], [ -77.0849893, 38.9077675 ] ] } },
{ "type": "Feature", "properties": { }, "geometry": { "type": "LineString", "coordinates": [ [ -77.0849893, 38.9077675 ], [ -77.0856225, 38.9080317 ], [ -77.0856802, 38.908055 ], [ -77.0857364, 38.9080745 ], [ -77.0858967, 38.9081269 ], [ -77.085908, 38.9081322 ], [ -77.0859547, 38.908154 ] ] } },
{ "type": "Feature", "properties": { }, "geometry": { "type": "LineString", "coordinates": [ [ -77.0832445, 38.9082582 ], [ -77.083557, 38.9080067 ], [ -77.0836514, 38.9078934 ], [ -77.0837033, 38.9078311 ] ] } },
{ "type": "Feature", "properties": { }, "geometry": { "type": "LineString", "coordinates": [ [ -77.0860419, 38.9080195 ], [ -77.0862678, 38.9080924 ] ] } },
{ "type": "Feature", "properties": { }, "geometry": { "type": "LineString", "coordinates": [ [ -77.0860419, 38.9080195 ], [ -77.0859947, 38.9080922 ], [ -77.0859547, 38.908154 ] ] } },
{ "type": "Feature", "properties": { }, "geometry": { "type": "LineString", "coordinates": [ [ -77.0864513, 38.9083297 ], [ -77.0864679, 38.9082955 ], [ -77.0864778, 38.9082748 ], [ -77.0864832, 38.9082566 ], [ -77.0864845, 38.9082379 ], [ -77.0864841, 38.9082171 ], [ -77.0864811, 38.9081957 ], [ -77.0864749, 38.9081738 ], [ -77.0864657, 38.9081481 ], [ -77.0864536, 38.9081242 ], [ -77.0864382, 38.9080976 ], [ -77.0864199, 38.9080706 ], [ -77.086285, 38.9078888 ], [ -77.0862722, 38.9078742 ], [ -77.0862587, 38.9078654 ], [ -77.0862432, 38.9078608 ], [ -77.0862249, 38.9078589 ], [ -77.0862061, 38.9078598 ], [ -77.0861798, 38.9078615 ], [ -77.0861649, 38.9078642 ], [ -77.0861509, 38.9078698 ], [ -77.0861406, 38.9078774 ], [ -77.0861321, 38.9078877 ], [ -77.0860419, 38.9080195 ] ] } },
{ "type": "Feature", "properties": { }, "geometry": { "type": "LineString", "coordinates": [ [ -77.0830842, 38.9075543 ], [ -77.0836693, 38.9078159 ], [ -77.0837033, 38.9078311 ], [ -77.0839333, 38.9079333 ], [ -77.0840505, 38.9079858 ], [ -77.0842678, 38.908082 ], [ -77.0848487, 38.9083412 ], [ -77.0851646, 38.9084803 ], [ -77.0852536, 38.9085175 ], [ -77.0853463, 38.9085531 ], [ -77.085416, 38.9085783 ], [ -77.0855, 38.9086082 ], [ -77.0856022, 38.9086441 ], [ -77.0857075, 38.9086789 ], [ -77.0861423, 38.9088265 ], [ -77.0862057, 38.908848 ] ] } },
{ "type": "Feature", "properties": { }, "geometry": { "type": "LineString", "coordinates": [ [ -77.0859547, 38.908154 ], [ -77.0860019, 38.9081736 ], [ -77.0863967, 38.9083108 ], [ -77.0864513, 38.9083297 ] ] } },
{ "type": "Feature", "properties": { }, "geometry": { "type": "LineString", "coordinates": [ [ -77.0823971, 38.908633 ], [ -77.0813411, 38.9072043 ] ] } },
{ "type": "Feature", "properties": { }, "geometry": { "type": "LineString", "coordinates": [ [ -77.0806381, 38.9074544 ], [ -77.0807054, 38.9074734 ], [ -77.0807301, 38.907486 ], [ -77.0807521, 38.9075081 ], [ -77.08108, 38.9079652 ], [ -77.0815451, 38.9085808 ], [ -77.0815506, 38.9085988 ], [ -77.0815524, 38.9086531 ] ] } },
{ "type": "Feature", "properties": { }, "geometry": { "type": "LineString", "coordinates": [ [ -77.0808352, 38.9086532 ], [ -77.080855, 38.9085975 ], [ -77.08108, 38.9079652 ] ] } },
{ "type": "Feature", "properties": { }, "geometry": { "type": "LineString", "coordinates": [ [ -77.0798729, 38.9086556 ], [ -77.0798599, 38.9086025 ], [ -77.079832, 38.9084889 ] ] } },
{ "type": "Feature", "properties": { }, "geometry": { "type": "LineString", "coordinates": [ [ -77.081202, 38.9086527 ], [ -77.0815524, 38.9086531 ], [ -77.081895, 38.9086535 ], [ -77.082287, 38.908654 ], [ -77.082317, 38.908652 ], [ -77.082346, 38.908648 ], [ -77.082375, 38.908641 ], [ -77.0823971, 38.908633 ] ] } },
{ "type": "Feature", "properties": { }, "geometry": { "type": "LineString", "coordinates": [ [ -77.080215, 38.908654 ], [ -77.080287, 38.9086539 ], [ -77.0807039, 38.9086534 ], [ -77.0808352, 38.9086532 ], [ -77.081202, 38.9086527 ] ] } },
{ "type": "Feature", "properties": { }, "geometry": { "type": "LineString", "coordinates": [ [ -77.0796944, 38.908656 ], [ -77.0798729, 38.9086556 ], [ -77.080109, 38.908655 ], [ -77.0801312, 38.9086548 ], [ -77.080215, 38.908654 ] ] } },
{ "type": "Feature", "properties": { }, "geometry": { "type": "LineString", "coordinates": [ [ -77.0819338, 38.9091607 ], [ -77.0819, 38.9090629 ], [ -77.0818943, 38.9088376 ], [ -77.0818964, 38.9087233 ], [ -77.081895, 38.9086535 ] ] } },
{ "type": "Feature", "properties": { }, "geometry": { "type": "LineString", "coordinates": [ [ -77.0831227, 38.9096179 ], [ -77.0824804, 38.908746 ], [ -77.0823971, 38.908633 ] ] } },
{ "type": "Feature", "properties": { }, "geometry": { "type": "LineString", "coordinates": [ [ -77.0823253, 38.9096441 ], [ -77.0822829, 38.9095878 ], [ -77.0819614, 38.9091606 ], [ -77.0819338, 38.9091607 ], [ -77.0811104, 38.9091638 ], [ -77.0807353, 38.9091578 ], [ -77.0807023, 38.9091305 ], [ -77.0807037, 38.9087215 ], [ -77.0807039, 38.9086534 ] ] } },
{ "type": "Feature", "properties": { }, "geometry": { "type": "LineString", "coordinates": [ [ -77.0837862, 38.9087 ], [ -77.0835811, 38.9085922 ], [ -77.0837836, 38.9083021 ], [ -77.0836683, 38.9082645 ], [ -77.0838841, 38.9079947 ], [ -77.0839333, 38.9079333 ] ] } },
{ "type": "Feature", "properties": { }, "geometry": { "type": "MultiLineString", "coordinates": [ [ [ -77.0842678, 38.908082 ], [ -77.0842233, 38.9081499 ], [ -77.0839929, 38.908502 ], [ -77.0840277, 38.908516 ] ], [ [ -77.0840277, 38.908516 ], [ -77.0839432, 38.9086391 ], [ -77.0844139, 38.9088833 ], [ -77.084521, 38.9087338 ], [ -77.0840277, 38.908516 ] ] ] } },
{ "type": "Feature", "properties": { }, "geometry": { "type": "LineString", "coordinates": [ [ -77.084521, 38.9087338 ], [ -77.0846248, 38.9086499 ], [ -77.0848016, 38.9084061 ], [ -77.0848487, 38.9083412 ] ] } },
{ "type": "Feature", "properties": { }, "geometry": { "type": "LineString", "coordinates": [ [ -77.0869768, 38.9091079 ], [ -77.0870009, 38.9090692 ], [ -77.0870226, 38.909041 ], [ -77.0870484, 38.9090115 ], [ -77.0870868, 38.9089686 ], [ -77.0873079, 38.9087319 ], [ -77.087647, 38.9083755 ], [ -77.0879439, 38.908054 ] ] } },
{ "type": "Feature", "properties": { }, "geometry": { "type": "LineString", "coordinates": [ [ -77.0864073, 38.9084334 ], [ -77.0864535, 38.9084487 ], [ -77.0873079, 38.9087319 ] ] } },
{ "type": "Feature", "properties": { }, "geometry": { "type": "LineString", "coordinates": [ [ -77.0862057, 38.908848 ], [ -77.0862399, 38.9087843 ], [ -77.0862654, 38.9087368 ], [ -77.086389, 38.9085067 ], [ -77.0864073, 38.9084334 ], [ -77.0864165, 38.908398 ], [ -77.0864513, 38.9083297 ] ] } },
{ "type": "Feature", "properties": { }, "geometry": { "type": "LineString", "coordinates": [ [ -77.0850411, 38.9089806 ], [ -77.085299, 38.9086194 ], [ -77.0853463, 38.9085531 ] ] } },
{ "type": "Feature", "properties": { }, "geometry": { "type": "LineString", "coordinates": [ [ -77.0862057, 38.908848 ], [ -77.0863125, 38.9088841 ] ] } },
{ "type": "Feature", "properties": { }, "geometry": { "type": "LineString", "coordinates": [ [ -77.0873238, 38.9092249 ], [ -77.0873804, 38.9091644 ], [ -77.0876084, 38.9089209 ], [ -77.0876513, 38.9088677 ], [ -77.087351, 38.9087489 ], [ -77.0873079, 38.9087319 ] ] } },
{ "type": "Feature", "properties": { }, "geometry": { "type": "LineString", "coordinates": [ [ -77.0860389, 38.9093408 ], [ -77.0859587, 38.909311 ], [ -77.0855304, 38.9091521 ], [ -77.0851213, 38.9090122 ], [ -77.0850411, 38.9089806 ], [ -77.0845775, 38.9087978 ] ] } },
{ "type": "Feature", "properties": { }, "geometry": { "type": "LineString", "coordinates": [ [ -77.0877855, 38.9089564 ], [ -77.0879311, 38.9090406 ], [ -77.087703, 38.9092793 ], [ -77.0876469, 38.909338 ] ] } },
{ "type": "Feature", "properties": { }, "geometry": { "type": "LineString", "coordinates": [ [ -77.0867594, 38.9094562 ], [ -77.0869349, 38.9091751 ], [ -77.0869768, 38.9091079 ] ] } },
{ "type": "Feature", "properties": { }, "geometry": { "type": "LineString", "coordinates": [ [ -77.0873481, 38.9096516 ], [ -77.0867594, 38.9094562 ], [ -77.0862088, 38.9092818 ] ] } },
{ "type": "Feature", "properties": { }, "geometry": { "type": "LineString", "coordinates": [ [ -77.0863125, 38.9088841 ], [ -77.0863952, 38.9089119 ], [ -77.0869768, 38.9091079 ], [ -77.0870504, 38.9091337 ], [ -77.0873238, 38.9092249 ], [ -77.0874856, 38.9092791 ], [ -77.0875727, 38.9093097 ], [ -77.0876469, 38.909338 ], [ -77.0877353, 38.9093742 ], [ -77.0878262, 38.9094143 ], [ -77.0879015, 38.9094496 ], [ -77.0879738, 38.909487 ], [ -77.0880377, 38.909522 ], [ -77.088114, 38.9095666 ], [ -77.0881889, 38.9096121 ], [ -77.0882463, 38.9096503 ], [ -77.0883094, 38.9096956 ], [ -77.0883642, 38.9097363 ], [ -77.0884375, 38.9097938 ], [ -77.0884962, 38.9098439 ], [ -77.0885412, 38.9098833 ], [ -77.0886077, 38.9099465 ], [ -77.0886687, 38.9100076 ], [ -77.0887183, 38.9100615 ], [ -77.0887492, 38.910104 ] ] } },
{ "type": "Feature", "properties": { }, "geometry": { "type": "LineString", "coordinates": [ [ -77.0867594, 38.9094562 ], [ -77.0867033, 38.9095633 ] ] } },
{ "type": "Feature", "properties": { }, "geometry": { "type": "LineString", "coordinates": [ [ -77.0872337, 38.9097951 ], [ -77.087211, 38.9097314 ], [ -77.0867033, 38.9095633 ], [ -77.0864507, 38.9094796 ] ] } },
{ "type": "Feature", "properties": { }, "geometry": { "type": "LineString", "coordinates": [ [ -77.0863125, 38.9088841 ], [ -77.08627, 38.90896 ], [ -77.0861314, 38.9092076 ], [ -77.0861008, 38.9092585 ], [ -77.0860725, 38.9092994 ], [ -77.0860389, 38.9093408 ], [ -77.0859976, 38.9093844 ], [ -77.0855802, 38.909788 ], [ -77.085383, 38.909978 ], [ -77.085363, 38.909996 ], [ -77.085342, 38.910013 ], [ -77.085297, 38.910045 ], [ -77.085248, 38.910073 ], [ -77.0851635, 38.9101203 ], [ -77.0851319, 38.9101334 ], [ -77.0850396, 38.9101718 ], [ -77.0849542, 38.9102061 ], [ -77.084007, 38.910597 ], [ -77.083984, 38.9106082 ], [ -77.083888, 38.910655 ] ] } },
{ "type": "Feature", "properties": { }, "geometry": { "type": "LineString", "coordinates": [ [ -77.084906, 38.9100513 ], [ -77.0847406, 38.90984 ] ] } },
{ "type": "Feature", "properties": { }, "geometry": { "type": "LineString", "coordinates": [ [ -77.0866607, 38.9100237 ], [ -77.0867054, 38.9100143 ], [ -77.086738, 38.9099888 ], [ -77.0867499, 38.909954 ], [ -77.0867379, 38.9099193 ], [ -77.0867051, 38.9098939 ], [ -77.0866604, 38.9098846 ], [ -77.0866158, 38.909894 ], [ -77.0865831, 38.9099194 ], [ -77.0865712, 38.9099542 ], [ -77.0865832, 38.909989 ], [ -77.086616, 38.9100144 ], [ -77.0866607, 38.9100237 ] ] } },
{ "type": "Feature", "properties": { }, "geometry": { "type": "LineString", "coordinates": [ [ -77.0842825, 38.9098732 ], [ -77.0836453, 38.9101685 ], [ -77.0835647, 38.9102058 ] ] } },
{ "type": "Feature", "properties": { }, "geometry": { "type": "LineString", "coordinates": [ [ -77.0811166, 38.909644 ], [ -77.081116, 38.909594 ], [ -77.0811104, 38.9091638 ] ] } },
{ "type": "Feature", "properties": { }, "geometry": { "type": "LineString", "coordinates": [ [ -77.0831227, 38.9096179 ], [ -77.083096, 38.909628 ], [ -77.083064, 38.909635 ], [ -77.083031, 38.909641 ], [ -77.0830007, 38.9096438 ], [ -77.082965, 38.909645 ], [ -77.0827373, 38.9096447 ], [ -77.0823253, 38.9096441 ] ] } },
{ "type": "Feature", "properties": { }, "geometry": { "type": "LineString", "coordinates": [ [ -77.0823253, 38.9096441 ], [ -77.081187, 38.9096425 ], [ -77.0811166, 38.909644 ], [ -77.080823, 38.909642 ], [ -77.0806817, 38.9096555 ], [ -77.080657, 38.909665 ], [ -77.080616, 38.909689 ] ] } },
{ "type": "Feature", "properties": { }, "geometry": { "type": "LineString", "coordinates": [ [ -77.081226, 38.910701 ], [ -77.081223, 38.910669 ], [ -77.0812166, 38.9106244 ], [ -77.081213, 38.910599 ], [ -77.081208, 38.910575 ], [ -77.081202, 38.910546 ], [ -77.081189, 38.910494 ], [ -77.081174, 38.910442 ], [ -77.081156, 38.91039 ], [ -77.081135, 38.910339 ], [ -77.081113, 38.910289 ], [ -77.081063, 38.910191 ], [ -77.081036, 38.910143 ], [ -77.081007, 38.910096 ], [ -77.080976, 38.91005 ], [ -77.080943, 38.910005 ], [ -77.080908, 38.90996 ], [ -77.08087, 38.909917 ], [ -77.080831, 38.909875 ], [ -77.08079, 38.909833 ], [ -77.080747, 38.909793 ], [ -77.080707, 38.909762 ], [ -77.0807, 38.9097564 ], [ -77.080616, 38.909689 ], [ -77.080497, 38.909595 ], [ -77.080466, 38.909575 ], [ -77.080437, 38.909554 ], [ -77.080383, 38.909509 ], [ -77.080334, 38.909461 ], [ -77.080311, 38.909435 ], [ -77.08029, 38.909409 ], [ -77.08027, 38.909382 ], [ -77.080252, 38.909355 ], [ -77.080232, 38.909321 ], [ -77.080214, 38.909287 ], [ -77.080198, 38.909252 ], [ -77.080183, 38.909216 ], [ -77.080171, 38.90918 ], [ -77.080161, 38.909144 ], [ -77.080152, 38.909107 ], [ -77.080146, 38.90907 ], [ -77.080142, 38.909033 ], [ -77.08014, 38.908996 ], [ -77.080142, 38.908938 ], [ -77.080145, 38.90891 ], [ -77.080154, 38.908852 ], [ -77.080167, 38.908795 ], [ -77.080184, 38.908739 ], [ -77.0801902, 38.9087221 ], [ -77.080215, 38.908654 ] ] } },
{ "type": "Feature", "properties": { }, "geometry": { "type": "LineString", "coordinates": [ [ -77.0827433, 38.9101727 ], [ -77.0827407, 38.9097144 ], [ -77.0827373, 38.9096447 ] ] } },
{ "type": "Feature", "properties": { }, "geometry": { "type": "LineString", "coordinates": [ [ -77.0815631, 38.9101912 ], [ -77.0814024, 38.9099978 ], [ -77.0812242, 38.9097651 ], [ -77.081192, 38.9097143 ], [ -77.081187, 38.9096425 ] ] } },
{ "type": "Feature", "properties": { }, "geometry": { "type": "LineString", "coordinates": [ [ -77.0807861, 38.9112834 ], [ -77.0807524, 38.9107184 ], [ -77.080727, 38.9106264 ], [ -77.0806651, 38.9104468 ], [ -77.080606, 38.9103219 ], [ -77.0804737, 38.9101489 ], [ -77.0803386, 38.9100088 ], [ -77.0801979, 38.9099014 ], [ -77.0800346, 38.9097788 ], [ -77.0798376, 38.9095795 ], [ -77.0797025, 38.9092773 ], [ -77.0796491, 38.9090429 ], [ -77.0796575, 38.9088195 ], [ -77.079679, 38.9087244 ], [ -77.0796944, 38.908656 ] ] } },
{ "type": "Feature", "properties": { }, "geometry": { "type": "LineString", "coordinates": [ [ -77.0816242, 38.9106721 ], [ -77.0816222, 38.9106329 ], [ -77.0816017, 38.9102351 ], [ -77.0815631, 38.9101912 ], [ -77.0816497, 38.9101781 ], [ -77.0827433, 38.9101727 ], [ -77.0832965, 38.9101699 ], [ -77.0833818, 38.9101328 ], [ -77.0834789, 38.9100906 ] ] } },
{ "type": "Feature", "properties": { }, "geometry": { "type": "LineString", "coordinates": [ [ -77.0828948, 38.9106789 ], [ -77.0823809, 38.9106808 ] ] } },
{ "type": "Feature", "properties": { }, "geometry": { "type": "LineString", "coordinates": [ [ -77.0818033, 38.9106732 ], [ -77.0816242, 38.9106721 ], [ -77.0813161, 38.9106743 ], [ -77.081226, 38.910701 ] ] } },
{ "type": "Feature", "properties": { }, "geometry": { "type": "LineString", "coordinates": [ [ -77.0850396, 38.9101718 ], [ -77.084972, 38.9101265 ], [ -77.084906, 38.9100513 ] ] } },
{ "type": "Feature", "properties": { }, "geometry": { "type": "LineString", "coordinates": [ [ -77.083888, 38.910655 ], [ -77.0838456, 38.9105975 ], [ -77.083744, 38.91046 ], [ -77.0835647, 38.9102058 ], [ -77.0834789, 38.9100906 ], [ -77.083258, 38.909796 ], [ -77.0831797, 38.909693 ], [ -77.0831227, 38.9096179 ] ] } },
{ "type": "Feature", "properties": { }, "geometry": { "type": "LineString", "coordinates": [ [ -77.0841685, 38.9103621 ], [ -77.084906, 38.9100513 ] ] } },
{ "type": "Feature", "properties": { }, "geometry": { "type": "LineString", "coordinates": [ [ -77.0871758, 38.9105493 ], [ -77.0872664, 38.9104555 ], [ -77.0876279, 38.9100469 ] ] } },
{ "type": "Feature", "properties": { }, "geometry": { "type": "LineString", "coordinates": [ [ -77.085607, 38.910777 ], [ -77.0856662, 38.9107444 ], [ -77.086199, 38.910451 ], [ -77.08626, 38.910411 ], [ -77.086317, 38.910369 ], [ -77.08637, 38.910323 ], [ -77.086396, 38.910299 ], [ -77.08642, 38.910275 ], [ -77.086443, 38.91025 ], [ -77.0864685, 38.9102199 ], [ -77.086529, 38.910137 ], [ -77.086616, 38.9100144 ] ] } },
{ "type": "Feature", "properties": { }, "geometry": { "type": "LineString", "coordinates": [ [ -77.087637, 38.910784 ], [ -77.0879464, 38.9104356 ], [ -77.0879611, 38.9103897 ], [ -77.0879598, 38.9103114 ], [ -77.0879236, 38.9102421 ] ] } },
{ "type": "Feature", "properties": { }, "geometry": { "type": "LineString", "coordinates": [ [ -77.0860112, 38.9100106 ], [ -77.0858419, 38.9102253 ], [ -77.0854134, 38.910464 ], [ -77.0853524, 38.910498 ], [ -77.085271, 38.9105443 ], [ -77.0852206, 38.9105729 ], [ -77.0847285, 38.9107715 ], [ -77.0842485, 38.910988 ], [ -77.0841625, 38.9110268 ] ] } },
{ "type": "Feature", "properties": { }, "geometry": { "type": "LineString", "coordinates": [ [ -77.083888, 38.910655 ], [ -77.0838331, 38.910671 ], [ -77.08378, 38.9106743 ], [ -77.0837178, 38.9106781 ], [ -77.0832139, 38.9106806 ], [ -77.0831764, 38.9106808 ] ] } },
{ "type": "Feature", "properties": { }, "geometry": { "type": "LineString", "coordinates": [ [ -77.083177, 38.9107405 ], [ -77.0832134, 38.9107403 ], [ -77.0837045, 38.9107383 ], [ -77.0837907, 38.9107214 ], [ -77.0838061, 38.9107109 ], [ -77.083888, 38.910655 ] ] } },
{ "type": "Feature", "properties": { }, "geometry": { "type": "LineString", "coordinates": [ [ -77.0828948, 38.9106789 ], [ -77.0828902, 38.9107108 ], [ -77.0828972, 38.91074 ], [ -77.0829135, 38.9107789 ], [ -77.0829593, 38.9108135 ], [ -77.0830429, 38.9108298 ], [ -77.08312, 38.9108101 ], [ -77.0831726, 38.910762 ], [ -77.083177, 38.9107405 ], [ -77.0831854, 38.9106997 ], [ -77.0831764, 38.9106808 ], [ -77.0831604, 38.9106474 ], [ -77.0831071, 38.91061 ], [ -77.0830375, 38.9105962 ], [ -77.0829676, 38.910609 ], [ -77.0829134, 38.9106457 ], [ -77.0828948, 38.9106789 ] ] } },
{ "type": "Feature", "properties": { }, "geometry": { "type": "LineString", "coordinates": [ [ -77.0848196, 38.9109006 ], [ -77.0847285, 38.9107715 ] ] } },
{ "type": "Feature", "properties": { }, "geometry": { "type": "LineString", "coordinates": [ [ -77.087246, 38.910581 ], [ -77.08719, 38.9106448 ], [ -77.087132, 38.910711 ], [ -77.087063, 38.910775 ], [ -77.087028, 38.910806 ], [ -77.086991, 38.910837 ], [ -77.086915, 38.910895 ], [ -77.086835, 38.910951 ], [ -77.086725, 38.911019 ], [ -77.086171, 38.911328 ], [ -77.0861574, 38.9113359 ], [ -77.08609, 38.911375 ] ] } },
{ "type": "Feature", "properties": { }, "geometry": { "type": "LineString", "coordinates": [ [ -77.0850396, 38.9101718 ], [ -77.0851041, 38.9102296 ], [ -77.085118, 38.910242 ], [ -77.0853524, 38.910498 ], [ -77.085541, 38.910704 ], [ -77.085607, 38.910777 ], [ -77.085916, 38.911123 ], [ -77.085969, 38.911189 ], [ -77.086018, 38.911257 ], [ -77.086037, 38.911285 ], [ -77.086063, 38.911326 ], [ -77.08609, 38.911375 ], [ -77.0860988, 38.9113907 ], [ -77.086121, 38.911434 ], [ -77.086304, 38.911888 ] ] } },
{ "type": "Feature", "properties": { }, "geometry": { "type": "LineString", "coordinates": [ [ -77.0864685, 38.9102199 ], [ -77.0865506, 38.9102557 ], [ -77.0865783, 38.9102677 ], [ -77.0871758, 38.9105493 ], [ -77.087246, 38.910581 ], [ -77.0876, 38.910764 ], [ -77.087637, 38.910784 ], [ -77.087678, 38.910808 ], [ -77.087723, 38.910837 ], [ -77.087766, 38.910866 ], [ -77.087808, 38.910897 ], [ -77.087849, 38.910929 ], [ -77.087888, 38.910962 ], [ -77.087926, 38.910996 ], [ -77.087962, 38.911031 ], [ -77.087997, 38.911067 ], [ -77.088015, 38.911087 ], [ -77.088049, 38.91113 ], [ -77.088065, 38.911153 ], [ -77.088079, 38.911175 ], [ -77.088092, 38.911198 ], [ -77.088115, 38.911246 ], [ -77.088174, 38.911401 ], [ -77.088247, 38.911549 ], [ -77.088275, 38.911612 ], [ -77.0884354, 38.9117725 ], [ -77.0885164, 38.9118416 ] ] } },
{ "type": "Feature", "properties": { }, "geometry": { "type": "LineString", "coordinates": [ [ -77.0830443, 38.9112046 ], [ -77.0831203, 38.9112042 ], [ -77.0835705, 38.9112021 ], [ -77.0836324, 38.9112018 ], [ -77.0839406, 38.9110043 ], [ -77.0840065, 38.9109778 ], [ -77.0840989, 38.9109406 ] ] } },
{ "type": "Feature", "properties": { }, "geometry": { "type": "LineString", "coordinates": [ [ -77.08465, 38.911687 ], [ -77.0846164, 38.9116415 ], [ -77.0844516, 38.9114183 ], [ -77.08438, 38.9113214 ], [ -77.0841625, 38.9110268 ], [ -77.0840989, 38.9109406 ], [ -77.0839517, 38.9107413 ], [ -77.083888, 38.910655 ] ] } },
{ "type": "Feature", "properties": { }, "geometry": { "type": "LineString", "coordinates": [ [ -77.0830429, 38.9108298 ], [ -77.0830443, 38.9112046 ], [ -77.0830447, 38.9115004 ], [ -77.0830448, 38.9115569 ] ] } },
{ "type": "Feature", "properties": { }, "geometry": { "type": "LineString", "coordinates": [ [ -77.0851805, 38.911123 ], [ -77.0845402, 38.9113824 ], [ -77.0844516, 38.9114183 ] ] } },
{ "type": "Feature", "properties": { }, "geometry": { "type": "LineString", "coordinates": [ [ -77.0835705, 38.9112021 ], [ -77.084091, 38.9113959 ], [ -77.0841518, 38.9114059 ], [ -77.0842008, 38.9113934 ], [ -77.0842882, 38.9113583 ], [ -77.08438, 38.9113214 ] ] } },
{ "type": "Feature", "properties": { }, "geometry": { "type": "LineString", "coordinates": [ [ -77.0860988, 38.9113907 ], [ -77.0858665, 38.9114566 ], [ -77.0855437, 38.9115563 ] ] } },
{ "type": "Feature", "properties": { }, "geometry": { "type": "LineString", "coordinates": [ [ -77.0819181, 38.9108093 ], [ -77.0822437, 38.9108112 ], [ -77.0822989, 38.9107982 ], [ -77.0823469, 38.9107799 ], [ -77.0823679, 38.9107584 ], [ -77.0823842, 38.910739 ], [ -77.0823912, 38.9107093 ], [ -77.0823809, 38.9106808 ], [ -77.0823517, 38.9106471 ], [ -77.0823075, 38.9106153 ], [ -77.0822536, 38.9106036 ], [ -77.0819171, 38.9106046 ], [ -77.0818678, 38.9106178 ], [ -77.0818261, 38.9106506 ], [ -77.0818033, 38.9106732 ], [ -77.0817938, 38.9107056 ], [ -77.081801, 38.910738 ], [ -77.0818104, 38.9107574 ], [ -77.0818532, 38.9107915 ], [ -77.0819181, 38.9108093 ] ] } },
{ "type": "Feature", "properties": { }, "geometry": { "type": "LineString", "coordinates": [ [ -77.081226, 38.910701 ], [ -77.0811466, 38.9107039 ], [ -77.0807524, 38.9107184 ] ] } },
{ "type": "Feature", "properties": { }, "geometry": { "type": "LineString", "coordinates": [ [ -77.081226, 38.910701 ], [ -77.0813257, 38.9107399 ], [ -77.081801, 38.910738 ] ] } },
{ "type": "Feature", "properties": { }, "geometry": { "type": "LineString", "coordinates": [ [ -77.0823842, 38.910739 ], [ -77.0828972, 38.91074 ] ] } },
{ "type": "Feature", "properties": { }, "geometry": { "type": "LineString", "coordinates": [ [ -77.0823679, 38.9107584 ], [ -77.0824, 38.910799 ], [ -77.0824051, 38.9111971 ] ] } },
{ "type": "Feature", "properties": { }, "geometry": { "type": "LineString", "coordinates": [ [ -77.0812868, 38.9116659 ], [ -77.0812837, 38.9116157 ], [ -77.081269, 38.911379 ], [ -77.081265, 38.911255 ], [ -77.081259, 38.911131 ], [ -77.081251, 38.911007 ], [ -77.081241, 38.910882 ], [ -77.081229, 38.910759 ], [ -77.081226, 38.910701 ] ] } },
{ "type": "Feature", "properties": { }, "geometry": { "type": "LineString", "coordinates": [ [ -77.0817811, 38.911199 ], [ -77.0824051, 38.9111971 ], [ -77.0829677, 38.9112037 ], [ -77.0830443, 38.9112046 ] ] } },
{ "type": "Feature", "properties": { }, "geometry": { "type": "LineString", "coordinates": [ [ -77.0818104, 38.9107574 ], [ -77.081786, 38.9108022 ], [ -77.081776, 38.9108473 ], [ -77.0817811, 38.911199 ], [ -77.0817798, 38.9116217 ], [ -77.0817797, 38.9116648 ], [ -77.0817796, 38.911727 ] ] } },
{ "type": "Feature", "properties": { }, "geometry": { "type": "LineString", "coordinates": [ [ -77.0826654, 38.911666 ], [ -77.0825994, 38.9116659 ], [ -77.0817797, 38.9116648 ], [ -77.0813775, 38.9116657 ], [ -77.0812868, 38.9116659 ] ] } },
{ "type": "Feature", "properties": { }, "geometry": { "type": "LineString", "coordinates": [ [ -77.0812917, 38.9117278 ], [ -77.0813757, 38.9117277 ], [ -77.0817796, 38.911727 ], [ -77.0825981, 38.9117276 ], [ -77.0826639, 38.9117277 ] ] } },
{ "type": "Feature", "properties": { }, "geometry": { "type": "LineString", "coordinates": [ [ -77.0846164, 38.9116415 ], [ -77.0847042, 38.9116041 ], [ -77.0851623, 38.9114087 ], [ -77.0851944, 38.9114108 ] ] } },
{ "type": "Feature", "properties": { }, "geometry": { "type": "LineString", "coordinates": [ [ -77.08465, 38.911687 ], [ -77.0845104, 38.9116652 ], [ -77.0841102, 38.9116635 ], [ -77.0834104, 38.9116626 ] ] } },
{ "type": "Feature", "properties": { }, "geometry": { "type": "LineString", "coordinates": [ [ -77.0826555, 38.9116947 ], [ -77.0826639, 38.9117277 ], [ -77.0826758, 38.9117494 ], [ -77.0827142, 38.911781 ], [ -77.0827771, 38.9118059 ], [ -77.082888, 38.9118266 ], [ -77.0830384, 38.9118341 ], [ -77.0832122, 38.9118241 ], [ -77.0833242, 38.9117967 ], [ -77.0833765, 38.9117735 ], [ -77.0834084, 38.9117461 ], [ -77.0834144, 38.9117294 ], [ -77.0834255, 38.911698 ], [ -77.0834104, 38.9116626 ], [ -77.0834042, 38.9116482 ], [ -77.0833658, 38.9116167 ], [ -77.0833114, 38.9115951 ], [ -77.0831984, 38.9115694 ], [ -77.0830448, 38.9115569 ], [ -77.082887, 38.9115669 ], [ -77.0827654, 38.9115909 ], [ -77.0827131, 38.9116142 ], [ -77.0826726, 38.9116449 ], [ -77.0826654, 38.911666 ], [ -77.0826555, 38.9116947 ] ] } },
{ "type": "Feature", "properties": { }, "geometry": { "type": "LineString", "coordinates": [ [ -77.0834144, 38.9117294 ], [ -77.0841109, 38.9117275 ], [ -77.0845372, 38.9117247 ], [ -77.0845477, 38.9117212 ], [ -77.08465, 38.911687 ] ] } },
{ "type": "Feature", "properties": { }, "geometry": { "type": "LineString", "coordinates": [ [ -77.0850478, 38.912234 ], [ -77.0850806, 38.9122201 ], [ -77.085134, 38.912195 ], [ -77.085144, 38.9121922 ], [ -77.085472, 38.912102 ], [ -77.086304, 38.911888 ], [ -77.0863532, 38.9118753 ], [ -77.086872, 38.911741 ], [ -77.0880955, 38.9114215 ], [ -77.088174, 38.911401 ] ] } },
{ "type": "Feature", "properties": { }, "geometry": { "type": "LineString", "coordinates": [ [ -77.08465, 38.911687 ], [ -77.0848773, 38.9119979 ] ] } },
{ "type": "Feature", "properties": { }, "geometry": { "type": "LineString", "coordinates": [ [ -77.0848773, 38.9119979 ], [ -77.084897, 38.912025 ] ] } },
{ "type": "Feature", "properties": { }, "geometry": { "type": "LineString", "coordinates": [ [ -77.0843385, 38.9124093 ], [ -77.0843164, 38.9123463 ], [ -77.0843029, 38.9123079 ], [ -77.0841177, 38.9120681 ], [ -77.0841118, 38.9117705 ], [ -77.0841109, 38.9117275 ], [ -77.0841102, 38.9116635 ] ] } },
{ "type": "Feature", "properties": { }, "geometry": { "type": "LineString", "coordinates": [ [ -77.0865193, 38.9122453 ], [ -77.0863814, 38.911938 ], [ -77.0863532, 38.9118753 ] ] } },
{ "type": "Feature", "properties": { }, "geometry": { "type": "LineString", "coordinates": [ [ -77.0850478, 38.912234 ], [ -77.0850195, 38.9121642 ], [ -77.0849913, 38.9120974 ], [ -77.0849558, 38.9120505 ], [ -77.084897, 38.912025 ] ] } },
{ "type": "Feature", "properties": { }, "geometry": { "type": "LineString", "coordinates": [ [ -77.0715278, 38.9058513 ], [ -77.0714404, 38.9058531 ], [ -77.0708197, 38.9058659 ], [ -77.0703544, 38.9058761 ], [ -77.0702739, 38.9058785 ], [ -77.070176, 38.9058811 ], [ -77.0698683, 38.905888 ], [ -77.0690768, 38.9059037 ], [ -77.0689796, 38.9059051 ] ] } },
{ "type": "Feature", "properties": { }, "geometry": { "type": "LineString", "coordinates": [ [ -77.0710104, 38.9062146 ], [ -77.0708299, 38.9062169 ], [ -77.0708216, 38.9059317 ], [ -77.0708197, 38.9058659 ] ] } },
{ "type": "Feature", "properties": { }, "geometry": { "type": "LineString", "coordinates": [ [ -77.0698683, 38.905888 ], [ -77.0698711, 38.9059493 ], [ -77.0698725, 38.9059806 ], [ -77.0698857, 38.9062764 ] ] } },
{ "type": "Feature", "properties": { }, "geometry": { "type": "LineString", "coordinates": [ [ -77.0702881, 38.9064142 ], [ -77.070372, 38.9064129 ], [ -77.0707666, 38.9064068 ] ] } },
{ "type": "Feature", "properties": { }, "geometry": { "type": "LineString", "coordinates": [ [ -77.0689796, 38.9059051 ], [ -77.0689757, 38.9059614 ], [ -77.0689828, 38.9063322 ], [ -77.0689964, 38.9066811 ], [ -77.0689989, 38.906745 ], [ -77.0690013, 38.9068088 ], [ -77.069022, 38.9073928 ], [ -77.0690318, 38.9076708 ], [ -77.0690358, 38.9077389 ] ] } },
{ "type": "Feature", "properties": { }, "geometry": { "type": "LineString", "coordinates": [ [ -77.0712571, 38.9066994 ], [ -77.0712598, 38.9067574 ], [ -77.0712673, 38.9069551 ], [ -77.0712102, 38.9069565 ], [ -77.0709046, 38.9069617 ] ] } },
{ "type": "Feature", "properties": { }, "geometry": { "type": "LineString", "coordinates": [ [ -77.070385, 38.9086936 ], [ -77.0703822, 38.9086271 ], [ -77.0703546, 38.9079623 ], [ -77.0703457, 38.9077686 ], [ -77.0703434, 38.9077107 ], [ -77.0703403, 38.9076404 ], [ -77.0703021, 38.906774 ], [ -77.0702998, 38.9067176 ], [ -77.070297, 38.9066511 ], [ -77.0702881, 38.9064142 ], [ -77.0702799, 38.9061237 ], [ -77.0702766, 38.9059504 ], [ -77.0702739, 38.9058785 ] ] } },
{ "type": "Feature", "properties": { }, "geometry": { "type": "LineString", "coordinates": [ [ -77.069022, 38.9073928 ], [ -77.0689244, 38.9073938 ], [ -77.0685459, 38.907403 ], [ -77.0685109, 38.9073865 ], [ -77.068499, 38.9073413 ], [ -77.0684963, 38.9072163 ] ] } },
{ "type": "Feature", "properties": { }, "geometry": { "type": "LineString", "coordinates": [ [ -77.0695651, 38.9077272 ], [ -77.0695633, 38.9076562 ], [ -77.0695598, 38.9074479 ], [ -77.069456, 38.9074484 ], [ -77.0694542, 38.9073157 ] ] } },
{ "type": "Feature", "properties": { }, "geometry": { "type": "LineString", "coordinates": [ [ -77.0697556, 38.9073305 ], [ -77.0697717, 38.9076517 ], [ -77.0697753, 38.9077227 ] ] } },
{ "type": "Feature", "properties": { }, "geometry": { "type": "LineString", "coordinates": [ [ -77.0690358, 38.9077389 ], [ -77.0691279, 38.9077367 ], [ -77.0695651, 38.9077272 ], [ -77.0697753, 38.9077227 ], [ -77.0702583, 38.9077124 ], [ -77.0703434, 38.9077107 ], [ -77.0704296, 38.9077107 ], [ -77.0708907, 38.9076955 ], [ -77.0715254, 38.9076813 ], [ -77.0716068, 38.9076811 ] ] } },
{ "type": "Feature", "properties": { }, "geometry": { "type": "LineString", "coordinates": [ [ -77.0690358, 38.9077389 ], [ -77.0689385, 38.907741 ], [ -77.0688778, 38.9077426 ] ] } },
{ "type": "Feature", "properties": { }, "geometry": { "type": "LineString", "coordinates": [ [ -77.0688778, 38.9077426 ], [ -77.0679681, 38.9077638 ] ] } },
{ "type": "Feature", "properties": { }, "geometry": { "type": "LineString", "coordinates": [ [ -77.0690358, 38.9077389 ], [ -77.0690399, 38.9077971 ], [ -77.0690815, 38.9086622 ], [ -77.0690845, 38.9087237 ] ] } },
{ "type": "Feature", "properties": { }, "geometry": { "type": "LineString", "coordinates": [ [ -77.0709318, 38.908681 ], [ -77.0709299, 38.9086217 ], [ -77.0709292, 38.908583 ], [ -77.0709291, 38.9085786 ], [ -77.0709283, 38.9085389 ], [ -77.0709263, 38.9084787 ], [ -77.0709231, 38.9084127 ], [ -77.0709123, 38.9083939 ], [ -77.0709005, 38.9083802 ], [ -77.0708866, 38.9083715 ], [ -77.0708105, 38.9083716 ], [ -77.0708059, 38.9082335 ] ] } },
{ "type": "Feature", "properties": { }, "geometry": { "type": "LineString", "coordinates": [ [ -77.0689206, 38.9087277 ], [ -77.0689893, 38.908726 ], [ -77.0690845, 38.9087237 ], [ -77.0691761, 38.9087216 ], [ -77.070385, 38.9086936 ], [ -77.0707227, 38.908686 ], [ -77.0709318, 38.908681 ], [ -77.0714924, 38.9086678 ] ] } },
{ "type": "Feature", "properties": { }, "geometry": { "type": "LineString", "coordinates": [ [ -77.0679607, 38.9087512 ], [ -77.0689206, 38.9087277 ] ] } },
{ "type": "Feature", "properties": { }, "geometry": { "type": "LineString", "coordinates": [ [ -77.0711668, 38.909457 ], [ -77.0711424, 38.9089157 ], [ -77.0712439, 38.908895 ], [ -77.071355, 38.9089044 ], [ -77.0713712, 38.9094828 ] ] } },
{ "type": "Feature", "properties": { }, "geometry": { "type": "LineString", "coordinates": [ [ -77.0706931, 38.9089783 ], [ -77.0708444, 38.9090373 ], [ -77.0709224, 38.9092121 ], [ -77.0709322, 38.9094639 ] ] } },
{ "type": "Feature", "properties": { }, "geometry": { "type": "LineString", "coordinates": [ [ -77.0690845, 38.9087237 ], [ -77.0690872, 38.9087885 ], [ -77.0691235, 38.9096584 ], [ -77.069126, 38.9097196 ] ] } },
{ "type": "Feature", "properties": { }, "geometry": { "type": "LineString", "coordinates": [ [ -77.076213826462137, 38.906919694438649 ], [ -77.0762143, 38.9069017 ], [ -77.0762163, 38.9068828 ], [ -77.0762206, 38.9068652 ], [ -77.0762281, 38.9068478 ], [ -77.0762412, 38.906829 ], [ -77.0762584, 38.9068099 ], [ -77.0762765, 38.9067923 ], [ -77.0762953, 38.9067794 ], [ -77.0763156, 38.9067682 ], [ -77.0763389, 38.9067579 ], [ -77.0763608, 38.9067503 ], [ -77.0763859, 38.9067429 ], [ -77.0764151, 38.9067383 ], [ -77.0764422, 38.906737 ], [ -77.0769044, 38.9067413 ], [ -77.0769481, 38.9067417 ] ] } },
{ "type": "Feature", "properties": { }, "geometry": { "type": "LineString", "coordinates": [ [ -77.0778236, 38.9079011 ], [ -77.0778378, 38.9072121 ], [ -77.0778396, 38.9071328 ], [ -77.0778508, 38.9070715 ] ] } },
{ "type": "Feature", "properties": { }, "geometry": { "type": "LineString", "coordinates": [ [ -77.0769792, 38.9076365 ], [ -77.076621416576586, 38.907636378263554 ] ] } },
{ "type": "Feature", "properties": { }, "geometry": { "type": "LineString", "coordinates": [ [ -77.0766162, 38.9085347 ], [ -77.0765926, 38.908455 ], [ -77.076461851641199, 38.908486100026494 ] ] } },
{ "type": "Feature", "properties": { }, "geometry": { "type": "LineString", "coordinates": [ [ -77.078423, 38.9107631 ], [ -77.0783563, 38.9106924 ], [ -77.0783136, 38.9106372 ], [ -77.0782892, 38.9106102 ], [ -77.0782549, 38.910583 ], [ -77.0782207, 38.9105571 ], [ -77.0781863, 38.9105276 ], [ -77.0781589, 38.9105005 ], [ -77.0781313, 38.9104672 ], [ -77.0780244, 38.9103232 ], [ -77.0779546, 38.9101757 ], [ -77.0779251, 38.9101132 ], [ -77.0778899, 38.9100612 ], [ -77.0778498, 38.909998 ], [ -77.0778079, 38.9099362 ], [ -77.0777737, 38.9098758 ], [ -77.0777443, 38.909814 ], [ -77.077716, 38.9097436 ], [ -77.0776961, 38.9096791 ], [ -77.077628, 38.9094521 ], [ -77.0776017, 38.909353 ], [ -77.0775828, 38.9092676 ], [ -77.0775719, 38.9091911 ], [ -77.0775672, 38.9091028 ], [ -77.0775679, 38.9090193 ], [ -77.0775717, 38.9087023 ], [ -77.0775575, 38.9085432 ], [ -77.0775515, 38.9084924 ], [ -77.0775445, 38.908466 ], [ -77.0775238, 38.9083883 ], [ -77.0775159, 38.9083547 ], [ -77.0774965, 38.9083134 ], [ -77.0774706, 38.9082905 ], [ -77.0774332, 38.9082775 ], [ -77.0773213, 38.9082635 ], [ -77.0772516, 38.9082632 ], [ -77.077214, 38.908263 ], [ -77.0771171, 38.9082762 ], [ -77.0770512, 38.9083112 ], [ -77.0769404, 38.9084029 ], [ -77.0769307, 38.908411 ], [ -77.0768282, 38.9084496 ], [ -77.0766162, 38.9085347 ], [ -77.076467912601885, 38.908593794890649 ] ] } },
{ "type": "Feature", "properties": { }, "geometry": { "type": "LineString", "coordinates": [ [ -77.0778165, 38.9105723 ], [ -77.0778401, 38.9105716 ], [ -77.0778596, 38.9105706 ], [ -77.0778782, 38.9105644 ], [ -77.077893, 38.9105509 ], [ -77.0779065, 38.910535 ], [ -77.0779135, 38.9105177 ], [ -77.077914, 38.9104882 ], [ -77.0779114, 38.9104602 ], [ -77.0779057, 38.9104307 ], [ -77.077874, 38.9103246 ], [ -77.0778671, 38.9102949 ], [ -77.0778639, 38.9102666 ], [ -77.0778665, 38.9102422 ], [ -77.0778732, 38.9102209 ], [ -77.0778843, 38.9102047 ], [ -77.0778992, 38.9101941 ], [ -77.0779546, 38.9101757 ] ] } },
{ "type": "Feature", "properties": { }, "geometry": { "type": "LineString", "coordinates": [ [ -77.0782621, 38.9107923 ], [ -77.0782005, 38.9107968 ], [ -77.0781371, 38.9108004 ], [ -77.0780526, 38.9108021 ], [ -77.0779816, 38.9108009 ], [ -77.0779158, 38.9107988 ], [ -77.0778181, 38.9107946 ], [ -77.077674, 38.9107861 ], [ -77.0775589, 38.9107794 ], [ -77.0774359, 38.9107738 ], [ -77.0773252, 38.910769 ], [ -77.077204, 38.9107655 ], [ -77.077164775729884, 38.910764429708387 ] ] } },
{ "type": "Feature", "properties": { }, "geometry": { "type": "LineString", "coordinates": [ [ -77.078423, 38.9107631 ], [ -77.0783473, 38.910781 ], [ -77.0783142, 38.9107871 ], [ -77.0782898, 38.9107902 ], [ -77.0782621, 38.9107923 ] ] } },
{ "type": "Feature", "properties": { }, "geometry": { "type": "LineString", "coordinates": [ [ -77.076373335085961, 38.911745503265919 ], [ -77.0763688, 38.9118154 ], [ -77.0763546, 38.9118684 ], [ -77.0763121, 38.9119103 ], [ -77.0761843, 38.9119992 ] ] } },
{ "type": "Feature", "properties": { }, "geometry": { "type": "LineString", "coordinates": [ [ -77.074020434964922, 38.908970146720193 ], [ -77.0740252, 38.9091801 ], [ -77.0740128, 38.9092385 ], [ -77.0739877, 38.9093132 ], [ -77.0739464, 38.9094114 ], [ -77.0739304, 38.9095136 ], [ -77.0739416, 38.9096002 ], [ -77.0739456, 38.9096422 ], [ -77.0739489, 38.9096761 ], [ -77.0739468, 38.9097239 ], [ -77.0739439, 38.9097892 ], [ -77.0739265, 38.9098884 ], [ -77.0739113, 38.9100756 ], [ -77.0738992, 38.9104088 ], [ -77.0738872, 38.9107399 ], [ -77.0739219, 38.9108561 ], [ -77.0738984, 38.9115841 ], [ -77.0738337, 38.9115826 ], [ -77.0738039, 38.911582 ] ] } },
{ "type": "Feature", "properties": { }, "geometry": { "type": "LineString", "coordinates": [ [ -77.0716068, 38.9076811 ], [ -77.0716841, 38.9076794 ], [ -77.0717184, 38.9076786 ], [ -77.0718286, 38.907676 ], [ -77.0720007, 38.9076606 ], [ -77.0721159, 38.9076423 ] ] } },
{ "type": "Feature", "properties": { }, "geometry": { "type": "LineString", "coordinates": [ [ -77.0723459, 38.9076852 ], [ -77.0724632, 38.9077743 ], [ -77.07274450293842, 38.907775978418492 ] ] } },
{ "type": "Feature", "properties": { }, "geometry": { "type": "LineString", "coordinates": [ [ -77.0716409, 38.9085983 ], [ -77.0716333, 38.9083883 ], [ -77.0716104, 38.9077502 ], [ -77.0716068, 38.9076811 ] ] } },
{ "type": "Feature", "properties": { }, "geometry": { "type": "LineString", "coordinates": [ [ -77.0731242, 38.9085366 ], [ -77.073124, 38.9085125 ], [ -77.0731239, 38.9084991 ], [ -77.0730898, 38.9083754 ], [ -77.0730546, 38.9082244 ], [ -77.0730476, 38.9081942 ], [ -77.073047442373564, 38.90819345127445 ] ] } },
{ "type": "Feature", "properties": { }, "geometry": { "type": "LineString", "coordinates": [ [ -77.0716333, 38.9083883 ], [ -77.0715516, 38.9083906 ], [ -77.0711928, 38.9084007 ] ] } },
{ "type": "Feature", "properties": { }, "geometry": { "type": "LineString", "coordinates": [ [ -77.0716151, 38.9086481 ], [ -77.0716283, 38.9086353 ], [ -77.0716375, 38.908618 ], [ -77.0716409, 38.9085983 ] ] } },
{ "type": "Feature", "properties": { }, "geometry": { "type": "LineString", "coordinates": [ [ -77.0714924, 38.9086678 ], [ -77.0715511, 38.9086668 ], [ -77.0715851, 38.9086663 ], [ -77.0715968, 38.9086579 ], [ -77.0716151, 38.9086481 ] ] } },
{ "type": "Feature", "properties": { }, "geometry": { "type": "LineString", "coordinates": [ [ -77.0727479, 38.9091396 ], [ -77.0726998, 38.9091408 ], [ -77.0718981, 38.9091604 ], [ -77.0718295, 38.9091624 ], [ -77.0717502, 38.9091515 ], [ -77.071717, 38.9091316 ], [ -77.0716863, 38.9090998 ], [ -77.0716632, 38.9090361 ], [ -77.071645, 38.9089843 ], [ -77.0716232, 38.90892 ], [ -77.0715969, 38.9087905 ], [ -77.0715951, 38.9087793 ], [ -77.0715868, 38.9087277 ], [ -77.0715851, 38.9086663 ] ] } },
{ "type": "Feature", "properties": { }, "geometry": { "type": "MultiLineString", "coordinates": [ [ [ -77.0708995, 38.9094648 ], [ -77.0709322, 38.9094639 ], [ -77.0711668, 38.909457 ], [ -77.0712837, 38.9094535 ], [ -77.0713405, 38.9094517 ], [ -77.0713712, 38.9094828 ], [ -77.0714275, 38.90954 ], [ -77.0714311, 38.9095481 ], [ -77.0714783, 38.9096547 ], [ -77.0714835, 38.9096785 ] ], [ [ -77.0714835, 38.9096785 ], [ -77.0715242, 38.9098654 ], [ -77.07208, 38.9098522 ], [ -77.0721163, 38.9098409 ], [ -77.0721622, 38.9097939 ], [ -77.0721598, 38.9096604 ], [ -77.0714835, 38.9096785 ] ] ] } },
{ "type": "Feature", "properties": { }, "geometry": { "type": "LineString", "coordinates": [ [ -77.0726064, 38.9118 ], [ -77.0726291, 38.9117861 ], [ -77.0726469, 38.9117646 ], [ -77.0726595, 38.9117402 ], [ -77.0726661, 38.9117121 ], [ -77.0726602, 38.9115528 ] ] } },
{ "type": "Feature", "properties": { }, "geometry": { "type": "LineString", "coordinates": [ [ -77.0704178, 38.9088502 ], [ -77.0704249, 38.9096734 ] ] } },
{ "type": "Feature", "properties": { }, "geometry": { "type": "LineString", "coordinates": [ [ -77.0706376, 38.909684 ], [ -77.0706534, 38.9096565 ], [ -77.0706759, 38.9096171 ], [ -77.0707255, 38.9095664 ], [ -77.0707714, 38.9095306 ], [ -77.0708173, 38.9095043 ], [ -77.0708995, 38.9094648 ] ] } },
{ "type": "Feature", "properties": { }, "geometry": { "type": "LineString", "coordinates": [ [ -77.0696804, 38.9097057 ], [ -77.0695149, 38.9096806 ], [ -77.0694187, 38.909677 ], [ -77.0693341, 38.9096867 ], [ -77.0692658, 38.9097174 ] ] } },
{ "type": "Feature", "properties": { }, "geometry": { "type": "LineString", "coordinates": [ [ -77.0692658, 38.9097174 ], [ -77.0692162, 38.9097182 ], [ -77.069126, 38.9097196 ] ] } },
{ "type": "Feature", "properties": { }, "geometry": { "type": "LineString", "coordinates": [ [ -77.0692658, 38.9097174 ], [ -77.069327, 38.9097434 ], [ -77.0694137, 38.9097533 ], [ -77.0694814, 38.9097483 ], [ -77.0695316, 38.9097416 ], [ -77.0696804, 38.9097057 ] ] } },
{ "type": "Feature", "properties": { }, "geometry": { "type": "LineString", "coordinates": [ [ -77.0694814, 38.9097483 ], [ -77.0694954, 38.9098372 ], [ -77.0695486, 38.9098691 ], [ -77.0697548, 38.9098653 ], [ -77.0699594, 38.9098616 ], [ -77.0700101, 38.9098372 ], [ -77.0700416, 38.9097676 ], [ -77.0700683, 38.9096888 ] ] } },
{ "type": "Feature", "properties": { }, "geometry": { "type": "LineString", "coordinates": [ [ -77.069138, 38.9099764 ], [ -77.0690508, 38.9099769 ], [ -77.068644, 38.9099795 ] ] } },
{ "type": "Feature", "properties": { }, "geometry": { "type": "LineString", "coordinates": [ [ -77.069126, 38.9097196 ], [ -77.0691287, 38.9097784 ], [ -77.069138, 38.9099764 ], [ -77.0691565, 38.910504 ], [ -77.0691608, 38.9106326 ], [ -77.0691636, 38.9107052 ] ] } },
{ "type": "Feature", "properties": { }, "geometry": { "type": "LineString", "coordinates": [ [ -77.0691565, 38.910504 ], [ -77.0690695, 38.9105045 ], [ -77.0685435, 38.9105076 ] ] } },
{ "type": "Feature", "properties": { }, "geometry": { "type": "LineString", "coordinates": [ [ -77.0721869, 38.911145 ], [ -77.0720886, 38.9111734 ], [ -77.0715697, 38.9113193 ], [ -77.0712496, 38.911378 ], [ -77.0709707, 38.9113477 ], [ -77.0707028, 38.9112775 ], [ -77.0706891, 38.91112 ], [ -77.0706513, 38.9106796 ], [ -77.0706371, 38.9105282 ], [ -77.0706308, 38.9104608 ], [ -77.0706411, 38.9103593 ], [ -77.0706616, 38.9103006 ], [ -77.0707131, 38.9101965 ], [ -77.0707337, 38.9101485 ], [ -77.0707357, 38.9099764 ], [ -77.0707371, 38.9098522 ], [ -77.0707165, 38.9097561 ], [ -77.0706822, 38.9097081 ], [ -77.0706376, 38.909684 ], [ -77.070593, 38.9096707 ], [ -77.0704249, 38.9096734 ], [ -77.0700683, 38.9096888 ], [ -77.0696804, 38.9097057 ] ] } },
{ "type": "Feature", "properties": { }, "geometry": { "type": "LineString", "coordinates": [ [ -77.075977, 38.9118994 ], [ -77.0758323, 38.9118019 ], [ -77.0756818, 38.9117904 ] ] } },
{ "type": "Feature", "properties": { }, "geometry": { "type": "LineString", "coordinates": [ [ -77.0756818, 38.9117904 ], [ -77.0755701, 38.9117844 ], [ -77.0755679, 38.9119082 ], [ -77.0756769, 38.9119101 ] ] } },
{ "type": "Feature", "properties": { }, "geometry": { "type": "MultiLineString", "coordinates": [ [ [ -77.0742139, 38.9121641 ], [ -77.0742145, 38.9121426 ], [ -77.0742186, 38.9119803 ], [ -77.074236974710104, 38.91169574821442 ] ], [ [ -77.074163417758157, 38.911589856250181 ], [ -77.0738984, 38.9115841 ] ] ] } },
{ "type": "Feature", "properties": { }, "geometry": { "type": "LineString", "coordinates": [ [ -77.0756769, 38.9119101 ], [ -77.0759311, 38.9119658 ] ] } },
{ "type": "Feature", "properties": { }, "geometry": { "type": "LineString", "coordinates": [ [ -77.0760884, 38.912074 ], [ -77.0761232, 38.9120633 ], [ -77.0761528, 38.912045 ], [ -77.0761715, 38.9120251 ], [ -77.0761843, 38.9119992 ], [ -77.0761876, 38.9119737 ], [ -77.0761821, 38.9119476 ], [ -77.0761718, 38.9119284 ], [ -77.0761569, 38.9119116 ], [ -77.0761321, 38.9118942 ], [ -77.0761081, 38.911884 ], [ -77.076071, 38.9118769 ], [ -77.076035, 38.9118782 ], [ -77.0760047, 38.9118858 ], [ -77.075977, 38.9118994 ], [ -77.0759545, 38.9119182 ], [ -77.0759406, 38.9119374 ], [ -77.0759311, 38.9119658 ], [ -77.0759328, 38.9119959 ], [ -77.0759417, 38.9120176 ], [ -77.0759608, 38.9120412 ], [ -77.0759843, 38.912058 ], [ -77.0760148, 38.9120705 ], [ -77.0760321, 38.9120733 ], [ -77.0760515, 38.9120765 ], [ -77.0760726, 38.9120761 ], [ -77.0760884, 38.912074 ] ] } },
{ "type": "Feature", "properties": { }, "geometry": { "type": "LineString", "coordinates": [ [ -77.0760318, 38.9121974 ], [ -77.0759673, 38.9121958 ], [ -77.0759232, 38.9121957 ] ] } },
{ "type": "Feature", "properties": { }, "geometry": { "type": "LineString", "coordinates": [ [ -77.0760321, 38.9120733 ], [ -77.0760325, 38.9121807 ], [ -77.0760318, 38.9121974 ], [ -77.07603, 38.9122441 ], [ -77.0760241, 38.9123918 ] ] } },
{ "type": "Feature", "properties": { }, "geometry": { "type": "LineString", "coordinates": [ [ -77.07603, 38.9122441 ], [ -77.0759707, 38.9122414 ], [ -77.0759136, 38.9122366 ] ] } },
{ "type": "Feature", "properties": { }, "geometry": { "type": "LineString", "coordinates": [ [ -77.074498, 38.912513 ], [ -77.0745478, 38.9125027 ], [ -77.0745502, 38.9122189 ], [ -77.0745127, 38.912185 ], [ -77.0744413, 38.912166 ], [ -77.0742139, 38.9121641 ], [ -77.0742064, 38.9124062 ] ] } },
{ "type": "Feature", "properties": { }, "geometry": { "type": "LineString", "coordinates": [ [ -77.0685222, 38.9107185 ], [ -77.0685232, 38.9107722 ], [ -77.0685288, 38.9110618 ], [ -77.0685326, 38.9112623 ] ] } },
{ "type": "Feature", "properties": { }, "geometry": { "type": "LineString", "coordinates": [ [ -77.0691636, 38.9107052 ], [ -77.0691664, 38.9107684 ], [ -77.0692017, 38.91157 ], [ -77.0692041, 38.9116323 ], [ -77.0692064, 38.9116945 ], [ -77.0692154, 38.9118696 ], [ -77.06923, 38.9122926 ] ] } },
{ "type": "Feature", "properties": { }, "geometry": { "type": "LineString", "coordinates": [ [ -77.0687039, 38.9117083 ], [ -77.0687025, 38.911645 ], [ -77.0686961, 38.9113617 ] ] } },
{ "type": "Feature", "properties": { }, "geometry": { "type": "LineString", "coordinates": [ [ -77.0705997, 38.9118369 ], [ -77.0706125, 38.9122624 ], [ -77.0702071, 38.912273 ], [ -77.0701162, 38.9122754 ], [ -77.0697263, 38.9122855 ], [ -77.0697091, 38.911895 ], [ -77.0697074, 38.9118576 ] ] } },
{ "type": "Feature", "properties": { }, "geometry": { "type": "LineString", "coordinates": [ [ -77.0710275, 38.9118296 ], [ -77.0710481, 38.9123532 ], [ -77.0710537, 38.9124971 ] ] } },
{ "type": "Feature", "properties": { }, "geometry": { "type": "LineString", "coordinates": [ [ -77.0726855, 38.9125986 ], [ -77.0726796, 38.9125331 ], [ -77.072623, 38.911833 ], [ -77.0726167, 38.9118133 ], [ -77.0726064, 38.9118 ], [ -77.0725974, 38.911794 ], [ -77.0725801, 38.9117898 ], [ -77.0722074, 38.9118019 ], [ -77.0718251, 38.9118116 ], [ -77.0714414, 38.9118214 ], [ -77.0710275, 38.9118296 ], [ -77.0705997, 38.9118369 ], [ -77.070194, 38.9118463 ], [ -77.070109, 38.9118483 ], [ -77.0697074, 38.9118576 ], [ -77.0693, 38.9118675 ], [ -77.0692154, 38.9118696 ] ] } },
{ "type": "Feature", "properties": { }, "geometry": { "type": "LineString", "coordinates": [ [ -77.06923, 38.9122926 ], [ -77.0692404, 38.912592 ], [ -77.0692455, 38.9126839 ] ] } },
{ "type": "Feature", "properties": { }, "geometry": { "type": "LineString", "coordinates": [ [ -77.0692455, 38.9126839 ], [ -77.0693579, 38.9126732 ], [ -77.0697449, 38.91266 ] ] } },
{ "type": "Feature", "properties": { }, "geometry": { "type": "LineString", "coordinates": [ [ -77.0711047, 38.9134022 ], [ -77.0711912, 38.9134 ], [ -77.0713203, 38.9133966 ], [ -77.0713116, 38.913066 ], [ -77.0713075, 38.9129083 ], [ -77.0712346, 38.9128716 ], [ -77.0711636, 38.9128727 ], [ -77.0710815, 38.9128739 ] ] } },
{ "type": "Feature", "properties": { }, "geometry": { "type": "LineString", "coordinates": [ [ -77.0688191, 38.9136804 ], [ -77.0688165, 38.9136196 ], [ -77.068799, 38.9132116 ], [ -77.068566, 38.9132197 ], [ -77.06856, 38.9127556 ], [ -77.0685593, 38.9127048 ] ] } },
{ "type": "Feature", "properties": { }, "geometry": { "type": "LineString", "coordinates": [ [ -77.0746547, 38.9123792 ], [ -77.0759739, 38.9123913 ], [ -77.0760241, 38.9123918 ] ] } },
{ "type": "Feature", "properties": { }, "geometry": { "type": "LineString", "coordinates": [ [ -77.0760241, 38.9123918 ], [ -77.0761108, 38.9123917 ] ] } },
{ "type": "Feature", "properties": { }, "geometry": { "type": "LineString", "coordinates": [ [ -77.0737988, 38.9123945 ], [ -77.0742064, 38.9124062 ] ] } },
{ "type": "Feature", "properties": { }, "geometry": { "type": "LineString", "coordinates": [ [ -77.0742064, 38.9124062 ], [ -77.0744071, 38.912412 ], [ -77.0744535, 38.9124331 ], [ -77.0744526, 38.9124986 ], [ -77.074498, 38.912513 ] ] } },
{ "type": "Feature", "properties": { }, "geometry": { "type": "LineString", "coordinates": [ [ -77.0760241, 38.9123918 ], [ -77.0760167, 38.9125748 ], [ -77.0760142, 38.912638 ] ] } },
{ "type": "Feature", "properties": { }, "geometry": { "type": "LineString", "coordinates": [ [ -77.074498, 38.912513 ], [ -77.0744969, 38.9125379 ], [ -77.0744936, 38.9125997 ] ] } },
{ "type": "Feature", "properties": { }, "geometry": { "type": "LineString", "coordinates": [ [ -77.0741137, 38.9125897 ], [ -77.0741964, 38.9125922 ], [ -77.0742657, 38.912594 ], [ -77.0743193, 38.9125953 ], [ -77.0743744, 38.9125967 ], [ -77.0744936, 38.9125997 ], [ -77.0746174, 38.9126029 ], [ -77.074887, 38.9126098 ], [ -77.0754434, 38.912624 ], [ -77.0755506, 38.9126267 ] ] } },
{ "type": "Feature", "properties": { }, "geometry": { "type": "LineString", "coordinates": [ [ -77.0741137, 38.9125897 ], [ -77.0741185, 38.9126679 ], [ -77.0741347, 38.9130503 ], [ -77.0741375, 38.9131221 ], [ -77.0741539, 38.9135471 ] ] } },
{ "type": "Feature", "properties": { }, "geometry": { "type": "LineString", "coordinates": [ [ -77.0755506, 38.9126267 ], [ -77.0755512, 38.9126992 ], [ -77.0755515, 38.9127347 ], [ -77.0755947, 38.9137472 ] ] } },
{ "type": "Feature", "properties": { }, "geometry": { "type": "LineString", "coordinates": [ [ -77.076207, 38.91366 ], [ -77.076101, 38.913672 ], [ -77.075955, 38.913692 ], [ -77.075883, 38.913704 ], [ -77.075812, 38.913717 ] ] } },
{ "type": "Feature", "properties": { }, "geometry": { "type": "LineString", "coordinates": [ [ -77.0722074, 38.9118019 ], [ -77.0722221, 38.9122446 ], [ -77.071852, 38.9122517 ], [ -77.071463, 38.9122592 ], [ -77.0714414, 38.9118214 ] ] } },
{ "type": "Feature", "properties": { }, "geometry": { "type": "LineString", "coordinates": [ [ -77.0697449, 38.91266 ], [ -77.0709343, 38.9126242 ], [ -77.0710714, 38.91262 ], [ -77.0711469, 38.9126189 ], [ -77.0726083, 38.9125996 ], [ -77.0726855, 38.9125986 ], [ -77.0727794, 38.9125982 ], [ -77.0729387, 38.9125965 ], [ -77.0735448, 38.91259 ], [ -77.0737344, 38.9125877 ], [ -77.0739197, 38.9125871 ], [ -77.0740167, 38.9125884 ], [ -77.0741137, 38.9125897 ] ] } },
{ "type": "Feature", "properties": { }, "geometry": { "type": "LineString", "coordinates": [ [ -77.0741347, 38.9130503 ], [ -77.0740467, 38.9130528 ], [ -77.072784, 38.9130884 ], [ -77.0727241, 38.9130901 ] ] } },
{ "type": "Feature", "properties": { }, "geometry": { "type": "LineString", "coordinates": [ [ -77.0713203, 38.9133966 ], [ -77.0713346, 38.9134092 ], [ -77.0713718, 38.9134422 ], [ -77.0717063, 38.9134389 ], [ -77.0719054, 38.9134347 ] ] } },
{ "type": "Feature", "properties": { }, "geometry": { "type": "LineString", "coordinates": [ [ -77.0726855, 38.9125986 ], [ -77.072693, 38.9126751 ], [ -77.0727241, 38.9130901 ], [ -77.0727375, 38.9135107 ], [ -77.0727403, 38.9135808 ], [ -77.0727435, 38.9136508 ], [ -77.072777, 38.9144208 ], [ -77.0727821, 38.9144866 ], [ -77.0727851, 38.9145579 ], [ -77.0728145, 38.9153297 ], [ -77.0728182, 38.9153903 ] ] } },
{ "type": "Feature", "properties": { }, "geometry": { "type": "LineString", "coordinates": [ [ -77.0732123, 38.9135708 ], [ -77.0732142, 38.91363 ], [ -77.0732264, 38.9140189 ], [ -77.0732446, 38.9144127 ], [ -77.0732474, 38.9144744 ] ] } },
{ "type": "Feature", "properties": { }, "geometry": { "type": "LineString", "coordinates": [ [ -77.0722466, 38.9135942 ], [ -77.072249, 38.9136526 ], [ -77.0722651, 38.914046 ], [ -77.0722844, 38.9144374 ], [ -77.0722875, 38.9145012 ] ] } },
{ "type": "Feature", "properties": { }, "geometry": { "type": "LineString", "coordinates": [ [ -77.0722651, 38.914046 ], [ -77.0712076, 38.9140754 ], [ -77.0711347, 38.9140774 ] ] } },
{ "type": "Feature", "properties": { }, "geometry": { "type": "LineString", "coordinates": [ [ -77.0693269, 38.9145712 ], [ -77.0694149, 38.9145688 ], [ -77.0710749, 38.9145322 ], [ -77.0711515, 38.91453 ], [ -77.0712337, 38.9145276 ], [ -77.0722875, 38.9145012 ], [ -77.072684, 38.9144874 ], [ -77.0727821, 38.9144866 ], [ -77.0728491, 38.9144873 ], [ -77.0732474, 38.9144744 ], [ -77.0741099, 38.9144515 ], [ -77.0741946, 38.9144489 ], [ -77.0742741, 38.9144469 ], [ -77.0755334, 38.9144151 ], [ -77.0756147, 38.9144129 ] ] } },
{ "type": "Feature", "properties": { }, "geometry": { "type": "LineString", "coordinates": [ [ -77.0732895, 38.9153773 ], [ -77.0732866, 38.9153167 ], [ -77.0732681, 38.9149225 ], [ -77.0732506, 38.9145431 ], [ -77.0732474, 38.9144744 ] ] } },
{ "type": "Feature", "properties": { }, "geometry": { "type": "MultiLineString", "coordinates": [ [ [ -77.0940841, 38.9052113 ], [ -77.094573507324441, 38.905486345558749 ] ], [ [ -77.094754443080177, 38.905588030951584 ], [ -77.095076478550681, 38.905769013992703 ] ] ] } },
{ "type": "Feature", "properties": { }, "geometry": { "type": "LineString", "coordinates": [ [ -77.0939685, 38.9114566 ], [ -77.093826, 38.911555 ], [ -77.0936788, 38.9116561 ], [ -77.0935826, 38.9117079 ] ] } },
{ "type": "Feature", "properties": { }, "geometry": { "type": "LineString", "coordinates": [ [ -77.0935826, 38.9117079 ], [ -77.0934766, 38.9117772 ] ] } },
{ "type": "Feature", "properties": { }, "geometry": { "type": "LineString", "coordinates": [ [ -77.0962976, 38.9139033 ], [ -77.0964472, 38.9138534 ], [ -77.0964748, 38.9138468 ], [ -77.0965024, 38.9138452 ], [ -77.0965278, 38.9138534 ], [ -77.0965597, 38.9138716 ], [ -77.0967463, 38.914057 ], [ -77.0967741, 38.9140847 ] ] } },
{ "type": "Feature", "properties": { }, "geometry": { "type": "LineString", "coordinates": [ [ -77.0967463, 38.914057 ], [ -77.0966807, 38.9140979 ] ] } },
{ "type": "Feature", "properties": { }, "geometry": { "type": "LineString", "coordinates": [ [ -77.0935588, 38.9152323 ], [ -77.0933452, 38.9150462 ], [ -77.0931786, 38.9149136 ], [ -77.0931715, 38.9149079 ], [ -77.093066, 38.914824 ] ] } },
{ "type": "Feature", "properties": { }, "geometry": { "type": "LineString", "coordinates": [ [ -77.0930105, 38.9150533 ], [ -77.0935588, 38.9152323 ] ] } },
{ "type": "Feature", "properties": { }, "geometry": { "type": "LineString", "coordinates": [ [ -77.0935588, 38.9152323 ], [ -77.093831, 38.9153212 ] ] } },
{ "type": "Feature", "properties": { }, "geometry": { "type": "LineString", "coordinates": [ [ -77.0900505, 38.9090471 ], [ -77.0900382, 38.9090606 ], [ -77.0896188, 38.9094408 ], [ -77.089429, 38.9096178 ], [ -77.0892261, 38.9098006 ], [ -77.0890681, 38.909948 ], [ -77.088921, 38.9100792 ], [ -77.0888874, 38.9101056 ], [ -77.0888607, 38.9101257 ], [ -77.0888324, 38.9101438 ], [ -77.0888021, 38.9101623 ] ] } },
{ "type": "Feature", "properties": { }, "geometry": { "type": "LineString", "coordinates": [ [ -77.0892261, 38.9098006 ], [ -77.089174, 38.9097656 ], [ -77.0888564, 38.9095521 ] ] } },
{ "type": "Feature", "properties": { }, "geometry": { "type": "LineString", "coordinates": [ [ -77.0907604, 38.9095634 ], [ -77.0906279, 38.9096916 ], [ -77.0904536, 38.9097604 ], [ -77.089832, 38.910194 ], [ -77.0896925, 38.9102285 ], [ -77.0895906, 38.9102264 ], [ -77.089427, 38.9101888 ], [ -77.0891359, 38.9099906 ], [ -77.0890681, 38.909948 ] ] } },
{ "type": "Feature", "properties": { }, "geometry": { "type": "LineString", "coordinates": [ [ -77.0887492, 38.910104 ], [ -77.0888021, 38.9101623 ] ] } },
{ "type": "Feature", "properties": { }, "geometry": { "type": "LineString", "coordinates": [ [ -77.0886846, 38.9101506 ], [ -77.0886458, 38.9101831 ], [ -77.0886117, 38.9102152 ], [ -77.0885029, 38.9103257 ], [ -77.0884838, 38.9103409 ], [ -77.0884373, 38.9103729 ], [ -77.0883522, 38.9102908 ], [ -77.0882376, 38.9101727 ], [ -77.0880751, 38.9100457 ], [ -77.0880329, 38.9100089 ] ] } },
{ "type": "Feature", "properties": { }, "geometry": { "type": "LineString", "coordinates": [ [ -77.0884373, 38.9103729 ], [ -77.08848, 38.9104549 ], [ -77.0885287, 38.9105455 ], [ -77.0885608, 38.9106101 ] ] } },
{ "type": "Feature", "properties": { }, "geometry": { "type": "LineString", "coordinates": [ [ -77.0888357, 38.9114156 ], [ -77.0892191, 38.9113116 ], [ -77.0893099, 38.9112823 ], [ -77.0893991, 38.9112536 ] ] } },
{ "type": "Feature", "properties": { }, "geometry": { "type": "LineString", "coordinates": [ [ -77.0888021, 38.9101623 ], [ -77.0888452, 38.9102182 ], [ -77.088919, 38.910312 ], [ -77.088953, 38.910365 ], [ -77.088984, 38.910419 ], [ -77.089014, 38.910474 ], [ -77.0890213, 38.9104884 ], [ -77.089042, 38.910529 ], [ -77.08908, 38.910611 ], [ -77.089103, 38.910664 ], [ -77.089154, 38.910797 ], [ -77.089173, 38.910851 ], [ -77.089197, 38.910913 ], [ -77.08924, 38.911005 ], [ -77.089273, 38.911065 ], [ -77.089308, 38.911124 ], [ -77.089328, 38.911152 ], [ -77.089346, 38.911181 ], [ -77.0893991, 38.9112536 ], [ -77.089406, 38.911263 ], [ -77.089449, 38.911317 ], [ -77.089494, 38.91137 ], [ -77.089542, 38.911421 ], [ -77.089589, 38.911469 ], [ -77.089664, 38.911539 ], [ -77.089716, 38.911584 ], [ -77.089797, 38.91165 ], [ -77.0898436, 38.9116867 ], [ -77.0907839, 38.9124262 ], [ -77.091133, 38.912712 ] ] } },
{ "type": "Feature", "properties": { }, "geometry": { "type": "LineString", "coordinates": [ [ -77.088275, 38.911612 ], [ -77.0882388, 38.9116815 ], [ -77.0881784, 38.9117589 ], [ -77.088055, 38.9118405 ] ] } },
{ "type": "Feature", "properties": { }, "geometry": { "type": "LineString", "coordinates": [ [ -77.0895701, 38.9119504 ], [ -77.0897797, 38.9117484 ], [ -77.0898436, 38.9116867 ] ] } },
{ "type": "Feature", "properties": { }, "geometry": { "type": "MultiLineString", "coordinates": [ [ [ -77.104408530641251, 38.912977507825111 ], [ -77.1041778, 38.9126515 ], [ -77.1038002, 38.9122041 ], [ -77.103749115429324, 38.912153656275194 ] ], [ [ -77.103555026032922, 38.911962001692011 ], [ -77.1033538, 38.9117633 ], [ -77.102856, 38.9113626 ], [ -77.102259179783616, 38.910906455302722 ] ], [ [ -77.099359177889269, 38.90854066325992 ], [ -77.099187161307114, 38.908404165155339 ] ], [ [ -77.099069010454116, 38.908310410429557 ], [ -77.0985387, 38.9078896 ], [ -77.0973886, 38.9070748 ], [ -77.096816509729322, 38.906707691690379 ] ] ] } },
{ "type": "Feature", "properties": { }, "geometry": { "type": "MultiLineString", "coordinates": [ [ [ -77.095422436418573, 38.90597749760483 ], [ -77.09543432127991, 38.905984827303548 ] ], [ [ -77.095665001088165, 38.906127093456114 ], [ -77.0963243, 38.9065337 ], [ -77.0972513, 38.9071616 ], [ -77.0983327, 38.9079898 ], [ -77.0993026, 38.908818 ], [ -77.1004785, 38.9098732 ], [ -77.1017488, 38.9109285 ], [ -77.102547, 38.9115162 ], [ -77.1031135, 38.9119303 ], [ -77.1036542, 38.9124245 ], [ -77.1040926, 38.9129564 ], [ -77.104453979938867, 38.913509774245995 ] ] ] } },
{ "type": "Feature", "properties": { }, "geometry": { "type": "LineString", "coordinates": [ [ -77.105556123732001, 38.915925930181608 ], [ -77.1055738, 38.9159931 ] ] } },
{ "type": "Feature", "properties": { }, "geometry": { "type": "LineString", "coordinates": [ [ -77.0934766, 38.9117772 ], [ -77.093276, 38.9119188 ], [ -77.0927734, 38.9122551 ] ] } },
{ "type": "Feature", "properties": { }, "geometry": { "type": "LineString", "coordinates": [ [ -77.0889305, 38.9120287 ], [ -77.0886994, 38.912303 ], [ -77.0887195, 38.912349 ], [ -77.0887837, 38.9123908 ] ] } },
{ "type": "Feature", "properties": { }, "geometry": { "type": "LineString", "coordinates": [ [ -77.0884609, 38.9122139 ], [ -77.0884538, 38.9122478 ], [ -77.0884737, 38.9122785 ], [ -77.0885129, 38.9122942 ], [ -77.0885565, 38.912289 ], [ -77.0885879, 38.9122648 ], [ -77.088595, 38.9122309 ], [ -77.0885751, 38.9122003 ], [ -77.0885359, 38.9121845 ], [ -77.0884923, 38.9121898 ], [ -77.0884609, 38.9122139 ] ] } },
{ "type": "Feature", "properties": { }, "geometry": { "type": "LineString", "coordinates": [ [ -77.0927734, 38.9122551 ], [ -77.0927125, 38.9122945 ] ] } },
{ "type": "Feature", "properties": { }, "geometry": { "type": "LineString", "coordinates": [ [ -77.0886994, 38.912303 ], [ -77.0885879, 38.9122648 ] ] } },
{ "type": "Feature", "properties": { }, "geometry": { "type": "LineString", "coordinates": [ [ -77.088975, 38.912921 ], [ -77.08903, 38.912901 ], [ -77.089094, 38.912875 ], [ -77.089156, 38.912846 ], [ -77.089233, 38.912806 ], [ -77.089307, 38.912762 ], [ -77.089379, 38.912716 ], [ -77.089447, 38.912667 ], [ -77.089512, 38.912615 ], [ -77.089537, 38.912596 ], [ -77.089558, 38.912574 ], [ -77.089573, 38.912549 ], [ -77.089584, 38.912523 ], [ -77.089589, 38.912496 ], [ -77.089591, 38.912478 ], [ -77.089591, 38.912459 ], [ -77.089589, 38.91244 ], [ -77.089584, 38.912422 ], [ -77.089577, 38.912404 ], [ -77.089556, 38.91237 ], [ -77.089542, 38.912355 ], [ -77.089526, 38.912341 ], [ -77.089509, 38.912328 ], [ -77.089395, 38.912267 ], [ -77.0889305, 38.9120287 ], [ -77.088744, 38.911933 ], [ -77.0886503, 38.9118921 ], [ -77.0885866, 38.9118647 ], [ -77.0885164, 38.9118416 ], [ -77.0882912, 38.9118283 ], [ -77.088055, 38.9118405 ], [ -77.08793, 38.911882 ], [ -77.087897, 38.911895 ], [ -77.087865, 38.911909 ], [ -77.087803, 38.91194 ], [ -77.087773, 38.911957 ], [ -77.087744, 38.911975 ], [ -77.087689, 38.912013 ], [ -77.087663, 38.912034 ], [ -77.087611, 38.912081 ], [ -77.087588, 38.912106 ], [ -77.087566, 38.912132 ], [ -77.087545, 38.912159 ], [ -77.08751, 38.912215 ], [ -77.087495, 38.912244 ], [ -77.087481, 38.912274 ], [ -77.087456, 38.912345 ], [ -77.087441, 38.912409 ], [ -77.087435, 38.912448 ], [ -77.0874323, 38.9124786 ], [ -77.087431, 38.912494 ], [ -77.087431, 38.912516 ] ] } },
{ "type": "Feature", "properties": { }, "geometry": { "type": "LineString", "coordinates": [ [ -77.0887837, 38.9123908 ], [ -77.0887908, 38.91242 ], [ -77.0888186, 38.9124403 ], [ -77.0888564, 38.9124441 ], [ -77.0888899, 38.9124299 ], [ -77.0889062, 38.9124031 ], [ -77.0888991, 38.9123739 ], [ -77.0888714, 38.9123535 ], [ -77.0888335, 38.9123497 ], [ -77.0888001, 38.912364 ], [ -77.0887837, 38.9123908 ] ] } },
{ "type": "Feature", "properties": { }, "geometry": { "type": "LineString", "coordinates": [ [ -77.0902236, 38.9125848 ], [ -77.0906943, 38.912565 ], [ -77.0907351, 38.9125018 ], [ -77.0907839, 38.9124262 ] ] } },
{ "type": "Feature", "properties": { }, "geometry": { "type": "LineString", "coordinates": [ [ -77.0948487, 38.9156861 ], [ -77.0948956, 38.9156328 ], [ -77.0949355, 38.9155874 ], [ -77.0949362, 38.9155836 ], [ -77.0949584, 38.915469 ], [ -77.095027, 38.9153303 ], [ -77.0952293, 38.9151811 ], [ -77.095606, 38.9149251 ], [ -77.0960879, 38.914606 ], [ -77.0964579, 38.914361 ], [ -77.0964869, 38.9143191 ], [ -77.096495, 38.9142604 ], [ -77.096461, 38.9141607 ], [ -77.0962976, 38.9139033 ], [ -77.0960895, 38.9135756 ], [ -77.0955935, 38.9127396 ], [ -77.0955196, 38.9125948 ], [ -77.0954571, 38.9125284 ], [ -77.0953292, 38.9124366 ], [ -77.0949455, 38.9121768 ], [ -77.0945546, 38.9119191 ], [ -77.0941851, 38.9116382 ], [ -77.0939685, 38.9114566 ], [ -77.0937968, 38.9113125 ], [ -77.0933601, 38.9109178 ], [ -77.0928095, 38.9104249 ], [ -77.0924136, 38.910113 ], [ -77.0919831, 38.9098338 ], [ -77.0917183, 38.909676 ], [ -77.0915946, 38.9096124 ], [ -77.0914771, 38.9095874 ], [ -77.0913929, 38.9095932 ], [ -77.0913261, 38.9096201 ], [ -77.0910713, 38.9097828 ], [ -77.0905813, 38.9101082 ], [ -77.090157, 38.9103739 ], [ -77.0898761, 38.9105193 ], [ -77.0897252, 38.9106098 ], [ -77.0896272, 38.9106682 ], [ -77.0895084, 38.9106971 ], [ -77.0894577, 38.9107038 ], [ -77.0894193, 38.9106932 ], [ -77.0893364, 38.9106297 ], [ -77.0892981, 38.9105546 ], [ -77.0892622, 38.910491 ], [ -77.0891892, 38.9104602 ], [ -77.0891286, 38.9104612 ], [ -77.0890213, 38.9104884 ] ] } },
{ "type": "Feature", "properties": { }, "geometry": { "type": "LineString", "coordinates": [ [ -77.0927125, 38.9122945 ], [ -77.0925943, 38.912385 ], [ -77.0923477, 38.9125462 ], [ -77.0921255, 38.9126928 ], [ -77.0916623, 38.9130109 ], [ -77.0915817, 38.9130481 ], [ -77.0915082, 38.9130822 ] ] } },
{ "type": "Feature", "properties": { }, "geometry": { "type": "LineString", "coordinates": [ [ -77.0895504, 38.9140059 ], [ -77.0895293, 38.9140823 ], [ -77.0895783, 38.9141808 ], [ -77.0897194, 38.9142673 ], [ -77.0899075, 38.9143554 ], [ -77.0899587, 38.9143986 ] ] } },
{ "type": "Feature", "properties": { }, "geometry": { "type": "LineString", "coordinates": [ [ -77.0885186, 38.9142406 ], [ -77.0884982, 38.9142665 ], [ -77.0884898, 38.9142962 ], [ -77.0884945, 38.9143264 ], [ -77.0885116, 38.9143538 ], [ -77.0885392, 38.9143752 ], [ -77.0885744, 38.9143884 ], [ -77.0886133, 38.9143919 ], [ -77.0886514, 38.9143853 ], [ -77.0886847, 38.9143693 ], [ -77.0887071, 38.9143487 ], [ -77.0887208, 38.9143239 ], [ -77.0887243, 38.9142935 ], [ -77.0887147, 38.9142638 ], [ -77.0886931, 38.9142383 ], [ -77.0886619, 38.9142198 ], [ -77.0886246, 38.9142103 ], [ -77.0885856, 38.9142108 ], [ -77.0885489, 38.9142213 ], [ -77.0885186, 38.9142406 ] ] } },
{ "type": "Feature", "properties": { }, "geometry": { "type": "LineString", "coordinates": [ [ -77.0889003, 38.914002 ], [ -77.0890518, 38.9140385 ], [ -77.0892262, 38.9140917 ], [ -77.0894662, 38.9144267 ], [ -77.0894984, 38.9145383 ], [ -77.0894893, 38.9145892 ], [ -77.0894823, 38.9146281 ] ] } },
{ "type": "Feature", "properties": { }, "geometry": { "type": "MultiLineString", "coordinates": [ [ [ -77.0892644, 38.9148117 ], [ -77.0894019, 38.9148545 ], [ -77.0895816, 38.9147836 ], [ -77.0894823, 38.9146281 ] ], [ [ -77.0894823, 38.9146281 ], [ -77.0893281, 38.9145853 ], [ -77.0892838, 38.9146563 ], [ -77.0893576, 38.9147126 ], [ -77.0894367, 38.9146917 ], [ -77.0894823, 38.9146281 ] ] ] } },
{ "type": "Feature", "properties": { }, "geometry": { "type": "LineString", "coordinates": [ [ -77.090745, 38.91434 ], [ -77.0908115, 38.9144537 ], [ -77.0909375, 38.9146192 ], [ -77.0910363, 38.9147875 ], [ -77.091096, 38.914911 ], [ -77.0911973, 38.9151571 ], [ -77.0911973, 38.9151894 ], [ -77.0911888, 38.9152089 ], [ -77.091143, 38.9152217 ], [ -77.0910471, 38.9152001 ] ] } },
{ "type": "Feature", "properties": { }, "geometry": { "type": "LineString", "coordinates": [ [ -77.093066, 38.914824 ], [ -77.0930653, 38.9149282 ], [ -77.0930366, 38.9149898 ], [ -77.0930105, 38.9150533 ] ] } },
{ "type": "Feature", "properties": { }, "geometry": { "type": "LineString", "coordinates": [ [ -77.0921784, 38.9147865 ], [ -77.0921332, 38.9148616 ], [ -77.0921225, 38.9148794 ], [ -77.0921048, 38.9148987 ], [ -77.0920588, 38.9149193 ], [ -77.0919411, 38.9149778 ], [ -77.0918393, 38.9150584 ], [ -77.091819, 38.915079 ], [ -77.0918296, 38.9150949 ] ] } },
{ "type": "Feature", "properties": { }, "geometry": { "type": "LineString", "coordinates": [ [ -77.092346, 38.91484 ], [ -77.0928962, 38.9150185 ], [ -77.0930105, 38.9150533 ] ] } },
{ "type": "Feature", "properties": { }, "geometry": { "type": "LineString", "coordinates": [ [ -77.0910471, 38.9152001 ], [ -77.0908071, 38.9150557 ], [ -77.090739, 38.9150434 ], [ -77.090527, 38.914859 ] ] } },
{ "type": "Feature", "properties": { }, "geometry": { "type": "LineString", "coordinates": [ [ -77.0930105, 38.9150533 ], [ -77.0929719, 38.9151322 ], [ -77.0929061, 38.9152668 ] ] } },
{ "type": "Feature", "properties": { }, "geometry": { "type": "LineString", "coordinates": [ [ -77.097681, 38.915253 ], [ -77.097579, 38.915079 ], [ -77.097537, 38.914999 ], [ -77.097506, 38.914935 ], [ -77.097499, 38.914914 ], [ -77.097494, 38.914893 ], [ -77.097491, 38.914875 ], [ -77.097486, 38.914853 ], [ -77.097478, 38.914832 ], [ -77.097465, 38.914812 ], [ -77.097432, 38.914766 ], [ -77.097415, 38.914751 ], [ -77.097376, 38.914737 ], [ -77.09734, 38.914737 ], [ -77.097312, 38.914741 ], [ -77.097285, 38.914749 ], [ -77.097134, 38.914849 ], [ -77.096921, 38.914986 ], [ -77.096562, 38.915227 ], [ -77.095963, 38.915624 ], [ -77.09569, 38.915807 ], [ -77.0956702, 38.9158247 ], [ -77.095658, 38.91584 ], [ -77.0956423, 38.915875 ] ] } },
{ "type": "Feature", "properties": { }, "geometry": { "type": "LineString", "coordinates": [ [ -77.0944673, 38.9155142 ], [ -77.0943673, 38.9154801 ], [ -77.0942933, 38.9154531 ], [ -77.0940551, 38.9153607 ], [ -77.093831, 38.9153212 ] ] } },
{ "type": "Feature", "properties": { }, "geometry": { "type": "LineString", "coordinates": [ [ -77.093831, 38.9153212 ], [ -77.0940581, 38.9154343 ], [ -77.0943092, 38.9155401 ], [ -77.0944821, 38.9156204 ] ] } },
{ "type": "Feature", "properties": { }, "geometry": { "type": "LineString", "coordinates": [ [ -77.0945827, 38.9155521 ], [ -77.0944673, 38.9155142 ] ] } },
{ "type": "Feature", "properties": { }, "geometry": { "type": "LineString", "coordinates": [ [ -77.093831, 38.9153212 ], [ -77.0937756, 38.9153975 ], [ -77.0937224, 38.9154707 ], [ -77.0937264, 38.9155339 ], [ -77.0934081, 38.9157925 ], [ -77.0932332, 38.9156935 ] ] } },
{ "type": "Feature", "properties": { }, "geometry": { "type": "LineString", "coordinates": [ [ -77.0948487, 38.9156861 ], [ -77.0947314, 38.9156074 ], [ -77.0945827, 38.9155521 ] ] } },
{ "type": "Feature", "properties": { }, "geometry": { "type": "LineString", "coordinates": [ [ -77.0944821, 38.9156204 ], [ -77.0945494, 38.915663 ] ] } },
{ "type": "Feature", "properties": { }, "geometry": { "type": "LineString", "coordinates": [ [ -77.0868001, 38.906727 ], [ -77.0890494, 38.9074086 ], [ -77.0892181, 38.907462 ], [ -77.0893737, 38.9075139 ], [ -77.0895098, 38.9075608 ], [ -77.08966, 38.9076148 ], [ -77.0898318, 38.9076814 ], [ -77.0900067, 38.9077502 ], [ -77.0901983, 38.9078301 ], [ -77.0903869, 38.9079102 ], [ -77.0908248, 38.9080997 ], [ -77.0909665, 38.908163 ], [ -77.0911326, 38.9082393 ], [ -77.0912729, 38.9083052 ], [ -77.0914566, 38.9083938 ], [ -77.0916343, 38.9084786 ], [ -77.09183, 38.908575 ], [ -77.0919882, 38.9086562 ], [ -77.0920899, 38.90871 ], [ -77.0922028, 38.9087755 ], [ -77.092307, 38.9088356 ], [ -77.0924029, 38.908894 ], [ -77.0925356, 38.9089747 ], [ -77.0926768, 38.9090626 ], [ -77.0929212, 38.909214 ], [ -77.0930366, 38.9092868 ], [ -77.0931796, 38.9093821 ], [ -77.0933374, 38.9094902 ], [ -77.0934902, 38.909598 ], [ -77.0936609, 38.9097296 ], [ -77.0938191, 38.9098559 ], [ -77.0951223, 38.9108747 ], [ -77.0952401, 38.9109702 ], [ -77.0953393, 38.911048 ], [ -77.0954403, 38.9111398 ], [ -77.0955395, 38.9112311 ], [ -77.0956462, 38.9113327 ], [ -77.0957473, 38.9114302 ], [ -77.095845, 38.9115307 ], [ -77.0959594, 38.9116501 ], [ -77.0964755, 38.9121954 ], [ -77.0965962, 38.9123202 ], [ -77.0967115, 38.9124477 ], [ -77.0968127, 38.9125639 ], [ -77.0969057, 38.9126762 ], [ -77.0970015, 38.9127964 ], [ -77.0970857, 38.9129183 ], [ -77.0971606, 38.9130252 ], [ -77.0972483, 38.9131532 ], [ -77.0973784, 38.9133415 ], [ -77.0975211, 38.9135522 ], [ -77.0976486, 38.913741 ], [ -77.0977706, 38.9139223 ], [ -77.0978813, 38.9140929 ], [ -77.0980017, 38.9142821 ], [ -77.0981219, 38.9144753 ], [ -77.0982471, 38.914679 ], [ -77.0983435, 38.9148481 ], [ -77.0984471, 38.9150353 ], [ -77.0985921, 38.9153071 ], [ -77.0996817, 38.9172977 ], [ -77.0997799, 38.9174754 ], [ -77.0999059, 38.9177137 ], [ -77.100044, 38.917974 ], [ -77.1001442, 38.9181767 ], [ -77.1002851, 38.9184569 ], [ -77.1003577, 38.9186058 ], [ -77.1003636, 38.9186178 ], [ -77.1004637, 38.9188673 ], [ -77.1005703, 38.9190871 ], [ -77.1009153, 38.9196891 ], [ -77.1009443, 38.9197354 ], [ -77.1009726, 38.9197799 ], [ -77.1010019, 38.9198212 ], [ -77.1010389, 38.9198683 ], [ -77.101079, 38.9199188 ], [ -77.1011241, 38.9199726 ], [ -77.1011743, 38.9200266 ], [ -77.1016953, 38.9206144 ], [ -77.1017626, 38.9206848 ], [ -77.1018341, 38.9207604 ], [ -77.1018959, 38.9208199 ], [ -77.1019797, 38.9208992 ], [ -77.1020618, 38.9209775 ], [ -77.1021539, 38.9210643 ], [ -77.102168811148246, 38.92107819059558 ] ] } },
{ "type": "Feature", "properties": { }, "geometry": { "type": "LineString", "coordinates": [ [ -77.0949346, 38.9157438 ], [ -77.0948487, 38.9156861 ] ] } },
{ "type": "Feature", "properties": { }, "geometry": { "type": "LineString", "coordinates": [ [ -77.0951676, 38.9157086 ], [ -77.0950199, 38.9157122 ], [ -77.0949346, 38.9157438 ] ] } },
{ "type": "Feature", "properties": { }, "geometry": { "type": "LineString", "coordinates": [ [ -77.0792115, 38.912382 ], [ -77.0792095, 38.9122572 ], [ -77.0792019, 38.9120682 ], [ -77.0792003, 38.9120432 ], [ -77.0791952, 38.9120185 ], [ -77.0791872, 38.911994 ], [ -77.0791769, 38.9119678 ], [ -77.0791653, 38.9119436 ], [ -77.0791508, 38.9119201 ], [ -77.0791342, 38.911901 ], [ -77.0791124, 38.9118791 ], [ -77.0789973, 38.9117853 ], [ -77.0789752, 38.9117661 ], [ -77.0789559, 38.9117416 ], [ -77.0789399, 38.9117178 ], [ -77.0789226, 38.9116877 ], [ -77.0789016, 38.91165 ], [ -77.078499, 38.9108889 ], [ -77.0784742, 38.9108418 ], [ -77.0784486, 38.9108014 ], [ -77.078423, 38.9107631 ] ] } },
{ "type": "Feature", "properties": { }, "geometry": { "type": "LineString", "coordinates": [ [ -77.0789973, 38.9117853 ], [ -77.0789311, 38.911793 ], [ -77.0787875, 38.9118099 ] ] } },
{ "type": "Feature", "properties": { }, "geometry": { "type": "LineString", "coordinates": [ [ -77.0767167, 38.9118739 ], [ -77.0765117, 38.9118739 ], [ -77.07639, 38.9119786 ], [ -77.0763772, 38.9120168 ], [ -77.0763706, 38.9121233 ], [ -77.0763687, 38.912153 ], [ -77.0763729, 38.9121813 ], [ -77.0763964, 38.9122045 ], [ -77.0774475, 38.9122268 ], [ -77.0774928, 38.9122278 ], [ -77.0776273, 38.9120982 ], [ -77.077685, 38.9120749 ], [ -77.0777448, 38.9120716 ], [ -77.0778024, 38.9120866 ], [ -77.077828, 38.9121048 ], [ -77.0778317, 38.9121764 ], [ -77.0778336, 38.9122133 ] ] } },
{ "type": "Feature", "properties": { }, "geometry": { "type": "LineString", "coordinates": [ [ -77.0761021, 38.91264 ], [ -77.0761048, 38.9125757 ], [ -77.0761082, 38.9124601 ], [ -77.0761108, 38.9123917 ], [ -77.0761179, 38.9122031 ], [ -77.0761204, 38.9121378 ], [ -77.0761232, 38.9120633 ] ] } },
{ "type": "Feature", "properties": { }, "geometry": { "type": "LineString", "coordinates": [ [ -77.0778336, 38.9122133 ], [ -77.0777917, 38.9122394 ], [ -77.0777539, 38.9122816 ], [ -77.0777234, 38.9123158 ], [ -77.0777042, 38.9123707 ], [ -77.0776999, 38.9125385 ], [ -77.0776972, 38.9126156 ], [ -77.0776955, 38.9126797 ] ] } },
{ "type": "Feature", "properties": { }, "geometry": { "type": "LineString", "coordinates": [ [ -77.0778209, 38.9126836 ], [ -77.0778234, 38.9126181 ], [ -77.0778323, 38.9123707 ], [ -77.0778369, 38.912273 ], [ -77.0778377, 38.9122548 ], [ -77.0778336, 38.9122133 ] ] } },
{ "type": "Feature", "properties": { }, "geometry": { "type": "LineString", "coordinates": [ [ -77.0755506, 38.9126267 ], [ -77.0756198, 38.9126284 ], [ -77.0760142, 38.912638 ], [ -77.0761021, 38.91264 ], [ -77.0761594, 38.9126413 ], [ -77.0767181, 38.9126545 ], [ -77.0771917, 38.9126656 ], [ -77.0776955, 38.9126797 ], [ -77.0778209, 38.9126836 ], [ -77.0780959, 38.9126888 ], [ -77.078302, 38.912695 ], [ -77.0783483, 38.9126964 ] ] } },
{ "type": "Feature", "properties": { }, "geometry": { "type": "LineString", "coordinates": [ [ -77.0783483, 38.9126964 ], [ -77.078529, 38.9126991 ], [ -77.0787229, 38.9127013 ] ] } },
{ "type": "Feature", "properties": { }, "geometry": { "type": "LineString", "coordinates": [ [ -77.0787229, 38.9127013 ], [ -77.0789369, 38.9127001 ] ] } },
{ "type": "Feature", "properties": { }, "geometry": { "type": "LineString", "coordinates": [ [ -77.0785263, 38.913068 ], [ -77.0785287, 38.913011 ], [ -77.078534, 38.9128957 ], [ -77.0785313, 38.9128237 ], [ -77.0785306, 38.9127849 ], [ -77.078529, 38.9126991 ] ] } },
{ "type": "Feature", "properties": { }, "geometry": { "type": "LineString", "coordinates": [ [ -77.084897, 38.912025 ], [ -77.0848817, 38.9120845 ], [ -77.0848949, 38.9121447 ], [ -77.0848903, 38.9121866 ], [ -77.084886, 38.912222 ], [ -77.0848466, 38.9122603 ], [ -77.084806, 38.912288 ], [ -77.084756, 38.912312 ], [ -77.0845465, 38.9123417 ], [ -77.0845028, 38.9123841 ] ] } },
{ "type": "Feature", "properties": { }, "geometry": { "type": "LineString", "coordinates": [ [ -77.084897, 38.912025 ], [ -77.0849025, 38.9120755 ], [ -77.0849196, 38.9121186 ], [ -77.0849627, 38.9122275 ], [ -77.0849862, 38.9123037 ], [ -77.0850064, 38.9123691 ], [ -77.0850393, 38.9124774 ] ] } },
{ "type": "Feature", "properties": { }, "geometry": { "type": "LineString", "coordinates": [ [ -77.0870076, 38.9121204 ], [ -77.0865193, 38.9122453 ], [ -77.0858368, 38.9124199 ] ] } },
{ "type": "Feature", "properties": { }, "geometry": { "type": "LineString", "coordinates": [ [ -77.0850064, 38.9123691 ], [ -77.0849141, 38.9123537 ], [ -77.0849052, 38.912353 ], [ -77.0848065, 38.9123454 ], [ -77.0847128, 38.9123421 ], [ -77.0845961, 38.9123503 ], [ -77.0845028, 38.9123841 ] ] } },
{ "type": "Feature", "properties": { }, "geometry": { "type": "LineString", "coordinates": [ [ -77.0851079, 38.9124952 ], [ -77.0850877, 38.9123833 ], [ -77.0850758, 38.9123172 ], [ -77.0850727, 38.9123003 ], [ -77.0850478, 38.912234 ] ] } },
{ "type": "Feature", "properties": { }, "geometry": { "type": "LineString", "coordinates": [ [ -77.0850877, 38.9123833 ], [ -77.0850064, 38.9123691 ] ] } },
{ "type": "Feature", "properties": { }, "geometry": { "type": "LineString", "coordinates": [ [ -77.0843385, 38.9124093 ], [ -77.0845028, 38.9123841 ] ] } },
{ "type": "Feature", "properties": { }, "geometry": { "type": "LineString", "coordinates": [ [ -77.0845028, 38.9123841 ], [ -77.0846233, 38.912407 ], [ -77.0847151, 38.9124122 ], [ -77.0847839, 38.9124208 ], [ -77.0849249, 38.912444 ], [ -77.0849337, 38.9124466 ], [ -77.0850393, 38.9124774 ] ] } },
{ "type": "Feature", "properties": { }, "geometry": { "type": "LineString", "coordinates": [ [ -77.0850393, 38.9124774 ], [ -77.0851079, 38.9124952 ] ] } },
{ "type": "Feature", "properties": { }, "geometry": { "type": "LineString", "coordinates": [ [ -77.0855276, 38.9126163 ], [ -77.0853612, 38.912511 ], [ -77.0852832, 38.9124654 ], [ -77.0852655, 38.9124565 ], [ -77.0852288, 38.9124382 ], [ -77.0851744, 38.9124172 ], [ -77.0850877, 38.9123833 ] ] } },
{ "type": "Feature", "properties": { }, "geometry": { "type": "LineString", "coordinates": [ [ -77.0845028, 38.9123841 ], [ -77.0845915, 38.9124269 ], [ -77.0847683, 38.9124543 ], [ -77.0849376, 38.9125356 ], [ -77.084947, 38.9125433 ], [ -77.085013, 38.9125973 ], [ -77.0851018, 38.9127027 ] ] } },
{ "type": "Feature", "properties": { }, "geometry": { "type": "LineString", "coordinates": [ [ -77.0851079, 38.9124952 ], [ -77.0851884, 38.912528 ], [ -77.0852427, 38.912549 ], [ -77.0852448, 38.91255 ], [ -77.0852971, 38.9125761 ], [ -77.0853845, 38.9126181 ], [ -77.0854742, 38.9126665 ] ] } },
{ "type": "Feature", "properties": { }, "geometry": { "type": "LineString", "coordinates": [ [ -77.0873347, 38.9125157 ], [ -77.087323, 38.9125918 ], [ -77.0873136, 38.9126533 ], [ -77.0873563, 38.9127248 ], [ -77.0874099, 38.9127403 ], [ -77.0874696, 38.9127381 ], [ -77.0875337, 38.9126982 ], [ -77.0875487, 38.9126167 ], [ -77.0875399, 38.9125887 ], [ -77.087518, 38.912519 ] ] } },
{ "type": "Feature", "properties": { }, "geometry": { "type": "LineString", "coordinates": [ [ -77.0855576, 38.9126736 ], [ -77.0855276, 38.9126163 ] ] } },
{ "type": "Feature", "properties": { }, "geometry": { "type": "LineString", "coordinates": [ [ -77.0850393, 38.9124774 ], [ -77.0850568, 38.9125404 ], [ -77.0851018, 38.9127027 ], [ -77.0851374, 38.9128241 ] ] } },
{ "type": "Feature", "properties": { }, "geometry": { "type": "LineString", "coordinates": [ [ -77.0852052, 38.912807 ], [ -77.085132, 38.9125724 ], [ -77.0851079, 38.9124952 ] ] } },
{ "type": "Feature", "properties": { }, "geometry": { "type": "LineString", "coordinates": [ [ -77.0854742, 38.9126665 ], [ -77.0855056, 38.9126723 ], [ -77.0855576, 38.9126736 ] ] } },
{ "type": "Feature", "properties": { }, "geometry": { "type": "LineString", "coordinates": [ [ -77.085963, 38.91286 ], [ -77.085981, 38.912839 ], [ -77.086002, 38.91282 ], [ -77.0860317, 38.9127995 ], [ -77.086052, 38.912787 ], [ -77.08608, 38.912774 ], [ -77.086125, 38.912755 ], [ -77.086217, 38.912721 ], [ -77.086311, 38.91269 ], [ -77.086359, 38.912675 ], [ -77.086455, 38.912649 ], [ -77.086504, 38.912637 ], [ -77.086554, 38.912626 ], [ -77.086659, 38.9126 ], [ -77.086765, 38.912577 ], [ -77.086818, 38.912567 ], [ -77.086926, 38.912549 ], [ -77.086981, 38.912541 ], [ -77.08709, 38.912529 ], [ -77.087196, 38.91252 ], [ -77.0873126, 38.9125164 ], [ -77.0873347, 38.9125157 ], [ -77.087357, 38.912515 ], [ -77.087431, 38.912516 ], [ -77.087518, 38.912519 ], [ -77.0875531, 38.9125212 ], [ -77.087677, 38.912529 ], [ -77.08778, 38.912537 ], [ -77.087884, 38.912549 ], [ -77.087986, 38.912564 ], [ -77.088088, 38.912582 ], [ -77.088138, 38.912592 ], [ -77.088183, 38.912602 ], [ -77.088272, 38.912626 ], [ -77.088358, 38.912654 ], [ -77.088442, 38.912687 ], [ -77.088483, 38.912704 ], [ -77.088589, 38.912755 ], [ -77.088637, 38.912782 ], [ -77.088661, 38.912797 ], [ -77.088705, 38.912829 ], [ -77.088745, 38.912864 ], [ -77.088764, 38.912882 ], [ -77.088782, 38.912901 ], [ -77.088807, 38.912921 ], [ -77.088829, 38.912931 ], [ -77.088856, 38.912939 ], [ -77.088891, 38.912942 ], [ -77.088927, 38.912937 ], [ -77.088975, 38.912921 ] ] } },
{ "type": "Feature", "properties": { }, "geometry": { "type": "LineString", "coordinates": [ [ -77.0852202, 38.9128616 ], [ -77.085247, 38.912791 ], [ -77.085262, 38.912765 ], [ -77.085281, 38.912741 ], [ -77.085305, 38.91272 ], [ -77.085333, 38.912702 ], [ -77.0853652, 38.9126953 ], [ -77.0853891, 38.9126901 ], [ -77.0854273, 38.9126819 ], [ -77.0854972, 38.9126911 ], [ -77.0855576, 38.9126736 ] ] } },
{ "type": "Feature", "properties": { }, "geometry": { "type": "LineString", "coordinates": [ [ -77.0851374, 38.9128241 ], [ -77.0851583, 38.9128925 ] ] } },
{ "type": "Feature", "properties": { }, "geometry": { "type": "LineString", "coordinates": [ [ -77.0783483, 38.9126964 ], [ -77.0783526, 38.9127876 ], [ -77.0783544, 38.9128263 ], [ -77.078357, 38.9129641 ], [ -77.0783516, 38.9130079 ], [ -77.0783528, 38.9130726 ] ] } },
{ "type": "Feature", "properties": { }, "geometry": { "type": "LineString", "coordinates": [ [ -77.076799, 38.913008 ], [ -77.076741, 38.913009 ], [ -77.076684, 38.913013 ], [ -77.07648, 38.913034 ], [ -77.076363, 38.913048 ], [ -77.076189, 38.913072 ], [ -77.076073, 38.91309 ] ] } },
{ "type": "Feature", "properties": { }, "geometry": { "type": "LineString", "coordinates": [ [ -77.0784347, 38.9132079 ], [ -77.0783966, 38.913202 ], [ -77.0783634, 38.9131863 ], [ -77.0783391, 38.9131627 ], [ -77.0783306, 38.913134 ], [ -77.0783344, 38.9130983 ], [ -77.0783528, 38.9130726 ], [ -77.0783803, 38.9130563 ], [ -77.0784189, 38.9130475 ], [ -77.0784591, 38.9130499 ], [ -77.078495, 38.9130585 ], [ -77.0785263, 38.913068 ], [ -77.0785441, 38.9130948 ], [ -77.0785486, 38.9131301 ], [ -77.0785379, 38.9131591 ], [ -77.078515, 38.9131836 ], [ -77.0785037, 38.9131916 ], [ -77.0784827, 38.9132005 ], [ -77.0784347, 38.9132079 ] ] } },
{ "type": "Feature", "properties": { }, "geometry": { "type": "LineString", "coordinates": [ [ -77.0783344, 38.9130983 ], [ -77.0783056, 38.9131199 ], [ -77.0782819, 38.9131498 ], [ -77.0782336, 38.9131895 ], [ -77.0781853, 38.9132208 ], [ -77.0781451, 38.9132479 ], [ -77.0781102, 38.9132834 ], [ -77.0780781, 38.9133189 ], [ -77.0780487, 38.9133561 ] ] } },
{ "type": "Feature", "properties": { }, "geometry": { "type": "LineString", "coordinates": [ [ -77.076013, 38.912784 ], [ -77.076019, 38.912819 ], [ -77.076027, 38.912855 ], [ -77.076073, 38.91309 ], [ -77.076163, 38.913537 ], [ -77.076181, 38.91362 ], [ -77.076207, 38.91366 ], [ -77.076242, 38.913672 ], [ -77.07632, 38.913685 ], [ -77.0764, 38.913692 ], [ -77.076454, 38.913693 ], [ -77.076521, 38.913691 ], [ -77.076561, 38.913688 ], [ -77.076816, 38.913652 ], [ -77.076877, 38.913646 ], [ -77.076888, 38.913618 ], [ -77.076895, 38.913589 ], [ -77.076898, 38.91356 ], [ -77.076897, 38.91353 ], [ -77.076814, 38.913077 ], [ -77.076799, 38.913008 ], [ -77.076797, 38.912962 ], [ -77.076847, 38.912799 ] ] } },
{ "type": "Feature", "properties": { }, "geometry": { "type": "LineString", "coordinates": [ [ -77.0781144, 38.9134549 ], [ -77.0780982, 38.9134793 ], [ -77.0780722, 38.913498 ], [ -77.0780396, 38.9135086 ], [ -77.077995, 38.9135086 ], [ -77.0779623, 38.9134981 ], [ -77.0779363, 38.9134794 ], [ -77.0779201, 38.913455 ], [ -77.0779156, 38.9134277 ], [ -77.0779203, 38.9134073 ], [ -77.0779367, 38.913383 ], [ -77.0779628, 38.9133645 ], [ -77.0779955, 38.913354 ], [ -77.0780308, 38.9133529 ], [ -77.0780487, 38.9133561 ], [ -77.0780799, 38.913369 ], [ -77.0781035, 38.9133895 ], [ -77.0781168, 38.913415 ], [ -77.0781144, 38.9134549 ] ] } },
{ "type": "Feature", "properties": { }, "geometry": { "type": "LineString", "coordinates": [ [ -77.0785486, 38.9131301 ], [ -77.0785823, 38.9131978 ], [ -77.0786306, 38.9132813 ], [ -77.0786735, 38.9133418 ], [ -77.078695, 38.9134024 ], [ -77.0787298, 38.9135172 ], [ -77.0787446, 38.9135516 ], [ -77.0787674, 38.9136048 ], [ -77.0788023, 38.9136549 ], [ -77.078931, 38.9138636 ], [ -77.0789672, 38.9138964 ] ] } },
{ "type": "Feature", "properties": { }, "geometry": { "type": "LineString", "coordinates": [ [ -77.077291, 38.913608 ], [ -77.077098, 38.913626 ], [ -77.076888, 38.913618 ] ] } },
{ "type": "Feature", "properties": { }, "geometry": { "type": "LineString", "coordinates": [ [ -77.0787446, 38.9135516 ], [ -77.0787245, 38.9136027 ], [ -77.078703, 38.9136382 ], [ -77.0786816, 38.9136737 ], [ -77.0786574, 38.9137008 ], [ -77.0786098, 38.9137408 ] ] } },
{ "type": "Feature", "properties": { }, "geometry": { "type": "LineString", "coordinates": [ [ -77.0785484, 38.9138452 ], [ -77.0785795, 38.9138313 ], [ -77.0786026, 38.9138099 ], [ -77.078615, 38.9137837 ], [ -77.0786151, 38.9137558 ], [ -77.0786098, 38.9137408 ], [ -77.0785913, 38.9137168 ], [ -77.0785635, 38.9136992 ], [ -77.0785295, 38.9136901 ], [ -77.0784807, 38.9136932 ], [ -77.078464, 38.9137002 ], [ -77.0784491, 38.9137065 ], [ -77.0784253, 38.9137273 ], [ -77.078412, 38.9137533 ], [ -77.0784139, 38.9137916 ], [ -77.0784296, 38.9138167 ], [ -77.0784554, 38.9138362 ], [ -77.0784882, 38.9138475 ], [ -77.078524, 38.9138495 ], [ -77.0785484, 38.9138452 ] ] } },
{ "type": "Feature", "properties": { }, "geometry": { "type": "LineString", "coordinates": [ [ -77.091133, 38.912712 ], [ -77.0910605, 38.9127611 ], [ -77.0907028, 38.9130035 ], [ -77.090531, 38.91312 ] ] } },
{ "type": "Feature", "properties": { }, "geometry": { "type": "LineString", "coordinates": [ [ -77.088782, 38.912901 ], [ -77.0886685, 38.9129925 ], [ -77.0886558, 38.9130272 ], [ -77.0886572, 38.9130565 ], [ -77.0886773, 38.9130867 ], [ -77.0887198, 38.913104 ], [ -77.0887651, 38.9131076 ], [ -77.0888075, 38.9130956 ], [ -77.0888609, 38.9130391 ], [ -77.088891, 38.912942 ] ] } },
{ "type": "Feature", "properties": { }, "geometry": { "type": "LineString", "coordinates": [ [ -77.091133, 38.912712 ], [ -77.0915082, 38.9130822 ], [ -77.091776, 38.913381 ] ] } },
{ "type": "Feature", "properties": { }, "geometry": { "type": "LineString", "coordinates": [ [ -77.090531, 38.91312 ], [ -77.08942, 38.913855 ], [ -77.0893886, 38.9138856 ], [ -77.089378, 38.913896 ], [ -77.089349, 38.913943 ] ] } },
{ "type": "Feature", "properties": { }, "geometry": { "type": "LineString", "coordinates": [ [ -77.0855576, 38.9126736 ], [ -77.085674, 38.912703 ], [ -77.085851, 38.912798 ], [ -77.085963, 38.91286 ], [ -77.086384, 38.913095 ], [ -77.086421, 38.913118 ], [ -77.086499, 38.913161 ], [ -77.086578, 38.913202 ], [ -77.086659, 38.91324 ], [ -77.0867, 38.913258 ], [ -77.086784, 38.913292 ], [ -77.08689, 38.913331 ], [ -77.086998, 38.913366 ], [ -77.087053, 38.913383 ], [ -77.087164, 38.913413 ], [ -77.087276, 38.91344 ], [ -77.087333, 38.913452 ], [ -77.088167, 38.91364 ], [ -77.08842, 38.9136964 ], [ -77.0889816, 38.9138287 ], [ -77.0892817, 38.913922 ], [ -77.089349, 38.913943 ], [ -77.0895504, 38.9140059 ], [ -77.0905778, 38.9142943 ], [ -77.0906404, 38.9143119 ], [ -77.090745, 38.91434 ], [ -77.0921784, 38.9147865 ], [ -77.092346, 38.91484 ] ] } },
{ "type": "Feature", "properties": { }, "geometry": { "type": "LineString", "coordinates": [ [ -77.088167, 38.91364 ], [ -77.0882031, 38.9137208 ], [ -77.0882362, 38.91379 ], [ -77.0883182, 38.913868 ], [ -77.0883678, 38.9138759 ], [ -77.0883597, 38.913817 ], [ -77.0883855, 38.9137662 ], [ -77.08842, 38.9136964 ] ] } },
{ "type": "Feature", "properties": { }, "geometry": { "type": "LineString", "coordinates": [ [ -77.0889816, 38.9138287 ], [ -77.0889509, 38.9139021 ], [ -77.0889244, 38.9139655 ], [ -77.0889003, 38.914002 ], [ -77.0887969, 38.9141027 ] ] } },
{ "type": "Feature", "properties": { }, "geometry": { "type": "LineString", "coordinates": [ [ -77.0883678, 38.9138759 ], [ -77.0884426, 38.9138859 ], [ -77.0885142, 38.9139585 ], [ -77.0886192, 38.9141093 ], [ -77.0886246, 38.9142103 ] ] } },
{ "type": "Feature", "properties": { }, "geometry": { "type": "LineString", "coordinates": [ [ -77.091776, 38.913381 ], [ -77.0920935, 38.9137361 ], [ -77.093066, 38.914824 ] ] } },
{ "type": "Feature", "properties": { }, "geometry": { "type": "LineString", "coordinates": [ [ -77.0906404, 38.9143119 ], [ -77.0906815, 38.9142439 ], [ -77.0907095, 38.9141975 ], [ -77.0907952, 38.9140388 ], [ -77.0908377, 38.9138981 ] ] } },
{ "type": "Feature", "properties": { }, "geometry": { "type": "LineString", "coordinates": [ [ -77.0852188, 38.9129545 ], [ -77.0852372, 38.9129206 ], [ -77.0852202, 38.9128616 ], [ -77.0852052, 38.912807 ] ] } },
{ "type": "Feature", "properties": { }, "geometry": { "type": "LineString", "coordinates": [ [ -77.0851583, 38.9128925 ], [ -77.0851773, 38.9129381 ], [ -77.0852188, 38.9129545 ] ] } },
{ "type": "Feature", "properties": { }, "geometry": { "type": "LineString", "coordinates": [ [ -77.0852188, 38.9129545 ], [ -77.085224, 38.912984 ] ] } },
{ "type": "Feature", "properties": { }, "geometry": { "type": "LineString", "coordinates": [ [ -77.082888, 38.913123 ], [ -77.0829773, 38.9131067 ], [ -77.083667, 38.912981 ], [ -77.083719, 38.912973 ], [ -77.083745, 38.91297 ], [ -77.083805, 38.912966 ], [ -77.083837, 38.912965 ], [ -77.08387, 38.912965 ], [ -77.083936, 38.912969 ], [ -77.084, 38.912977 ], [ -77.084064, 38.912989 ], [ -77.084096, 38.912997 ], [ -77.084132, 38.913009 ], [ -77.084202, 38.913036 ], [ -77.084268, 38.913069 ], [ -77.084299, 38.913087 ], [ -77.084329, 38.913106 ], [ -77.084386, 38.913148 ], [ -77.0844833, 38.91322 ], [ -77.084566, 38.913317 ] ] } },
{ "type": "Feature", "properties": { }, "geometry": { "type": "LineString", "coordinates": [ [ -77.085224, 38.912984 ], [ -77.08525, 38.913057 ], [ -77.085334, 38.913247 ], [ -77.085379, 38.913319 ], [ -77.085435, 38.913397 ], [ -77.085491, 38.91347 ], [ -77.085583, 38.913575 ], [ -77.085615, 38.913609 ], [ -77.085683, 38.913675 ], [ -77.0858935, 38.913868 ] ] } },
{ "type": "Feature", "properties": { }, "geometry": { "type": "LineString", "coordinates": [ [ -77.0858935, 38.913868 ], [ -77.0858091, 38.9139244 ], [ -77.085633, 38.914042 ], [ -77.085547, 38.9141 ], [ -77.085502, 38.914129 ], [ -77.085413, 38.914184 ], [ -77.085367, 38.914211 ], [ -77.085274, 38.914263 ], [ -77.085171, 38.914317 ], [ -77.085, 38.9144 ], [ -77.084709, 38.914532 ], [ -77.08465, 38.914558 ], [ -77.0846275, 38.9145667 ], [ -77.084619, 38.91457 ], [ -77.084589, 38.914583 ], [ -77.084527, 38.914608 ], [ -77.084495, 38.914619 ], [ -77.084464, 38.914631 ], [ -77.084432, 38.914642 ], [ -77.084401, 38.914654 ], [ -77.084337, 38.914675 ], [ -77.084289, 38.914687 ], [ -77.084239, 38.914696 ], [ -77.084189, 38.9147 ], [ -77.084138, 38.9147 ], [ -77.084087, 38.914697 ], [ -77.084037, 38.914689 ], [ -77.083989, 38.914677 ], [ -77.083942, 38.914661 ], [ -77.083898, 38.914642 ], [ -77.083856, 38.914619 ], [ -77.083836, 38.914609 ], [ -77.083816, 38.914597 ], [ -77.083778, 38.914572 ], [ -77.083761, 38.914559 ], [ -77.083729, 38.91453 ], [ -77.083701, 38.914498 ], [ -77.083689, 38.914481 ], [ -77.083604, 38.914336 ], [ -77.082888, 38.913123 ], [ -77.0828679, 38.9130886 ], [ -77.0826926, 38.9127893 ], [ -77.082679, 38.912766 ], [ -77.082655, 38.912677 ] ] } },
{ "type": "Feature", "properties": { }, "geometry": { "type": "LineString", "coordinates": [ [ -77.085224, 38.912984 ], [ -77.085144, 38.912999 ], [ -77.0851078, 38.9130083 ], [ -77.085051, 38.913025 ], [ -77.085006, 38.913041 ], [ -77.084962, 38.913058 ], [ -77.084919, 38.913076 ], [ -77.084877, 38.913095 ], [ -77.084796, 38.913139 ], [ -77.084757, 38.913163 ], [ -77.0846379, 38.9132492 ], [ -77.084604, 38.913278 ], [ -77.084566, 38.913317 ], [ -77.084534, 38.913356 ], [ -77.084515, 38.913383 ], [ -77.084498, 38.913412 ], [ -77.084483, 38.913441 ], [ -77.08447, 38.913471 ], [ -77.084459, 38.913501 ], [ -77.08445, 38.913532 ], [ -77.084439, 38.913559 ], [ -77.084419, 38.913616 ], [ -77.084405, 38.913673 ], [ -77.084399, 38.913702 ], [ -77.084392, 38.91376 ], [ -77.084389, 38.913818 ], [ -77.084396, 38.91389 ], [ -77.084402, 38.913926 ], [ -77.084419, 38.913996 ], [ -77.084429, 38.914032 ], [ -77.084454, 38.914101 ], [ -77.084485, 38.914169 ], [ -77.084507, 38.914205 ], [ -77.08455, 38.914279 ], [ -77.084594, 38.914352 ], [ -77.084673, 38.914477 ], [ -77.0846802, 38.914488 ], [ -77.084709, 38.914532 ] ] } },
{ "type": "Feature", "properties": { }, "geometry": { "type": "LineString", "coordinates": [ [ -77.083604, 38.914336 ], [ -77.0835334, 38.9143615 ], [ -77.083482, 38.91438 ], [ -77.083409, 38.914408 ], [ -77.083265, 38.914468 ] ] } },
{ "type": "Feature", "properties": { }, "geometry": { "type": "MultiLineString", "coordinates": [ [ [ -77.0873459, 38.9145848 ], [ -77.0873515, 38.9145897 ], [ -77.0873827, 38.9146032 ], [ -77.087426, 38.9146072 ], [ -77.0874668, 38.9145972 ], [ -77.0874944, 38.9145796 ], [ -77.0877789, 38.914358 ], [ -77.0877972, 38.9143408 ], [ -77.0878076, 38.914318 ], [ -77.0878126, 38.9142984 ], [ -77.0878055, 38.9142702 ], [ -77.0877838, 38.9142477 ], [ -77.0877458, 38.9142338 ], [ -77.0877158, 38.9142332 ], [ -77.0876882, 38.9142396 ], [ -77.0876537, 38.9142569 ], [ -77.0873466, 38.9144748 ], [ -77.0873236, 38.914503 ], [ -77.0873136, 38.9145299 ], [ -77.0873162, 38.9145456 ], [ -77.0873301, 38.9145712 ], [ -77.0873459, 38.9145848 ] ], [ [ -77.0873459, 38.9145848 ], [ -77.0872875, 38.9146254 ], [ -77.0871966, 38.9146885 ], [ -77.0871107, 38.9147374 ] ] ] } },
{ "type": "Feature", "properties": { }, "geometry": { "type": "LineString", "coordinates": [ [ -77.0873935, 38.9148666 ], [ -77.0874613, 38.9148146 ], [ -77.0875492, 38.9147472 ], [ -77.0876313, 38.9146843 ], [ -77.0877708, 38.9145862 ], [ -77.0878941, 38.9144924 ], [ -77.0879154, 38.9144729 ], [ -77.0879397, 38.9144506 ], [ -77.08798, 38.9143984 ], [ -77.0879907, 38.9143609 ], [ -77.0880065, 38.9143097 ] ] } },
{ "type": "Feature", "properties": { }, "geometry": { "type": "LineString", "coordinates": [ [ -77.0841177, 38.9120681 ], [ -77.0836522, 38.9121144 ], [ -77.0831575, 38.9121579 ], [ -77.0828823, 38.9121816 ], [ -77.0825741, 38.9121934 ], [ -77.0819602, 38.9121962 ], [ -77.0814713, 38.9122015 ], [ -77.0813983, 38.9122023 ] ] } },
{ "type": "Feature", "properties": { }, "geometry": { "type": "LineString", "coordinates": [ [ -77.0812868, 38.9116659 ], [ -77.0812917, 38.9117278 ], [ -77.0812959, 38.9117802 ], [ -77.081297, 38.911794 ], [ -77.081309, 38.911863 ], [ -77.081331, 38.911969 ], [ -77.081345, 38.912027 ], [ -77.081378, 38.912143 ], [ -77.0813983, 38.9122023 ], [ -77.081417, 38.912257 ], [ -77.081438, 38.912314 ], [ -77.081461, 38.91237 ], [ -77.081477, 38.9124 ], [ -77.081522, 38.912493 ], [ -77.0815657, 38.9125964 ], [ -77.081601, 38.91268 ] ] } },
{ "type": "Feature", "properties": { }, "geometry": { "type": "LineString", "coordinates": [ [ -77.0792095, 38.9122572 ], [ -77.079154, 38.9122564 ], [ -77.0790932, 38.9122551 ] ] } },
{ "type": "Feature", "properties": { }, "geometry": { "type": "LineString", "coordinates": [ [ -77.0819621, 38.9126808 ], [ -77.0819619, 38.9126284 ], [ -77.0819602, 38.9121962 ] ] } },
{ "type": "Feature", "properties": { }, "geometry": { "type": "LineString", "coordinates": [ [ -77.0792153, 38.9126965 ], [ -77.0792129, 38.9126201 ], [ -77.0792115, 38.912382 ] ] } },
{ "type": "Feature", "properties": { }, "geometry": { "type": "LineString", "coordinates": [ [ -77.0792153, 38.9126965 ], [ -77.0793168, 38.912696 ], [ -77.080358, 38.912691 ], [ -77.081487, 38.9126881 ], [ -77.081601, 38.91268 ], [ -77.0817245, 38.9126803 ], [ -77.0819621, 38.9126808 ], [ -77.082532, 38.9126777 ], [ -77.082655, 38.912677 ], [ -77.0827929, 38.9126731 ], [ -77.082831, 38.912672 ], [ -77.082907, 38.912664 ], [ -77.082958, 38.912657 ], [ -77.083082, 38.912637 ], [ -77.0843385, 38.9124093 ] ] } },
{ "type": "Feature", "properties": { }, "geometry": { "type": "LineString", "coordinates": [ [ -77.0789369, 38.9127001 ], [ -77.079077, 38.9126983 ], [ -77.0792153, 38.9126965 ] ] } },
{ "type": "Feature", "properties": { }, "geometry": { "type": "LineString", "coordinates": [ [ -77.081601, 38.91268 ], [ -77.081612, 38.9127512 ], [ -77.0816362, 38.9129077 ], [ -77.081607, 38.9132714 ], [ -77.0816362, 38.9133277 ], [ -77.0816962, 38.9133552 ], [ -77.0817654, 38.9133576 ], [ -77.0818161, 38.9133277 ], [ -77.0819468, 38.9131757 ], [ -77.0820299, 38.9131279 ], [ -77.0821421, 38.9131051 ], [ -77.0822513, 38.9131159 ], [ -77.0823574, 38.9131841 ], [ -77.082425, 38.9132894 ], [ -77.0824327, 38.9133636 ] ] } },
{ "type": "Feature", "properties": { }, "geometry": { "type": "LineString", "coordinates": [ [ -77.0790385, 38.9140519 ], [ -77.079071, 38.9140385 ], [ -77.0790957, 38.9140171 ], [ -77.0791095, 38.9139905 ], [ -77.0791108, 38.9139619 ], [ -77.0791016, 38.913938 ], [ -77.0790802, 38.9139146 ], [ -77.0790499, 38.9138983 ], [ -77.0790142, 38.9138911 ], [ -77.0789672, 38.9138964 ], [ -77.0789357, 38.9139113 ], [ -77.0789126, 38.9139336 ], [ -77.0789007, 38.9139608 ], [ -77.0789015, 38.9139895 ], [ -77.0789077, 38.9140052 ], [ -77.0789276, 38.9140294 ], [ -77.0789569, 38.9140468 ], [ -77.0789921, 38.9140553 ], [ -77.0790385, 38.9140519 ] ] } },
{ "type": "Feature", "properties": { }, "geometry": { "type": "LineString", "coordinates": [ [ -77.079717, 38.9154 ], [ -77.079702, 38.915436 ], [ -77.079686, 38.915471 ], [ -77.07965, 38.915541 ], [ -77.079609, 38.915609 ], [ -77.079587, 38.915643 ], [ -77.07954, 38.915709 ], [ -77.079514, 38.915741 ], [ -77.079162, 38.91624 ], [ -77.079143, 38.916268 ], [ -77.079109, 38.916309 ], [ -77.079084, 38.916334 ], [ -77.079043, 38.91637 ] ] } },
{ "type": "Feature", "properties": { }, "geometry": { "type": "LineString", "coordinates": [ [ -77.0849837, 38.914828 ], [ -77.0850444, 38.9148236 ], [ -77.0851302, 38.9148175 ], [ -77.0855399, 38.9146185 ], [ -77.0857419, 38.9144875 ] ] } },
{ "type": "Feature", "properties": { }, "geometry": { "type": "LineString", "coordinates": [ [ -77.0871107, 38.9147374 ], [ -77.0870601, 38.9147783 ], [ -77.0870108, 38.9148416 ], [ -77.0870052, 38.9148527 ], [ -77.0869589, 38.9149446 ], [ -77.0870008, 38.9149812 ] ] } },
{ "type": "Feature", "properties": { }, "geometry": { "type": "LineString", "coordinates": [ [ -77.0858935, 38.913868 ], [ -77.0862329, 38.9141665 ], [ -77.0864215, 38.9143147 ], [ -77.0865872, 38.9144301 ], [ -77.0867389, 38.914528 ], [ -77.0868999, 38.9146199 ], [ -77.0870407, 38.9146984 ], [ -77.0871107, 38.9147374 ], [ -77.0871914, 38.9147734 ], [ -77.0872414, 38.9147965 ], [ -77.0873935, 38.9148666 ], [ -77.0875153, 38.9149225 ], [ -77.0876381, 38.9149897 ], [ -77.0877571, 38.9150663 ], [ -77.0878521, 38.9151355 ], [ -77.0879694, 38.9152324 ], [ -77.088064, 38.915313 ], [ -77.088133, 38.915381 ], [ -77.0882169, 38.9154731 ], [ -77.0882989, 38.9155686 ], [ -77.088357, 38.915643 ], [ -77.088387, 38.915686 ], [ -77.088444, 38.915774 ], [ -77.0884925, 38.9158566 ] ] } },
{ "type": "Feature", "properties": { }, "geometry": { "type": "LineString", "coordinates": [ [ -77.08511, 38.9152186 ], [ -77.0850953, 38.9151357 ], [ -77.0850939, 38.9151277 ], [ -77.0850599, 38.9150647 ], [ -77.0850042, 38.9149908 ], [ -77.0849873, 38.9149228 ], [ -77.0849837, 38.914828 ], [ -77.0849809, 38.914755 ], [ -77.0849677, 38.9146852 ], [ -77.0849264, 38.9146351 ], [ -77.0848023, 38.9145762 ], [ -77.084709, 38.914532 ] ] } },
{ "type": "Feature", "properties": { }, "geometry": { "type": "LineString", "coordinates": [ [ -77.0870008, 38.9149812 ], [ -77.0870671, 38.9149664 ], [ -77.0871036, 38.914897 ], [ -77.0871116, 38.9148819 ], [ -77.0871914, 38.9147734 ] ] } },
{ "type": "Feature", "properties": { }, "geometry": { "type": "LineString", "coordinates": [ [ -77.0876381, 38.9149897 ], [ -77.0877024, 38.9149325 ], [ -77.0877386, 38.9148988 ], [ -77.0878251, 38.9148611 ], [ -77.0878945, 38.9148523 ], [ -77.0879717, 38.914865 ], [ -77.0880459, 38.9148995 ], [ -77.0880813, 38.9149286 ], [ -77.088116, 38.9149763 ], [ -77.088132, 38.9150264 ], [ -77.0881331, 38.91506 ], [ -77.0881174, 38.9151023 ], [ -77.0880833, 38.915143 ], [ -77.0880402, 38.9151822 ], [ -77.0879694, 38.9152324 ] ] } },
{ "type": "Feature", "properties": { }, "geometry": { "type": "LineString", "coordinates": [ [ -77.0870008, 38.9149812 ], [ -77.0869759, 38.915124 ], [ -77.0870019, 38.915263 ], [ -77.0870682, 38.9153527 ] ] } },
{ "type": "Feature", "properties": { }, "geometry": { "type": "LineString", "coordinates": [ [ -77.0844023, 38.915608 ], [ -77.0843709, 38.9155724 ], [ -77.0841291, 38.9152987 ], [ -77.0841683, 38.9152505 ], [ -77.0842901, 38.915176 ], [ -77.0845944, 38.9150295 ], [ -77.0847006, 38.9149916 ] ] } },
{ "type": "Feature", "properties": { }, "geometry": { "type": "LineString", "coordinates": [ [ -77.0870682, 38.9153527 ], [ -77.087238, 38.9153081 ], [ -77.0872965, 38.9153156 ], [ -77.0873923, 38.9153529 ], [ -77.0874556, 38.9154036 ], [ -77.0874949, 38.9154491 ], [ -77.0875088, 38.9155118 ], [ -77.0874892, 38.9155678 ], [ -77.0874384, 38.915614 ], [ -77.0873396, 38.91567 ], [ -77.0872673, 38.9156948 ], [ -77.0871863, 38.9157069 ], [ -77.0871193, 38.9156999 ], [ -77.0870533, 38.9156693 ], [ -77.0869907, 38.9156209 ] ] } },
{ "type": "Feature", "properties": { }, "geometry": { "type": "LineString", "coordinates": [ [ -77.08511, 38.9152186 ], [ -77.0850297, 38.9152468 ], [ -77.084997, 38.9152656 ], [ -77.0844023, 38.915608 ], [ -77.0841981, 38.9157255 ], [ -77.0841669, 38.9157435 ], [ -77.0841354, 38.9157982 ], [ -77.084142, 38.9158646 ], [ -77.08417, 38.9159257 ], [ -77.0843424, 38.9162193 ], [ -77.0843966, 38.9162661 ], [ -77.084471, 38.9162872 ], [ -77.084557, 38.9162763 ], [ -77.0850953, 38.9161435 ], [ -77.0851885, 38.9161162 ], [ -77.0852562, 38.9160719 ], [ -77.0853715, 38.9159543 ], [ -77.0854118, 38.9159133 ], [ -77.0854963, 38.9158272 ], [ -77.0856872, 38.9156544 ], [ -77.0857132, 38.9156061 ], [ -77.0856968, 38.9155566 ], [ -77.0852814, 38.9152574 ], [ -77.0851908, 38.9152312 ], [ -77.0851654, 38.9152272 ], [ -77.08511, 38.9152186 ] ] } },
{ "type": "Feature", "properties": { }, "geometry": { "type": "LineString", "coordinates": [ [ -77.0763989, 38.9141605 ], [ -77.0764266, 38.914083 ], [ -77.076448, 38.914023 ], [ -77.076454, 38.91398 ], [ -77.076458, 38.913917 ], [ -77.076455, 38.913832 ], [ -77.076454, 38.913693 ] ] } },
{ "type": "Feature", "properties": { }, "geometry": { "type": "LineString", "coordinates": [ [ -77.0763347, 38.9141434 ], [ -77.0763989, 38.9141605 ], [ -77.0765792, 38.9142296 ], [ -77.0766142, 38.9142477 ], [ -77.076722, 38.914301 ], [ -77.076751, 38.914334 ], [ -77.076765, 38.914353 ], [ -77.076778, 38.914373 ], [ -77.076789, 38.914393 ], [ -77.076799, 38.914414 ], [ -77.076822, 38.9145 ], [ -77.076824, 38.914521 ], [ -77.0768247, 38.9146086 ], [ -77.076825, 38.914649 ] ] } },
{ "type": "Feature", "properties": { }, "geometry": { "type": "LineString", "coordinates": [ [ -77.0771639, 38.9146582 ], [ -77.0771408, 38.9145914 ], [ -77.0771264, 38.9145497 ], [ -77.0772336, 38.9145098 ], [ -77.0774261, 38.9144382 ] ] } },
{ "type": "Feature", "properties": { }, "geometry": { "type": "LineString", "coordinates": [ [ -77.075918, 38.914918 ], [ -77.075906, 38.914803 ], [ -77.075897, 38.914648 ], [ -77.075894, 38.91451 ], [ -77.075906, 38.914447 ], [ -77.075965, 38.91438 ], [ -77.076009, 38.914353 ], [ -77.076071, 38.914339 ], [ -77.076175, 38.914333 ], [ -77.076277, 38.914345 ], [ -77.076343, 38.914363 ], [ -77.076374, 38.914375 ], [ -77.076417, 38.914396 ], [ -77.076455, 38.914433 ], [ -77.076488, 38.914468 ], [ -77.07651, 38.9145 ], [ -77.076531, 38.914536 ], [ -77.076551, 38.914577 ], [ -77.076583, 38.91461 ], [ -77.076615, 38.914623 ], [ -77.076671, 38.914629 ], [ -77.076753, 38.914633 ], [ -77.076825, 38.914649 ] ] } },
{ "type": "Feature", "properties": { }, "geometry": { "type": "LineString", "coordinates": [ [ -77.076825, 38.914649 ], [ -77.076848, 38.914657 ], [ -77.076894, 38.91466 ], [ -77.0769323, 38.9146618 ], [ -77.076981, 38.914664 ] ] } },
{ "type": "Feature", "properties": { }, "geometry": { "type": "LineString", "coordinates": [ [ -77.076981, 38.914664 ], [ -77.0771639, 38.9146582 ] ] } },
{ "type": "Feature", "properties": { }, "geometry": { "type": "LineString", "coordinates": [ [ -77.0771639, 38.9146582 ], [ -77.0772551, 38.9147198 ], [ -77.0772837, 38.9147102 ], [ -77.0775442, 38.9146226 ] ] } },
{ "type": "Feature", "properties": { }, "geometry": { "type": "LineString", "coordinates": [ [ -77.075848, 38.91492 ], [ -77.075918, 38.914918 ], [ -77.076498, 38.914906 ] ] } },
{ "type": "Feature", "properties": { }, "geometry": { "type": "LineString", "coordinates": [ [ -77.075886, 38.915559 ], [ -77.076103, 38.915555 ], [ -77.076198, 38.915554 ], [ -77.076291, 38.915552 ], [ -77.076501, 38.915545 ], [ -77.076567, 38.915545 ] ] } },
{ "type": "Feature", "properties": { }, "geometry": { "type": "LineString", "coordinates": [ [ -77.076825, 38.914649 ], [ -77.076823, 38.914743 ], [ -77.076823, 38.9148 ], [ -77.076819, 38.91497 ], [ -77.07682, 38.915002 ], [ -77.076824, 38.915034 ], [ -77.076831, 38.915066 ], [ -77.07684, 38.915098 ], [ -77.076851, 38.915129 ], [ -77.076864, 38.91516 ], [ -77.07688, 38.91519 ], [ -77.076898, 38.915219 ], [ -77.07694, 38.915275 ], [ -77.076979, 38.915315 ], [ -77.077, 38.915334 ], [ -77.077046, 38.915369 ], [ -77.0770865, 38.9153964 ], [ -77.077121, 38.915416 ], [ -77.077148, 38.91543 ], [ -77.0771841, 38.9154467 ], [ -77.077322, 38.915512 ], [ -77.077461, 38.915578 ], [ -77.077487, 38.915593 ], [ -77.077512, 38.915609 ], [ -77.077536, 38.915627 ], [ -77.0775633, 38.915651 ], [ -77.077578, 38.915665 ], [ -77.077597, 38.915686 ], [ -77.077628, 38.91573 ], [ -77.077641, 38.915753 ], [ -77.077657, 38.915777 ], [ -77.077678, 38.915811 ], [ -77.077762, 38.915944 ], [ -77.077778, 38.915967 ], [ -77.077793, 38.915991 ], [ -77.077812, 38.916017 ], [ -77.077832, 38.916042 ], [ -77.077874, 38.916091 ], [ -77.07792, 38.916138 ], [ -77.077969, 38.916183 ], [ -77.077994, 38.916204 ], [ -77.078169, 38.916337 ], [ -77.078266, 38.916409 ], [ -77.078295, 38.916433 ], [ -77.078347, 38.916481 ], [ -77.078394, 38.916532 ], [ -77.078422, 38.916568 ], [ -77.078435, 38.916586 ], [ -77.078457, 38.916614 ], [ -77.078496, 38.91667 ], [ -77.078514, 38.916699 ], [ -77.078531, 38.916729 ], [ -77.07856, 38.916789 ], [ -77.078584, 38.916851 ], [ -77.078593, 38.916882 ], [ -77.078601, 38.916905 ], [ -77.078604, 38.916929 ], [ -77.0786, 38.91696 ], [ -77.07859, 38.916986 ] ] } },
{ "type": "Feature", "properties": { }, "geometry": { "type": "LineString", "coordinates": [ [ -77.078458, 38.916067 ], [ -77.07825, 38.915972 ], [ -77.078227, 38.915959 ], [ -77.078193, 38.915923 ], [ -77.078183, 38.915902 ], [ -77.078179, 38.91588 ], [ -77.0781943, 38.915803 ], [ -77.0782926, 38.9156408 ], [ -77.0782887, 38.9155734 ] ] } },
{ "type": "Feature", "properties": { }, "geometry": { "type": "LineString", "coordinates": [ [ -77.077678, 38.915811 ], [ -77.077587, 38.915847 ], [ -77.077493, 38.915883 ], [ -77.077439, 38.915907 ], [ -77.077412, 38.91592 ], [ -77.077361, 38.915948 ], [ -77.077312, 38.915978 ], [ -77.077288, 38.915994 ], [ -77.077265, 38.916011 ], [ -77.077237, 38.916036 ], [ -77.077213, 38.916064 ], [ -77.077196, 38.916094 ], [ -77.077185, 38.916127 ], [ -77.077181, 38.91616 ], [ -77.077179, 38.916366 ] ] } },
{ "type": "Feature", "properties": { }, "geometry": { "type": "LineString", "coordinates": [ [ -77.0762745, 38.9168203 ], [ -77.076267, 38.916799 ], [ -77.076252, 38.916758 ], [ -77.076248, 38.916732 ], [ -77.07624, 38.916498 ], [ -77.076222, 38.916079 ], [ -77.076208, 38.915731 ], [ -77.076198, 38.915554 ] ] } },
{ "type": "Feature", "properties": { }, "geometry": { "type": "LineString", "coordinates": [ [ -77.078169, 38.916337 ], [ -77.07822, 38.916322 ], [ -77.0782499, 38.9163092 ], [ -77.078276, 38.916294 ], [ -77.078299, 38.916276 ], [ -77.07832, 38.916255 ], [ -77.078458, 38.916067 ] ] } },
{ "type": "Feature", "properties": { }, "geometry": { "type": "LineString", "coordinates": [ [ -77.077179, 38.916366 ], [ -77.077281, 38.91637 ], [ -77.077433, 38.916373 ], [ -77.077637, 38.916373 ], [ -77.078033, 38.916367 ], [ -77.078097, 38.916355 ], [ -77.078169, 38.916337 ] ] } },
{ "type": "Feature", "properties": { }, "geometry": { "type": "LineString", "coordinates": [ [ -77.077179, 38.916366 ], [ -77.077176, 38.916624 ] ] } },
{ "type": "Feature", "properties": { }, "geometry": { "type": "LineString", "coordinates": [ [ -77.0760868, 38.9168828 ], [ -77.0762047, 38.9168783 ] ] } },
{ "type": "Feature", "properties": { }, "geometry": { "type": "LineString", "coordinates": [ [ -77.0762361, 38.9168377 ], [ -77.0762092, 38.9168652 ], [ -77.0762047, 38.9168783 ], [ -77.0761978, 38.9168987 ], [ -77.0762038, 38.9169329 ], [ -77.0762261, 38.9169628 ], [ -77.0762615, 38.9169838 ], [ -77.0763045, 38.9169926 ], [ -77.0763485, 38.916988 ], [ -77.076387, 38.9169706 ], [ -77.0764139, 38.916943 ], [ -77.0764252, 38.9169096 ], [ -77.0764193, 38.9168753 ], [ -77.0763969, 38.9168455 ], [ -77.0763615, 38.9168245 ], [ -77.0763185, 38.9168157 ], [ -77.0762745, 38.9168203 ], [ -77.0762361, 38.9168377 ] ] } },
{ "type": "Feature", "properties": { }, "geometry": { "type": "LineString", "coordinates": [ [ -77.07859, 38.916986 ], [ -77.078579, 38.917004 ], [ -77.078554, 38.917029 ], [ -77.078521, 38.917046 ], [ -77.078485, 38.91706 ], [ -77.078448, 38.917073 ], [ -77.07841, 38.917083 ], [ -77.078338, 38.917098 ], [ -77.07827, 38.917109 ], [ -77.078201, 38.917117 ], [ -77.078131, 38.917121 ], [ -77.078061, 38.917121 ], [ -77.078026, 38.91712 ], [ -77.077772, 38.9171 ], [ -77.077633, 38.917098 ], [ -77.077493, 38.917102 ], [ -77.077423, 38.917107 ], [ -77.07739, 38.9171074 ], [ -77.077336, 38.917108 ], [ -77.077292, 38.917105 ], [ -77.077206, 38.917096 ], [ -77.077121, 38.917079 ], [ -77.07708, 38.917068 ], [ -77.077, 38.917041 ], [ -77.076904, 38.917003 ], [ -77.076785, 38.916958 ], [ -77.076709, 38.916937 ], [ -77.07663, 38.916921 ], [ -77.0765248, 38.9169151 ], [ -77.0764252, 38.9169096 ] ] } },
{ "type": "Feature", "properties": { }, "geometry": { "type": "LineString", "coordinates": [ [ -77.0760948, 38.9170791 ], [ -77.0761889, 38.9170188 ], [ -77.0762261, 38.9169628 ] ] } },
{ "type": "Feature", "properties": { }, "geometry": { "type": "LineString", "coordinates": [ [ -77.0666845, 38.9137289 ], [ -77.0668023, 38.9137278 ], [ -77.0672196, 38.9137164 ], [ -77.06784, 38.9137023 ], [ -77.0679046, 38.9137008 ], [ -77.0679938, 38.9136988 ], [ -77.0687831, 38.9136813 ], [ -77.0688191, 38.9136804 ], [ -77.0691954, 38.913671 ], [ -77.0692865, 38.9136688 ], [ -77.0693773, 38.9136665 ], [ -77.071039, 38.9136262 ], [ -77.0711142, 38.9136226 ], [ -77.0711861, 38.9136197 ], [ -77.0722466, 38.9135942 ], [ -77.0726272, 38.9135839 ], [ -77.0727403, 38.9135808 ], [ -77.072814, 38.9135792 ], [ -77.0732123, 38.9135708 ], [ -77.074069, 38.9135492 ], [ -77.0741539, 38.9135471 ] ] } },
{ "type": "Feature", "properties": { }, "geometry": { "type": "LineString", "coordinates": [ [ -77.0687831, 38.9136813 ], [ -77.0687856, 38.9137426 ], [ -77.0687893, 38.9138725 ], [ -77.0687956, 38.9140929 ] ] } },
{ "type": "Feature", "properties": { }, "geometry": { "type": "LineString", "coordinates": [ [ -77.0692455, 38.9126839 ], [ -77.0692496, 38.9127553 ], [ -77.0692825, 38.9135938 ], [ -77.0692865, 38.9136688 ], [ -77.0692894, 38.9137329 ], [ -77.0693252, 38.9145341 ], [ -77.0693269, 38.9145712 ], [ -77.0693296, 38.9146355 ], [ -77.0693396, 38.9149826 ], [ -77.0693632, 38.9154799 ] ] } },
{ "type": "Feature", "properties": { }, "geometry": { "type": "LineString", "coordinates": [ [ -77.0698966, 38.9141062 ], [ -77.0710579, 38.9140792 ], [ -77.0711347, 38.9140774 ] ] } },
{ "type": "Feature", "properties": { }, "geometry": { "type": "LineString", "coordinates": [ [ -77.0710714, 38.91262 ], [ -77.0710747, 38.9126901 ], [ -77.071075, 38.9127107 ], [ -77.0710815, 38.9128739 ], [ -77.0711047, 38.9134022 ], [ -77.0711087, 38.9135545 ], [ -77.0711142, 38.9136226 ], [ -77.0711168, 38.9136805 ], [ -77.0711347, 38.9140774 ], [ -77.0711485, 38.9144705 ], [ -77.0711515, 38.91453 ], [ -77.0711546, 38.9145855 ], [ -77.0711716, 38.9149801 ], [ -77.0711874, 38.9153651 ], [ -77.0711917, 38.9154354 ], [ -77.071196, 38.9154955 ], [ -77.071212, 38.9158869 ] ] } },
{ "type": "Feature", "properties": { }, "geometry": { "type": "LineString", "coordinates": [ [ -77.068558, 38.914604 ], [ -77.0683904, 38.9146102 ] ] } },
{ "type": "Feature", "properties": { }, "geometry": { "type": "LineString", "coordinates": [ [ -77.0711716, 38.9149801 ], [ -77.0710962, 38.914982 ], [ -77.0699286, 38.9150118 ] ] } },
{ "type": "Feature", "properties": { }, "geometry": { "type": "LineString", "coordinates": [ [ -77.0687364, 38.9151403 ], [ -77.0684186, 38.9151471 ] ] } },
{ "type": "Feature", "properties": { }, "geometry": { "type": "LineString", "coordinates": [ [ -77.06843, 38.9153375 ], [ -77.0684186, 38.9151471 ], [ -77.0684112, 38.9149742 ] ] } },
{ "type": "Feature", "properties": { }, "geometry": { "type": "LineString", "coordinates": [ [ -77.0693632, 38.9154799 ], [ -77.069453, 38.915479 ], [ -77.0699538, 38.9154662 ], [ -77.070225, 38.9154618 ], [ -77.0711131, 38.9154382 ], [ -77.0711917, 38.9154354 ], [ -77.0712753, 38.9154329 ], [ -77.072327, 38.9154047 ], [ -77.0727233, 38.9153949 ], [ -77.0728182, 38.9153903 ] ] } },
{ "type": "Feature", "properties": { }, "geometry": { "type": "LineString", "coordinates": [ [ -77.07576, 38.9140239 ], [ -77.0757347, 38.9140015 ], [ -77.0757045, 38.9139744 ], [ -77.0756814, 38.9139403 ], [ -77.0756485, 38.91388 ], [ -77.0755947, 38.9137472 ] ] } },
{ "type": "Feature", "properties": { }, "geometry": { "type": "LineString", "coordinates": [ [ -77.0755947, 38.9137472 ], [ -77.0755755, 38.9138315 ], [ -77.0755756, 38.9138931 ], [ -77.0755915, 38.9140718 ], [ -77.0756055, 38.9141516 ], [ -77.0756038, 38.9141785 ] ] } },
{ "type": "Feature", "properties": { }, "geometry": { "type": "LineString", "coordinates": [ [ -77.0732264, 38.9140189 ], [ -77.0740894, 38.9140051 ], [ -77.0741709, 38.9140038 ] ] } },
{ "type": "Feature", "properties": { }, "geometry": { "type": "LineString", "coordinates": [ [ -77.0763347, 38.9141434 ], [ -77.0762938, 38.9140984 ], [ -77.0762455, 38.9140852 ], [ -77.0761795, 38.9140702 ], [ -77.0760783, 38.9140511 ], [ -77.0759648, 38.9140541 ], [ -77.0759013, 38.914054 ], [ -77.0758582, 38.9140502 ], [ -77.0758139, 38.9140422 ], [ -77.07576, 38.9140239 ] ] } },
{ "type": "Feature", "properties": { }, "geometry": { "type": "LineString", "coordinates": [ [ -77.07576, 38.9140239 ], [ -77.0757338, 38.9140507 ], [ -77.0756811, 38.9141032 ], [ -77.0756055, 38.9141516 ] ] } },
{ "type": "Feature", "properties": { }, "geometry": { "type": "LineString", "coordinates": [ [ -77.0760777, 38.9141424 ], [ -77.0760783, 38.9140511 ] ] } },
{ "type": "Feature", "properties": { }, "geometry": { "type": "LineString", "coordinates": [ [ -77.0756055, 38.9141516 ], [ -77.0756458, 38.9141516 ], [ -77.0756873, 38.9141515 ], [ -77.0757598, 38.9141518 ], [ -77.075968, 38.9141465 ], [ -77.0760777, 38.9141424 ], [ -77.0761976, 38.9141548 ], [ -77.0762831, 38.9141676 ], [ -77.0763347, 38.9141434 ] ] } },
{ "type": "Feature", "properties": { }, "geometry": { "type": "LineString", "coordinates": [ [ -77.0756038, 38.9141785 ], [ -77.0755903, 38.9141991 ], [ -77.0755765, 38.9142202 ], [ -77.0755796, 38.9143286 ], [ -77.0756096, 38.9143663 ] ] } },
{ "type": "Feature", "properties": { }, "geometry": { "type": "LineString", "coordinates": [ [ -77.0756096, 38.9143663 ], [ -77.0756403, 38.9143301 ], [ -77.0756381, 38.9142222 ], [ -77.0756194, 38.9141983 ], [ -77.0756038, 38.9141785 ] ] } },
{ "type": "Feature", "properties": { }, "geometry": { "type": "LineString", "coordinates": [ [ -77.0756096, 38.9143663 ], [ -77.0756147, 38.9144129 ], [ -77.0756334, 38.9148666 ], [ -77.0756533, 38.9153182 ] ] } },
{ "type": "Feature", "properties": { }, "geometry": { "type": "LineString", "coordinates": [ [ -77.0756334, 38.9148666 ], [ -77.0755623, 38.9148684 ], [ -77.0742861, 38.9148998 ], [ -77.0742111, 38.9149017 ] ] } },
{ "type": "Feature", "properties": { }, "geometry": { "type": "LineString", "coordinates": [ [ -77.0732681, 38.9149225 ], [ -77.0741361, 38.9149034 ], [ -77.0742111, 38.9149017 ] ] } },
{ "type": "Feature", "properties": { }, "geometry": { "type": "LineString", "coordinates": [ [ -77.0741539, 38.9135471 ], [ -77.0741709, 38.9140038 ], [ -77.0741914, 38.9143856 ], [ -77.0741946, 38.9144489 ], [ -77.074197, 38.9145137 ], [ -77.0742111, 38.9149017 ], [ -77.0742291, 38.9152914 ], [ -77.0742297, 38.9153526 ], [ -77.0742327, 38.9154146 ], [ -77.0742517, 38.9158894 ], [ -77.0742542, 38.9159369 ], [ -77.0742782, 38.9165086 ] ] } },
{ "type": "Feature", "properties": { }, "geometry": { "type": "LineString", "coordinates": [ [ -77.0728182, 38.9153903 ], [ -77.0728841, 38.9153884 ], [ -77.0732895, 38.9153773 ], [ -77.0741533, 38.9153554 ], [ -77.0742297, 38.9153526 ], [ -77.0743071, 38.9153497 ], [ -77.0755811, 38.9153199 ], [ -77.0756533, 38.9153182 ] ] } },
{ "type": "Feature", "properties": { }, "geometry": { "type": "LineString", "coordinates": [ [ -77.0742542, 38.9159369 ], [ -77.0743261, 38.9159347 ], [ -77.0746474, 38.9159247 ], [ -77.0747141, 38.9159197 ], [ -77.0749391, 38.9158697 ], [ -77.0752235, 38.9158592 ], [ -77.0756037, 38.915854 ], [ -77.0756715, 38.9158531 ] ] } },
{ "type": "Feature", "properties": { }, "geometry": { "type": "LineString", "coordinates": [ [ -77.0742517, 38.9158894 ], [ -77.0741636, 38.9158918 ], [ -77.0737358, 38.9159034 ], [ -77.07331, 38.9159138 ] ] } },
{ "type": "Feature", "properties": { }, "geometry": { "type": "LineString", "coordinates": [ [ -77.0756533, 38.9153182 ], [ -77.075669, 38.915744 ], [ -77.0756715, 38.9158531 ], [ -77.075683, 38.916117 ], [ -77.075692, 38.9162918 ], [ -77.075718, 38.916826 ] ] } },
{ "type": "Feature", "properties": { }, "geometry": { "type": "LineString", "coordinates": [ [ -77.0737358, 38.9159034 ], [ -77.0737536, 38.9164623 ] ] } },
{ "type": "Feature", "properties": { }, "geometry": { "type": "LineString", "coordinates": [ [ -77.0747141, 38.9159197 ], [ -77.074738, 38.916454 ] ] } },
{ "type": "Feature", "properties": { }, "geometry": { "type": "LineString", "coordinates": [ [ -77.075692, 38.9162918 ], [ -77.0756195, 38.9162936 ], [ -77.075256, 38.9163026 ] ] } },
{ "type": "Feature", "properties": { }, "geometry": { "type": "LineString", "coordinates": [ [ -77.072327, 38.9154047 ], [ -77.072324, 38.9153451 ], [ -77.0723046, 38.9149533 ], [ -77.0722896, 38.9145577 ], [ -77.0722875, 38.9145012 ] ] } },
{ "type": "Feature", "properties": { }, "geometry": { "type": "LineString", "coordinates": [ [ -77.0723046, 38.9149533 ], [ -77.0712527, 38.9149782 ], [ -77.0711716, 38.9149801 ] ] } },
{ "type": "Feature", "properties": { }, "geometry": { "type": "LineString", "coordinates": [ [ -77.0723428, 38.9158562 ], [ -77.071212, 38.9158869 ], [ -77.0711342, 38.9158892 ], [ -77.0705223, 38.9159075 ] ] } },
{ "type": "Feature", "properties": { }, "geometry": { "type": "LineString", "coordinates": [ [ -77.0733271, 38.9164749 ], [ -77.07331, 38.9159138 ], [ -77.073292, 38.9154432 ], [ -77.0732895, 38.9153773 ] ] } },
{ "type": "Feature", "properties": { }, "geometry": { "type": "LineString", "coordinates": [ [ -77.0723851, 38.9164874 ], [ -77.072378, 38.9164141 ], [ -77.0723428, 38.9158562 ], [ -77.0723291, 38.9154657 ], [ -77.072327, 38.9154047 ] ] } },
{ "type": "Feature", "properties": { }, "geometry": { "type": "LineString", "coordinates": [ [ -77.0728182, 38.9153903 ], [ -77.0728194, 38.9154542 ], [ -77.0728686, 38.9165152 ] ] } },
{ "type": "Feature", "properties": { }, "geometry": { "type": "LineString", "coordinates": [ [ -77.0733466, 38.917001 ], [ -77.0729516, 38.9169998 ], [ -77.0728902, 38.9169996 ], [ -77.0727946, 38.9170031 ], [ -77.072538, 38.917011 ] ] } },
{ "type": "Feature", "properties": { }, "geometry": { "type": "LineString", "coordinates": [ [ -77.0725188, 38.9182582 ], [ -77.072508, 38.918216 ], [ -77.0724554, 38.9170738 ], [ -77.072538, 38.917011 ] ] } },
{ "type": "Feature", "properties": { }, "geometry": { "type": "LineString", "coordinates": [ [ -77.0717542, 38.9173507 ], [ -77.0721375, 38.9180625 ], [ -77.0722848, 38.9183285 ], [ -77.0722968, 38.9183504 ] ] } },
{ "type": "Feature", "properties": { }, "geometry": { "type": "LineString", "coordinates": [ [ -77.073398, 38.9187314 ], [ -77.0733968, 38.9186788 ], [ -77.0733886, 38.91832 ], [ -77.0733781, 38.9178585 ], [ -77.0733466, 38.917001 ] ] } },
{ "type": "Feature", "properties": { }, "geometry": { "type": "LineString", "coordinates": [ [ -77.0702354, 38.9165726 ], [ -77.0702314, 38.9165131 ], [ -77.0702267, 38.9157163 ], [ -77.070226, 38.9155507 ], [ -77.0702254, 38.915521 ], [ -77.070225, 38.9154618 ] ] } },
{ "type": "Feature", "properties": { }, "geometry": { "type": "LineString", "coordinates": [ [ -77.0699678, 38.9165825 ], [ -77.0699664, 38.9165245 ], [ -77.069964, 38.9164148 ], [ -77.0699583, 38.9163454 ], [ -77.0699471, 38.9162915 ], [ -77.0699382, 38.9162321 ], [ -77.0699364, 38.9161911 ], [ -77.0699385, 38.9158121 ], [ -77.0699469, 38.9157646 ], [ -77.0699636, 38.9157204 ], [ -77.0699562, 38.9155292 ], [ -77.0699538, 38.9154662 ] ] } },
{ "type": "Feature", "properties": { }, "geometry": { "type": "LineString", "coordinates": [ [ -77.0694157, 38.9166077 ], [ -77.069411, 38.9165483 ], [ -77.0693681, 38.9155434 ], [ -77.0693632, 38.9154799 ] ] } },
{ "type": "Feature", "properties": { }, "geometry": { "type": "LineString", "coordinates": [ [ -77.070528, 38.9165607 ], [ -77.0705276, 38.9165014 ], [ -77.0705223, 38.9159075 ], [ -77.0705177, 38.9157132 ], [ -77.0702991, 38.9157155 ], [ -77.0702267, 38.9157163 ] ] } },
{ "type": "Feature", "properties": { }, "geometry": { "type": "LineString", "coordinates": [ [ -77.0728686, 38.9165152 ], [ -77.0727811, 38.9165182 ], [ -77.0726245, 38.9165202 ], [ -77.0725623, 38.9165171 ], [ -77.0724943, 38.9165084 ], [ -77.0724362, 38.9164986 ], [ -77.0723851, 38.9164874 ], [ -77.0723196, 38.9164709 ], [ -77.0722332, 38.9164445 ], [ -77.0721493, 38.9164174 ], [ -77.0720347, 38.9163814 ], [ -77.0719498, 38.916361 ], [ -77.0718895, 38.9163491 ], [ -77.0718292, 38.9163396 ], [ -77.0717688, 38.9163323 ], [ -77.071692, 38.9163297 ], [ -77.0716215, 38.91633 ], [ -77.0715415, 38.9163331 ], [ -77.0714852, 38.9163364 ], [ -77.0714207, 38.9163437 ], [ -77.0713477, 38.9163563 ], [ -77.0712836, 38.916369 ], [ -77.0712253, 38.9163852 ], [ -77.0708613, 38.9164983 ], [ -77.0707682, 38.9165225 ], [ -77.0706848, 38.9165393 ], [ -77.0705957, 38.9165538 ], [ -77.070528, 38.9165607 ], [ -77.070488, 38.9165634 ], [ -77.0702354, 38.9165726 ], [ -77.0699678, 38.9165825 ], [ -77.0694956, 38.916604 ], [ -77.0694157, 38.9166077 ] ] } },
{ "type": "Feature", "properties": { }, "geometry": { "type": "LineString", "coordinates": [ [ -77.0694157, 38.9166077 ], [ -77.0693275, 38.9166132 ], [ -77.068684, 38.916635 ], [ -77.0686569, 38.9166389 ], [ -77.0686382, 38.9166444 ], [ -77.0686079, 38.9166547 ], [ -77.0685321, 38.9166901 ] ] } },
{ "type": "Feature", "properties": { }, "geometry": { "type": "LineString", "coordinates": [ [ -77.0693666, 38.9177062 ], [ -77.0693893, 38.9176869 ], [ -77.0694111, 38.9176629 ], [ -77.0694274, 38.9176384 ], [ -77.0694391, 38.9176105 ], [ -77.0694453, 38.9175892 ], [ -77.06945, 38.9175601 ], [ -77.0694388, 38.9172959 ], [ -77.0694187, 38.9166694 ], [ -77.0694157, 38.9166077 ] ] } },
{ "type": "Feature", "properties": { }, "geometry": { "type": "LineString", "coordinates": [ [ -77.0692209, 38.9175338 ], [ -77.0691206, 38.9175854 ], [ -77.0686529, 38.9178261 ], [ -77.0684947, 38.9179146 ] ] } },
{ "type": "Feature", "properties": { }, "geometry": { "type": "LineString", "coordinates": [ [ -77.0691536, 38.9178045 ], [ -77.0692614, 38.9177516 ], [ -77.0693666, 38.9177062 ] ] } },
{ "type": "Feature", "properties": { }, "geometry": { "type": "LineString", "coordinates": [ [ -77.0691628, 38.9178724 ], [ -77.06917, 38.9178494 ], [ -77.0691668, 38.9178258 ], [ -77.0691536, 38.9178045 ], [ -77.0691334, 38.9177887 ], [ -77.0691078, 38.9177787 ], [ -77.0690795, 38.9177755 ], [ -77.0690514, 38.9177795 ], [ -77.0690263, 38.9177903 ], [ -77.0690069, 38.9178067 ], [ -77.0689952, 38.917827 ], [ -77.0689924, 38.9178492 ], [ -77.0689988, 38.9178709 ], [ -77.0690137, 38.9178899 ], [ -77.0690356, 38.9179042 ], [ -77.0690622, 38.9179124 ], [ -77.0690926, 38.9179134 ], [ -77.0691217, 38.9179064 ], [ -77.069146, 38.9178922 ], [ -77.0691628, 38.9178724 ] ] } },
{ "type": "Feature", "properties": { }, "geometry": { "type": "LineString", "coordinates": [ [ -77.0752741, 38.9168209 ], [ -77.075256, 38.9163026 ], [ -77.0752444, 38.9160281 ] ] } },
{ "type": "Feature", "properties": { }, "geometry": { "type": "LineString", "coordinates": [ [ -77.073808, 38.917739 ], [ -77.073884, 38.917875 ], [ -77.073991, 38.91806 ], [ -77.0740875, 38.9182319 ], [ -77.074316, 38.918639 ], [ -77.0743241, 38.9186543 ], [ -77.074357, 38.918716 ] ] } },
{ "type": "Feature", "properties": { }, "geometry": { "type": "LineString", "coordinates": [ [ -77.074889, 38.9187607 ], [ -77.0746355, 38.9183388 ], [ -77.0745411, 38.9182492 ], [ -77.074466, 38.9181268 ], [ -77.0744348, 38.9181142 ], [ -77.0741456, 38.9182122 ], [ -77.0740875, 38.9182319 ] ] } },
{ "type": "Feature", "properties": { }, "geometry": { "type": "LineString", "coordinates": [ [ -77.0739065, 38.9187293 ], [ -77.0738691, 38.91868 ], [ -77.0736785, 38.9183281 ], [ -77.0736088, 38.9182863 ], [ -77.0735428, 38.9182971 ], [ -77.0733886, 38.91832 ] ] } },
{ "type": "Feature", "properties": { }, "geometry": { "type": "LineString", "coordinates": [ [ -77.074357, 38.918716 ], [ -77.074326, 38.918724 ], [ -77.074293, 38.91873 ], [ -77.07426, 38.918732 ], [ -77.0739065, 38.9187293 ], [ -77.0738104, 38.9187299 ] ] } },
{ "type": "Feature", "properties": { }, "geometry": { "type": "LineString", "coordinates": [ [ -77.074611, 38.919169 ], [ -77.0743845, 38.918765 ], [ -77.074357, 38.918716 ] ] } },
{ "type": "Feature", "properties": { }, "geometry": { "type": "LineString", "coordinates": [ [ -77.076034, 38.9191707 ], [ -77.076005, 38.9191115 ], [ -77.0760064, 38.9187534 ] ] } },
{ "type": "Feature", "properties": { }, "geometry": { "type": "LineString", "coordinates": [ [ -77.073835, 38.91917 ], [ -77.0739101, 38.9191694 ], [ -77.074611, 38.919169 ] ] } },
{ "type": "Feature", "properties": { }, "geometry": { "type": "LineString", "coordinates": [ [ -77.0747402, 38.9194018 ], [ -77.0746779, 38.9194235 ], [ -77.0743839, 38.9195259 ], [ -77.0742133, 38.9195617 ], [ -77.0740862, 38.9195635 ], [ -77.0740601, 38.9195698 ], [ -77.074005, 38.919583 ] ] } },
{ "type": "Feature", "properties": { }, "geometry": { "type": "LineString", "coordinates": [ [ -77.0734489, 38.9187312 ], [ -77.0734499, 38.9187965 ], [ -77.0734559, 38.9191962 ], [ -77.0734076, 38.9193485 ], [ -77.0739226, 38.9202876 ] ] } },
{ "type": "Feature", "properties": { }, "geometry": { "type": "LineString", "coordinates": [ [ -77.0728686, 38.9165152 ], [ -77.072874, 38.9166015 ], [ -77.0728902, 38.9169996 ], [ -77.0728915, 38.9170313 ], [ -77.072934, 38.9180738 ], [ -77.072937, 38.918147 ], [ -77.0729589, 38.9187411 ], [ -77.0729698, 38.9189427 ], [ -77.0729714, 38.9191351 ], [ -77.0729723, 38.9192401 ] ] } },
{ "type": "Feature", "properties": { }, "geometry": { "type": "LineString", "coordinates": [ [ -77.0724261, 38.9182931 ], [ -77.0725188, 38.9182582 ], [ -77.072788, 38.9181707 ], [ -77.0728315, 38.9181583 ], [ -77.0728465, 38.9181556 ], [ -77.0728687, 38.9181505 ], [ -77.072937, 38.918147 ] ] } },
{ "type": "Feature", "properties": { }, "geometry": { "type": "LineString", "coordinates": [ [ -77.0721375, 38.9180625 ], [ -77.0720052, 38.9180938 ], [ -77.0717515, 38.9181576 ], [ -77.0712774, 38.9182828 ], [ -77.0713004, 38.9183395 ], [ -77.0713867, 38.9184501 ], [ -77.0715574, 38.9186579 ], [ -77.0715984, 38.9187077 ] ] } },
{ "type": "Feature", "properties": { }, "geometry": { "type": "LineString", "coordinates": [ [ -77.0729589, 38.9187411 ], [ -77.0730228, 38.9187347 ], [ -77.0730732, 38.9187343 ], [ -77.073398, 38.9187314 ], [ -77.0734489, 38.9187312 ], [ -77.0738104, 38.9187299 ] ] } },
{ "type": "Feature", "properties": { }, "geometry": { "type": "LineString", "coordinates": [ [ -77.07064, 38.919198 ], [ -77.0707407, 38.9191465 ], [ -77.071146, 38.9189391 ], [ -77.071215, 38.9189038 ], [ -77.0714795, 38.9187685 ], [ -77.0715471, 38.9187339 ], [ -77.0715984, 38.9187077 ], [ -77.0716087, 38.9187024 ], [ -77.0722133, 38.9183931 ], [ -77.0722243, 38.9183874 ], [ -77.0722968, 38.9183504 ] ] } },
{ "type": "Feature", "properties": { }, "geometry": { "type": "LineString", "coordinates": [ [ -77.0722968, 38.9183504 ], [ -77.07266, 38.918979 ], [ -77.0727805, 38.9191971 ], [ -77.0728103, 38.9192225 ], [ -77.0728448, 38.9192351 ], [ -77.07287, 38.9192404 ], [ -77.0728814, 38.9192428 ], [ -77.0729723, 38.9192401 ] ] } },
{ "type": "Feature", "properties": { }, "geometry": { "type": "LineString", "coordinates": [ [ -77.071146, 38.9189391 ], [ -77.0711931, 38.9189966 ], [ -77.0714133, 38.9192651 ], [ -77.0716996, 38.9196372 ] ] } },
{ "type": "Feature", "properties": { }, "geometry": { "type": "LineString", "coordinates": [ [ -77.0715471, 38.9187339 ], [ -77.0715913, 38.9187852 ], [ -77.071848, 38.919084 ], [ -77.071884, 38.919131 ], [ -77.071906, 38.919163 ], [ -77.071926, 38.919195 ], [ -77.071945, 38.919228 ], [ -77.072076, 38.919478 ], [ -77.072196, 38.919701 ], [ -77.072251, 38.919805 ], [ -77.072258, 38.919825 ], [ -77.072258, 38.919845 ], [ -77.07225, 38.919865 ], [ -77.072236, 38.919883 ], [ -77.072215, 38.919896 ], [ -77.072068, 38.9199347 ], [ -77.0718756, 38.9199854 ] ] } },
{ "type": "Feature", "properties": { }, "geometry": { "type": "LineString", "coordinates": [ [ -77.0729723, 38.9192401 ], [ -77.0729713, 38.9193322 ], [ -77.0729709, 38.9193719 ], [ -77.072974, 38.9194405 ], [ -77.072978, 38.9194925 ], [ -77.0729882, 38.919551 ] ] } },
{ "type": "Feature", "properties": { }, "geometry": { "type": "LineString", "coordinates": [ [ -77.0718756, 38.9199854 ], [ -77.0716996, 38.9196372 ] ] } },
{ "type": "Feature", "properties": { }, "geometry": { "type": "LineString", "coordinates": [ [ -77.0765333, 38.9170861 ], [ -77.0765065, 38.9170389 ], [ -77.076387, 38.9169706 ] ] } },
{ "type": "Feature", "properties": { }, "geometry": { "type": "LineString", "coordinates": [ [ -77.0762876, 38.9172019 ], [ -77.0763045, 38.9169926 ] ] } },
{ "type": "Feature", "properties": { }, "geometry": { "type": "LineString", "coordinates": [ [ -77.0743845, 38.918765 ], [ -77.0744547, 38.9187643 ], [ -77.074889, 38.9187607 ], [ -77.0758869, 38.9187525 ], [ -77.0760064, 38.9187534 ], [ -77.0761748, 38.9187542 ], [ -77.0769087, 38.9187581 ], [ -77.0769703, 38.9187577 ], [ -77.077052, 38.9187589 ], [ -77.0771377, 38.9187596 ], [ -77.0774996, 38.9187628 ], [ -77.0779438, 38.9187667 ], [ -77.0785726, 38.9187722 ], [ -77.0786678, 38.918773 ], [ -77.0787591, 38.9188415 ] ] } },
{ "type": "Feature", "properties": { }, "geometry": { "type": "LineString", "coordinates": [ [ -77.0787591, 38.9188415 ], [ -77.0787709, 38.9191035 ], [ -77.078774, 38.9191738 ] ] } },
{ "type": "Feature", "properties": { }, "geometry": { "type": "LineString", "coordinates": [ [ -77.074611, 38.919169 ], [ -77.0746813, 38.9191691 ], [ -77.076034, 38.9191707 ], [ -77.0769664, 38.9191717 ], [ -77.077053, 38.9191718 ], [ -77.0771323, 38.9191719 ], [ -77.077915, 38.9191728 ], [ -77.0786836, 38.9191737 ], [ -77.078774, 38.9191738 ] ] } },
{ "type": "Feature", "properties": { }, "geometry": { "type": "LineString", "coordinates": [ [ -77.0787758, 38.9195348 ], [ -77.0786891, 38.9195353 ], [ -77.0783156, 38.9195374 ], [ -77.0779726, 38.9195292 ], [ -77.077916, 38.9195278 ] ] } },
{ "type": "Feature", "properties": { }, "geometry": { "type": "LineString", "coordinates": [ [ -77.077916, 38.9195278 ], [ -77.0778414, 38.9195287 ], [ -77.0774991, 38.9195327 ], [ -77.0771404, 38.9195369 ], [ -77.0771312, 38.9195384 ], [ -77.0770523, 38.9195513 ] ] } },
{ "type": "Feature", "properties": { }, "geometry": { "type": "LineString", "coordinates": [ [ -77.0770523, 38.9195513 ], [ -77.0769676, 38.9195522 ], [ -77.0765442, 38.9195565 ], [ -77.0760964, 38.9195611 ], [ -77.0760333, 38.9195617 ] ] } },
{ "type": "Feature", "properties": { }, "geometry": { "type": "LineString", "coordinates": [ [ -77.077053, 38.920684 ], [ -77.0770539, 38.920618 ], [ -77.0770523, 38.9203255 ], [ -77.0770522, 38.9202983 ], [ -77.07705, 38.919921 ], [ -77.0770523, 38.9195513 ], [ -77.077053, 38.919434 ], [ -77.077053, 38.9192452 ], [ -77.077053, 38.9191718 ], [ -77.0770529, 38.9191139 ], [ -77.077052, 38.9187589 ] ] } },
{ "type": "Feature", "properties": { }, "geometry": { "type": "LineString", "coordinates": [ [ -77.0765442, 38.9195565 ], [ -77.076551, 38.920298 ] ] } },
{ "type": "Feature", "properties": { }, "geometry": { "type": "LineString", "coordinates": [ [ -77.0693666, 38.9177062 ], [ -77.0696456, 38.9180391 ] ] } },
{ "type": "Feature", "properties": { }, "geometry": { "type": "LineString", "coordinates": [ [ -77.0684947, 38.9179146 ], [ -77.0684591, 38.9179412 ] ] } },
{ "type": "Feature", "properties": { }, "geometry": { "type": "LineString", "coordinates": [ [ -77.0690622, 38.9179124 ], [ -77.0689574, 38.9183034 ] ] } },
{ "type": "Feature", "properties": { }, "geometry": { "type": "LineString", "coordinates": [ [ -77.069027, 38.9183982 ], [ -77.0690321, 38.9183739 ], [ -77.0690264, 38.9183497 ], [ -77.0690108, 38.9183283 ], [ -77.0689868, 38.9183123 ], [ -77.0689574, 38.9183034 ], [ -77.0689276, 38.9183024 ], [ -77.068899, 38.9183088 ], [ -77.0688744, 38.9183219 ], [ -77.0688564, 38.9183403 ], [ -77.0688467, 38.9183622 ], [ -77.0688464, 38.9183854 ], [ -77.0688555, 38.9184074 ], [ -77.068873, 38.9184261 ], [ -77.0688972, 38.9184396 ], [ -77.0689275, 38.9184467 ], [ -77.068959, 38.9184455 ], [ -77.0689883, 38.9184361 ], [ -77.0690118, 38.9184197 ], [ -77.069027, 38.9183982 ] ] } },
{ "type": "Feature", "properties": { }, "geometry": { "type": "LineString", "coordinates": [ [ -77.0708849, 38.9185326 ], [ -77.0707816, 38.9185441 ], [ -77.0706435, 38.9183803 ] ] } },
{ "type": "Feature", "properties": { }, "geometry": { "type": "MultiLineString", "coordinates": [ [ [ -77.071215, 38.9189038 ], [ -77.071176, 38.9188598 ], [ -77.0708849, 38.9185326 ], [ -77.0708781, 38.9184596 ] ], [ [ -77.0708781, 38.9184596 ], [ -77.0711786, 38.9183051 ], [ -77.0711397, 38.9182655 ], [ -77.0707668, 38.9183604 ], [ -77.0708781, 38.9184596 ] ] ] } },
{ "type": "Feature", "properties": { }, "geometry": { "type": "LineString", "coordinates": [ [ -77.0696456, 38.9180391 ], [ -77.0704948, 38.9190264 ], [ -77.0705849, 38.9191326 ], [ -77.07064, 38.919198 ], [ -77.0706823, 38.9192512 ], [ -77.0709219, 38.9195317 ], [ -77.071269, 38.9199343 ], [ -77.071341, 38.920019 ], [ -77.0713883, 38.9200757 ], [ -77.0714365, 38.9201281 ] ] } },
{ "type": "Feature", "properties": { }, "geometry": { "type": "LineString", "coordinates": [ [ -77.0699866, 38.919767 ], [ -77.0699233, 38.9197675 ], [ -77.0698905, 38.9197608 ], [ -77.0698519, 38.919736 ], [ -77.0696841, 38.9195522 ], [ -77.0696695, 38.9195304 ], [ -77.0696645, 38.9195086 ], [ -77.069669, 38.9194811 ], [ -77.0696802, 38.9194644 ], [ -77.0697076, 38.9194431 ], [ -77.0698137, 38.9193926 ], [ -77.0700287, 38.9192837 ], [ -77.0703969, 38.9190801 ], [ -77.0704948, 38.9190264 ] ] } },
{ "type": "Feature", "properties": { }, "geometry": { "type": "LineString", "coordinates": [ [ -77.0709219, 38.9195317 ], [ -77.0708117, 38.9195688 ], [ -77.0707536, 38.9195883 ], [ -77.0701778, 38.9197189 ], [ -77.0699866, 38.919767 ] ] } },
{ "type": "Feature", "properties": { }, "geometry": { "type": "LineString", "coordinates": [ [ -77.0699866, 38.919767 ], [ -77.0702683, 38.9200914 ], [ -77.0703687, 38.9202195 ] ] } },
{ "type": "Feature", "properties": { }, "geometry": { "type": "LineString", "coordinates": [ [ -77.0760333, 38.9195617 ], [ -77.0759745, 38.9195619 ], [ -77.0755974, 38.9195632 ], [ -77.0749018, 38.9195656 ], [ -77.0748331, 38.9195658 ] ] } },
{ "type": "Feature", "properties": { }, "geometry": { "type": "LineString", "coordinates": [ [ -77.0748221, 38.9202903 ], [ -77.0743839, 38.9195259 ] ] } },
{ "type": "Feature", "properties": { }, "geometry": { "type": "LineString", "coordinates": [ [ -77.076034, 38.9191707 ], [ -77.0760339, 38.9192462 ], [ -77.0760333, 38.9195617 ], [ -77.076033, 38.919692 ], [ -77.076034, 38.919965 ], [ -77.076032, 38.920228 ], [ -77.0760323, 38.9202921 ], [ -77.076033, 38.920412 ], [ -77.076033, 38.920606 ], [ -77.0760332, 38.9206191 ], [ -77.076034, 38.920681 ] ] } },
{ "type": "Feature", "properties": { }, "geometry": { "type": "LineString", "coordinates": [ [ -77.0755974, 38.9195632 ], [ -77.0756097, 38.9203001 ] ] } },
{ "type": "Feature", "properties": { }, "geometry": { "type": "LineString", "coordinates": [ [ -77.0738104, 38.9187299 ], [ -77.0738151, 38.9187955 ], [ -77.073835, 38.91917 ], [ -77.0738389, 38.9192343 ], [ -77.07384, 38.919253 ], [ -77.073851, 38.919301 ], [ -77.073859, 38.919325 ], [ -77.07388, 38.919371 ], [ -77.074005, 38.919583 ], [ -77.074097, 38.919745 ], [ -77.074205, 38.919929 ], [ -77.074316, 38.920131 ], [ -77.0744185, 38.9203044 ], [ -77.074574, 38.920589 ], [ -77.0745924, 38.9206208 ], [ -77.074626, 38.920679 ], [ -77.0746658, 38.9207486 ], [ -77.0748544, 38.9210786 ], [ -77.0748675, 38.9211014 ], [ -77.0750987, 38.9215059 ], [ -77.0752001, 38.9216833 ], [ -77.075224, 38.921725 ] ] } },
{ "type": "Feature", "properties": { }, "geometry": { "type": "LineString", "coordinates": [ [ -77.0751856, 38.9201852 ], [ -77.0751256, 38.920206 ], [ -77.0748893, 38.9202879 ], [ -77.0748221, 38.9202903 ], [ -77.0744815, 38.9203022 ], [ -77.0744185, 38.9203044 ] ] } },
{ "type": "Feature", "properties": { }, "geometry": { "type": "LineString", "coordinates": [ [ -77.0744185, 38.9203044 ], [ -77.0743399, 38.9203017 ], [ -77.0739226, 38.9202876 ] ] } },
{ "type": "Feature", "properties": { }, "geometry": { "type": "LineString", "coordinates": [ [ -77.0760323, 38.9202921 ], [ -77.075963, 38.9202934 ], [ -77.0756097, 38.9203001 ], [ -77.0753155, 38.9203032 ], [ -77.0752536, 38.9203038 ] ] } },
{ "type": "Feature", "properties": { }, "geometry": { "type": "LineString", "coordinates": [ [ -77.076041, 38.921724 ], [ -77.076037, 38.921699 ], [ -77.0760318, 38.9216804 ], [ -77.07602, 38.92165 ], [ -77.0759355, 38.9215047 ], [ -77.07592, 38.921478 ], [ -77.0758691, 38.9213872 ], [ -77.075777, 38.921223 ], [ -77.0757195, 38.9211216 ], [ -77.075638, 38.920978 ], [ -77.075522, 38.920779 ], [ -77.0755063, 38.9207505 ], [ -77.075467, 38.920679 ], [ -77.0754337, 38.9206203 ], [ -77.075319, 38.920418 ], [ -77.0752536, 38.9203038 ], [ -77.0751856, 38.9201852 ], [ -77.075049, 38.919947 ], [ -77.0748331, 38.9195658 ], [ -77.0747402, 38.9194018 ], [ -77.0746515, 38.9192451 ], [ -77.074611, 38.919169 ] ] } },
{ "type": "Feature", "properties": { }, "geometry": { "type": "LineString", "coordinates": [ [ -77.0739165, 38.920679 ], [ -77.0739172, 38.9206235 ], [ -77.0739182, 38.9205403 ], [ -77.0739176, 38.9204235 ], [ -77.0739226, 38.9202876 ] ] } },
{ "type": "Feature", "properties": { }, "geometry": { "type": "LineString", "coordinates": [ [ -77.0929061, 38.9152668 ], [ -77.0928251, 38.9152244 ], [ -77.092575, 38.9151462 ], [ -77.0923627, 38.9150788 ] ] } },
{ "type": "Feature", "properties": { }, "geometry": { "type": "LineString", "coordinates": [ [ -77.0923627, 38.9150788 ], [ -77.0923069, 38.9150929 ], [ -77.0922733, 38.9151266 ], [ -77.0922524, 38.9151712 ], [ -77.0922538, 38.9152049 ], [ -77.0922957, 38.9152396 ], [ -77.0927133, 38.9153657 ] ] } },
{ "type": "Feature", "properties": { }, "geometry": { "type": "LineString", "coordinates": [ [ -77.0929061, 38.9152668 ], [ -77.0928726, 38.9152951 ], [ -77.092789, 38.9154294 ] ] } },
{ "type": "Feature", "properties": { }, "geometry": { "type": "LineString", "coordinates": [ [ -77.0911888, 38.9152089 ], [ -77.0911811, 38.9153031 ], [ -77.0911556, 38.9155556 ] ] } },
{ "type": "Feature", "properties": { }, "geometry": { "type": "LineString", "coordinates": [ [ -77.0927133, 38.9153657 ], [ -77.092789, 38.9154294 ] ] } },
{ "type": "Feature", "properties": { }, "geometry": { "type": "LineString", "coordinates": [ [ -77.092789, 38.9154294 ], [ -77.0928404, 38.9154755 ], [ -77.0929424, 38.9155863 ], [ -77.0929885, 38.9156146 ], [ -77.0930583, 38.91562 ], [ -77.0931184, 38.9155896 ], [ -77.0931421, 38.915557 ], [ -77.0931463, 38.91552 ], [ -77.0929061, 38.9152668 ] ] } },
{ "type": "Feature", "properties": { }, "geometry": { "type": "LineString", "coordinates": [ [ -77.092789, 38.9154294 ], [ -77.0927678, 38.9154635 ], [ -77.0927203, 38.9155005 ], [ -77.0924172, 38.9156635 ] ] } },
{ "type": "Feature", "properties": { }, "geometry": { "type": "LineString", "coordinates": [ [ -77.088705, 38.91644 ], [ -77.0888149, 38.916443 ], [ -77.0900376, 38.9164436 ], [ -77.0907332, 38.9164422 ], [ -77.0911628, 38.9164392 ], [ -77.0914753, 38.9164362 ], [ -77.0916401, 38.9164282 ], [ -77.0918283, 38.9164115 ], [ -77.0920565, 38.9163855 ], [ -77.0922159, 38.9163617 ], [ -77.0923794, 38.916333 ], [ -77.0925768, 38.9162926 ], [ -77.0927792, 38.9162453 ], [ -77.0929665, 38.9161956 ], [ -77.0931536, 38.9161364 ], [ -77.0939301, 38.9158567 ], [ -77.0942774, 38.9157237 ], [ -77.0943678, 38.9156862 ], [ -77.0944114, 38.9156642 ], [ -77.0944215, 38.9156591 ], [ -77.0944821, 38.9156204 ], [ -77.0945827, 38.9155521 ] ] } },
{ "type": "Feature", "properties": { }, "geometry": { "type": "LineString", "coordinates": [ [ -77.0921709, 38.9160784 ], [ -77.0922567, 38.9161671 ], [ -77.0923385, 38.9161692 ], [ -77.0924847, 38.9161097 ] ] } },
{ "type": "Feature", "properties": { }, "geometry": { "type": "LineString", "coordinates": [ [ -77.0884925, 38.9158566 ], [ -77.088543, 38.915955 ], [ -77.088602, 38.916087 ], [ -77.088619, 38.91613 ], [ -77.08865, 38.916218 ], [ -77.088676, 38.916306 ], [ -77.0886872, 38.9163534 ], [ -77.088705, 38.91644 ] ] } },
{ "type": "Feature", "properties": { }, "geometry": { "type": "LineString", "coordinates": [ [ -77.0945494, 38.915663 ], [ -77.0948102, 38.9158259 ] ] } },
{ "type": "Feature", "properties": { }, "geometry": { "type": "LineString", "coordinates": [ [ -77.0955491, 38.9158451 ], [ -77.0954252, 38.9157803 ], [ -77.0952717, 38.9157389 ], [ -77.0951676, 38.9157086 ] ] } },
{ "type": "Feature", "properties": { }, "geometry": { "type": "LineString", "coordinates": [ [ -77.0949346, 38.9157438 ], [ -77.0948102, 38.9158259 ] ] } },
{ "type": "Feature", "properties": { }, "geometry": { "type": "LineString", "coordinates": [ [ -77.0950593, 38.9158555 ], [ -77.0949346, 38.9157438 ] ] } },
{ "type": "Feature", "properties": { }, "geometry": { "type": "LineString", "coordinates": [ [ -77.09685, 38.9157476 ], [ -77.0972228, 38.9158697 ], [ -77.097296, 38.915908 ] ] } },
{ "type": "Feature", "properties": { }, "geometry": { "type": "LineString", "coordinates": [ [ -77.0950593, 38.9158555 ], [ -77.0951473, 38.9158321 ], [ -77.0951577, 38.9158293 ], [ -77.0952663, 38.9158088 ], [ -77.0954011, 38.915819 ], [ -77.0954921, 38.9158429 ], [ -77.0955491, 38.9158451 ] ] } },
{ "type": "Feature", "properties": { }, "geometry": { "type": "LineString", "coordinates": [ [ -77.0948102, 38.9158259 ], [ -77.0948716, 38.9158771 ] ] } },
{ "type": "Feature", "properties": { }, "geometry": { "type": "LineString", "coordinates": [ [ -77.0948716, 38.9158771 ], [ -77.0949703, 38.9158574 ], [ -77.0950593, 38.9158555 ] ] } },
{ "type": "Feature", "properties": { }, "geometry": { "type": "LineString", "coordinates": [ [ -77.0944836, 38.9163802 ], [ -77.0939991, 38.9159264 ], [ -77.0939881, 38.9159153 ], [ -77.0939301, 38.9158567 ] ] } },
{ "type": "Feature", "properties": { }, "geometry": { "type": "LineString", "coordinates": [ [ -77.0974022, 38.9164328 ], [ -77.0974211, 38.9163932 ], [ -77.097465, 38.916301 ], [ -77.097488, 38.916239 ], [ -77.097497, 38.916207 ], [ -77.097503, 38.916178 ], [ -77.097502, 38.916148 ], [ -77.097494, 38.916119 ], [ -77.097479, 38.916091 ], [ -77.097458, 38.916066 ], [ -77.097296, 38.915908 ] ] } },
{ "type": "Feature", "properties": { }, "geometry": { "type": "LineString", "coordinates": [ [ -77.0948716, 38.9158771 ], [ -77.0949513, 38.9159526 ], [ -77.0958579, 38.9168119 ] ] } },
{ "type": "Feature", "properties": { }, "geometry": { "type": "LineString", "coordinates": [ [ -77.0961733, 38.9169206 ], [ -77.0959365, 38.9167013 ], [ -77.0958623, 38.9166326 ], [ -77.0957233, 38.9165045 ], [ -77.0951208, 38.9159156 ], [ -77.0950593, 38.9158555 ] ] } },
{ "type": "Feature", "properties": { }, "geometry": { "type": "LineString", "coordinates": [ [ -77.0989625, 38.9170816 ], [ -77.098652, 38.916941 ], [ -77.098505, 38.91687 ], [ -77.098382, 38.91681 ], [ -77.098298, 38.916768 ], [ -77.098128, 38.91669 ], [ -77.0979677, 38.9166319 ], [ -77.0978266, 38.916583 ], [ -77.0977938, 38.9165716 ], [ -77.0974022, 38.9164328 ], [ -77.0961323, 38.9160294 ], [ -77.095814, 38.915921 ], [ -77.095746, 38.915903 ], [ -77.0956423, 38.915875 ], [ -77.0955491, 38.9158451 ] ] } },
{ "type": "Feature", "properties": { }, "geometry": { "type": "LineString", "coordinates": [ [ -77.0958623, 38.9166326 ], [ -77.0959295, 38.9165826 ], [ -77.0961191, 38.9164415 ], [ -77.0959702, 38.9163204 ], [ -77.0957927, 38.9164527 ], [ -77.0957233, 38.9165045 ] ] } },
{ "type": "Feature", "properties": { }, "geometry": { "type": "LineString", "coordinates": [ [ -77.0950978, 38.9167747 ], [ -77.0951414, 38.9167342 ], [ -77.0951951, 38.9165991 ], [ -77.0950314, 38.9164322 ], [ -77.0948781, 38.9165136 ], [ -77.0948001, 38.9165733 ], [ -77.0948076, 38.9166233 ], [ -77.0949963, 38.9168157 ], [ -77.0950978, 38.9167747 ] ] } },
{ "type": "Feature", "properties": { }, "geometry": { "type": "LineString", "coordinates": [ [ -77.0948781, 38.9165136 ], [ -77.0950649, 38.9167165 ], [ -77.0950978, 38.9167747 ] ] } },
{ "type": "Feature", "properties": { }, "geometry": { "type": "LineString", "coordinates": [ [ -77.0959365, 38.9167013 ], [ -77.096003, 38.9166524 ], [ -77.0960669, 38.9166054 ], [ -77.0961699, 38.9165242 ], [ -77.0962258, 38.9164824 ], [ -77.0962464, 38.9164738 ], [ -77.0962626, 38.9164755 ], [ -77.0962979, 38.9164887 ], [ -77.0963759, 38.9165259 ], [ -77.0965038, 38.9165917 ], [ -77.0966715, 38.9166752 ], [ -77.0967076, 38.9166976 ], [ -77.0968848, 38.9168492 ] ] } },
{ "type": "Feature", "properties": { }, "geometry": { "type": "LineString", "coordinates": [ [ -77.0978266, 38.916583 ], [ -77.0977457, 38.916713 ], [ -77.0977154, 38.916743 ], [ -77.0976384, 38.9167938 ], [ -77.0974238, 38.9169108 ], [ -77.0972746, 38.9169897 ], [ -77.0971591, 38.9170542 ], [ -77.0970962, 38.9170914 ] ] } },
{ "type": "Feature", "properties": { }, "geometry": { "type": "LineString", "coordinates": [ [ -77.09512, 38.9170108 ], [ -77.09512, 38.9169509 ], [ -77.09512, 38.9168996 ], [ -77.0951102, 38.9168065 ], [ -77.0950978, 38.9167747 ] ] } },
{ "type": "Feature", "properties": { }, "geometry": { "type": "LineString", "coordinates": [ [ -77.0958579, 38.9168119 ], [ -77.0960434, 38.9169852 ] ] } },
{ "type": "Feature", "properties": { }, "geometry": { "type": "LineString", "coordinates": [ [ -77.090693, 38.9159647 ], [ -77.0907265, 38.9163111 ], [ -77.0907273, 38.9163269 ], [ -77.0907332, 38.9164422 ] ] } },
{ "type": "Feature", "properties": { }, "geometry": { "type": "LineString", "coordinates": [ [ -77.0923794, 38.916333 ], [ -77.0923631, 38.9162677 ], [ -77.0923385, 38.9161692 ] ] } },
{ "type": "Feature", "properties": { }, "geometry": { "type": "LineString", "coordinates": [ [ -77.088705, 38.91644 ], [ -77.0887095, 38.9164882 ], [ -77.0887184, 38.916584 ], [ -77.0887196, 38.9166286 ] ] } },
{ "type": "Feature", "properties": { }, "geometry": { "type": "LineString", "coordinates": [ [ -77.0912413, 38.9166662 ], [ -77.0912047, 38.9166239 ], [ -77.0911809, 38.9165874 ], [ -77.0911673, 38.9165477 ], [ -77.0911655, 38.9165284 ], [ -77.0911625, 38.9164967 ], [ -77.0911628, 38.9164392 ] ] } },
{ "type": "Feature", "properties": { }, "geometry": { "type": "LineString", "coordinates": [ [ -77.0922873, 38.9171264 ], [ -77.0919126, 38.9169796 ], [ -77.0918528, 38.9169464 ], [ -77.0917624, 38.9168769 ], [ -77.0916904, 38.9168456 ], [ -77.091347, 38.9167306 ], [ -77.0912894, 38.9167013 ], [ -77.0912413, 38.9166662 ] ] } },
{ "type": "Feature", "properties": { }, "geometry": { "type": "LineString", "coordinates": [ [ -77.0900376, 38.9164436 ], [ -77.0900372, 38.9165189 ], [ -77.0900366, 38.9166224 ], [ -77.0900305, 38.9169596 ], [ -77.0900305, 38.9169941 ], [ -77.0901332, 38.9172121 ], [ -77.0901911, 38.9173016 ], [ -77.0902546, 38.9173938 ], [ -77.0903249, 38.9174652 ] ] } },
{ "type": "Feature", "properties": { }, "geometry": { "type": "LineString", "coordinates": [ [ -77.0900305, 38.9169596 ], [ -77.0905047, 38.9169594 ] ] } },
{ "type": "Feature", "properties": { }, "geometry": { "type": "LineString", "coordinates": [ [ -77.0887697, 38.9172053 ], [ -77.0885727, 38.9172335 ] ] } },
{ "type": "Feature", "properties": { }, "geometry": { "type": "LineString", "coordinates": [ [ -77.0884305, 38.9176697 ], [ -77.0884091, 38.917509 ], [ -77.0885137, 38.9174933 ], [ -77.0885311, 38.9173014 ], [ -77.0885727, 38.9172335 ], [ -77.0885579, 38.9171292 ], [ -77.0886008, 38.9170561 ], [ -77.0887484, 38.9170216 ] ] } },
{ "type": "Feature", "properties": { }, "geometry": { "type": "LineString", "coordinates": [ [ -77.0925661, 38.9177794 ], [ -77.0925784, 38.9177453 ], [ -77.0926057, 38.9175653 ], [ -77.0926048, 38.9174992 ], [ -77.092592, 38.9174256 ], [ -77.0925703, 38.9173643 ], [ -77.0925371, 38.9173121 ], [ -77.0924896, 38.9172565 ], [ -77.0924398, 38.9172096 ], [ -77.0923649, 38.9171611 ], [ -77.0922873, 38.9171264 ] ] } },
{ "type": "Feature", "properties": { }, "geometry": { "type": "LineString", "coordinates": [ [ -77.1055738, 38.9159931 ], [ -77.1056851, 38.9162362 ], [ -77.1058648, 38.916568 ], [ -77.1059265, 38.9166745 ] ] } },
{ "type": "Feature", "properties": { }, "geometry": { "type": "LineString", "coordinates": [ [ -77.1059265, 38.9166745 ], [ -77.105947363864772, 38.916694897260768 ] ] } },
{ "type": "Feature", "properties": { }, "geometry": { "type": "LineString", "coordinates": [ [ -77.102036, 38.9186985 ], [ -77.101986, 38.9186083 ], [ -77.1017685, 38.9183093 ], [ -77.1015968, 38.9179003 ], [ -77.1014869, 38.9176311 ], [ -77.1013474, 38.917366 ], [ -77.1011918, 38.9172429 ], [ -77.1009853, 38.9172116 ], [ -77.1008431, 38.9172659 ], [ -77.100811, 38.9174015 ], [ -77.1008539, 38.9174892 ], [ -77.1010604, 38.9177438 ], [ -77.1011931, 38.9179158 ], [ -77.1013098, 38.9180672 ], [ -77.1014896, 38.9183886 ], [ -77.1016827, 38.918687 ], [ -77.1017792, 38.9187726 ] ] } },
{ "type": "Feature", "properties": { }, "geometry": { "type": "LineString", "coordinates": [ [ -77.1017792, 38.9187726 ], [ -77.102036, 38.9186985 ] ] } },
{ "type": "Feature", "properties": { }, "geometry": { "type": "LineString", "coordinates": [ [ -77.1009145, 38.9190263 ], [ -77.1006314, 38.9186605 ] ] } },
{ "type": "Feature", "properties": { }, "geometry": { "type": "LineString", "coordinates": [ [ -77.1025386, 38.9190968 ], [ -77.102515, 38.9190254 ], [ -77.1024661, 38.9189506 ], [ -77.1023292, 38.9188304 ], [ -77.1021648, 38.9187358 ], [ -77.1020933, 38.9187085 ], [ -77.102036, 38.9186985 ] ] } },
{ "type": "Feature", "properties": { }, "geometry": { "type": "LineString", "coordinates": [ [ -77.1024661, 38.9189506 ], [ -77.1022996, 38.9190121 ], [ -77.1021236, 38.9190608 ], [ -77.1019952, 38.9190734 ], [ -77.1018999, 38.9190611 ], [ -77.101823, 38.9190331 ], [ -77.1017689, 38.9189824 ], [ -77.1017433, 38.918901 ], [ -77.1017672, 38.9188055 ], [ -77.1017792, 38.9187726 ] ] } },
{ "type": "Feature", "properties": { }, "geometry": { "type": "LineString", "coordinates": [ [ -77.1025211, 38.9191742 ], [ -77.1025386, 38.9190968 ] ] } },
{ "type": "Feature", "properties": { }, "geometry": { "type": "LineString", "coordinates": [ [ -77.1004637, 38.9188673 ], [ -77.1006086, 38.9190126 ], [ -77.1008669, 38.9194373 ] ] } },
{ "type": "Feature", "properties": { }, "geometry": { "type": "LineString", "coordinates": [ [ -77.1009383, 38.9195498 ], [ -77.1009954, 38.9195261 ], [ -77.1011415, 38.9194675 ], [ -77.1011737, 38.9194153 ], [ -77.1009145, 38.9190263 ] ] } },
{ "type": "Feature", "properties": { }, "geometry": { "type": "LineString", "coordinates": [ [ -77.094642, 38.9170816 ], [ -77.0945789, 38.9170032 ], [ -77.0943794, 38.9167551 ] ] } },
{ "type": "Feature", "properties": { }, "geometry": { "type": "LineString", "coordinates": [ [ -77.097809, 38.917208 ], [ -77.098209, 38.917056 ], [ -77.098393, 38.916974 ], [ -77.098415, 38.91696 ], [ -77.098435, 38.916945 ], [ -77.098451, 38.916931 ], [ -77.09848, 38.916901 ], [ -77.098493, 38.916886 ], [ -77.098505, 38.91687 ] ] } },
{ "type": "Feature", "properties": { }, "geometry": { "type": "LineString", "coordinates": [ [ -77.094433, 38.917188 ], [ -77.094522, 38.917138 ], [ -77.094577, 38.917113 ], [ -77.094642, 38.9170816 ], [ -77.094702, 38.917054 ], [ -77.094737, 38.917041 ], [ -77.094774, 38.917029 ], [ -77.094811, 38.917021 ], [ -77.09485, 38.917015 ], [ -77.094888, 38.917011 ], [ -77.09512, 38.9170108 ], [ -77.0959227, 38.91701 ], [ -77.0959493, 38.9170045 ], [ -77.0960434, 38.9169852 ], [ -77.0961733, 38.9169206 ] ] } },
{ "type": "Feature", "properties": { }, "geometry": { "type": "LineString", "coordinates": [ [ -77.0989625, 38.9170816 ], [ -77.0988429, 38.9171907 ], [ -77.0986605, 38.9172878 ], [ -77.0984271, 38.9173838 ], [ -77.0981307, 38.9174944 ], [ -77.098053, 38.9175048 ], [ -77.0980006, 38.9174829 ], [ -77.097939, 38.9174036 ], [ -77.0978799, 38.917316 ], [ -77.097809, 38.917208 ] ] } },
{ "type": "Feature", "properties": { }, "geometry": { "type": "LineString", "coordinates": [ [ -77.0977113, 38.9179652 ], [ -77.0975809, 38.9179082 ], [ -77.0970901, 38.9176768 ], [ -77.0969861, 38.9176258 ], [ -77.0969271, 38.9175908 ], [ -77.0968731, 38.9175518 ], [ -77.0967184, 38.9174111 ], [ -77.0962575, 38.9169991 ], [ -77.0961733, 38.9169206 ] ] } },
{ "type": "Feature", "properties": { }, "geometry": { "type": "LineString", "coordinates": [ [ -77.0960434, 38.9169852 ], [ -77.0961373, 38.9170711 ], [ -77.0966196, 38.9175119 ], [ -77.0967596, 38.9176373 ], [ -77.0968254, 38.9176848 ], [ -77.0968961, 38.9177267 ], [ -77.0970073, 38.9177812 ], [ -77.0974876, 38.9180059 ], [ -77.0976283, 38.9180732 ] ] } },
{ "type": "Feature", "properties": { }, "geometry": { "type": "LineString", "coordinates": [ [ -77.0966196, 38.9175119 ], [ -77.0965478, 38.9175494 ], [ -77.096074, 38.917799 ], [ -77.096049, 38.917818 ], [ -77.096029, 38.917841 ], [ -77.096013, 38.917866 ], [ -77.096004, 38.917892 ], [ -77.0960022, 38.9179706 ], [ -77.095999, 38.918106 ] ] } },
{ "type": "Feature", "properties": { }, "geometry": { "type": "LineString", "coordinates": [ [ -77.0969787, 38.9179598 ], [ -77.0967869, 38.917881 ], [ -77.096683, 38.9179212 ], [ -77.0966783, 38.917985 ] ] } },
{ "type": "Feature", "properties": { }, "geometry": { "type": "LineString", "coordinates": [ [ -77.0989625, 38.9170816 ], [ -77.099252, 38.917219 ], [ -77.0992855, 38.9172375 ], [ -77.099339, 38.917271 ], [ -77.099392, 38.917309 ], [ -77.099443, 38.917353 ], [ -77.099489, 38.9174 ], [ -77.09951, 38.917425 ], [ -77.099669, 38.91765 ], [ -77.09978, 38.917823 ], [ -77.099801, 38.917858 ], [ -77.099823, 38.917892 ], [ -77.099865, 38.917962 ], [ -77.099885, 38.917997 ], [ -77.099995, 38.918182 ], [ -77.100108, 38.91837 ], [ -77.1001977, 38.9185214 ], [ -77.1003192, 38.9187021 ], [ -77.1004637, 38.9188673 ] ] } },
{ "type": "Feature", "properties": { }, "geometry": { "type": "LineString", "coordinates": [ [ -77.0976283, 38.9180732 ], [ -77.0977113, 38.9179652 ] ] } },
{ "type": "Feature", "properties": { }, "geometry": { "type": "LineString", "coordinates": [ [ -77.0903249, 38.9174652 ], [ -77.0904519, 38.9175792 ], [ -77.0906189, 38.9177644 ], [ -77.0906637, 38.9178578 ], [ -77.0907531, 38.9180414 ] ] } },
{ "type": "Feature", "properties": { }, "geometry": { "type": "LineString", "coordinates": [ [ -77.0895377, 38.9181823 ], [ -77.0895912, 38.9181835 ], [ -77.0900211, 38.9181931 ], [ -77.0900538, 38.9181241 ], [ -77.0900538, 38.9176408 ] ] } },
{ "type": "Feature", "properties": { }, "geometry": { "type": "LineString", "coordinates": [ [ -77.0873053, 38.9180554 ], [ -77.087461, 38.9180235 ], [ -77.0876058, 38.9179939 ], [ -77.0879063, 38.9179877 ], [ -77.088191, 38.9180247 ], [ -77.0887723, 38.9180431 ] ] } },
{ "type": "Feature", "properties": { }, "geometry": { "type": "LineString", "coordinates": [ [ -77.0906796, 38.9186833 ], [ -77.0905911, 38.9186784 ], [ -77.090023, 38.918652 ], [ -77.0899321, 38.9186448 ], [ -77.089864, 38.9186362 ], [ -77.0898197, 38.9186271 ], [ -77.0897657, 38.9186139 ], [ -77.0896997, 38.91859 ], [ -77.0896475, 38.9185601 ], [ -77.089613, 38.9185236 ], [ -77.0895809, 38.9184733 ], [ -77.0895713, 38.9184464 ], [ -77.0895582, 38.9184099 ], [ -77.0895478, 38.918366 ], [ -77.089542, 38.9183209 ], [ -77.0895377, 38.9181823 ], [ -77.0895343, 38.9179648 ], [ -77.0895308, 38.9177389 ], [ -77.0895681, 38.9176772 ], [ -77.0895875, 38.9176635 ], [ -77.0896035, 38.9176521 ], [ -77.0896195, 38.9176408 ], [ -77.0897269, 38.9176263 ], [ -77.0898253, 38.9176307 ], [ -77.0900538, 38.9176408 ], [ -77.0900865, 38.9176227 ], [ -77.0901432, 38.9175852 ], [ -77.0903249, 38.9174652 ] ] } },
{ "type": "Feature", "properties": { }, "geometry": { "type": "LineString", "coordinates": [ [ -77.0906796, 38.9186833 ], [ -77.0909379, 38.9186972 ], [ -77.0912492, 38.9187112 ], [ -77.0913489, 38.9187094 ], [ -77.0914292, 38.9187055 ], [ -77.0914961, 38.9186973 ], [ -77.0917011, 38.9186546 ], [ -77.0918759, 38.9186134 ], [ -77.0919227, 38.9185933 ], [ -77.0919572, 38.9185726 ], [ -77.0919854, 38.918545 ], [ -77.0920125, 38.918507 ], [ -77.0920301, 38.9184659 ], [ -77.0920432, 38.918422 ], [ -77.0920494, 38.9183769 ], [ -77.092052, 38.9183241 ], [ -77.0920498, 38.9182355 ], [ -77.0920492, 38.9182012 ], [ -77.0920568, 38.9181692 ], [ -77.0920847, 38.9181268 ], [ -77.0921291, 38.9180894 ], [ -77.0921886, 38.9180555 ], [ -77.0923426, 38.917979 ], [ -77.0924072, 38.9179407 ], [ -77.0924575, 38.9179009 ], [ -77.0925467, 38.9178045 ], [ -77.0925661, 38.9177794 ] ] } },
{ "type": "Feature", "properties": { }, "geometry": { "type": "LineString", "coordinates": [ [ -77.0887196, 38.9166286 ], [ -77.0887484, 38.9170216 ], [ -77.08875, 38.917043 ], [ -77.088766, 38.917167 ], [ -77.0887697, 38.9172053 ], [ -77.088774, 38.91725 ], [ -77.088777, 38.917291 ], [ -77.088781, 38.917416 ], [ -77.088781, 38.917551 ], [ -77.08878, 38.917597 ], [ -77.08878, 38.917644 ], [ -77.088774, 38.917923 ], [ -77.0887723, 38.9180431 ], [ -77.08877, 38.918203 ], [ -77.08877, 38.91826 ], [ -77.088766, 38.918484 ], [ -77.088764, 38.918537 ], [ -77.088761, 38.918697 ], [ -77.0887481, 38.9191006 ], [ -77.088746, 38.919166 ], [ -77.088741, 38.919748 ], [ -77.088749, 38.920036 ], [ -77.0887541, 38.9200793 ] ] } },
{ "type": "Feature", "properties": { }, "geometry": { "type": "LineString", "coordinates": [ [ -77.0907531, 38.9180414 ], [ -77.0907624, 38.918078 ], [ -77.0907683, 38.9181191 ], [ -77.0907706, 38.9183921 ], [ -77.0907683, 38.9184384 ], [ -77.090759, 38.9184802 ], [ -77.090687, 38.9186402 ], [ -77.0906796, 38.9186833 ] ] } },
{ "type": "Feature", "properties": { }, "geometry": { "type": "LineString", "coordinates": [ [ -77.088191, 38.9180247 ], [ -77.0881913, 38.9181134 ], [ -77.0881914, 38.9181353 ], [ -77.0882052, 38.918374 ], [ -77.0882052, 38.9185097 ], [ -77.0881862, 38.9186112 ], [ -77.0881278, 38.9186707 ], [ -77.0879878, 38.9187112 ], [ -77.0876516, 38.9187015 ] ] } },
{ "type": "Feature", "properties": { }, "geometry": { "type": "LineString", "coordinates": [ [ -77.0890091, 38.9183186 ], [ -77.0890118, 38.9184992 ] ] } },
{ "type": "Feature", "properties": { }, "geometry": { "type": "MultiLineString", "coordinates": [ [ [ -77.0895582, 38.9184099 ], [ -77.0893877, 38.9184138 ] ], [ [ -77.0893877, 38.9184138 ], [ -77.0890708, 38.9184335 ], [ -77.0890292, 38.9184564 ], [ -77.0890118, 38.9184992 ], [ -77.0890144, 38.9185409 ], [ -77.08906, 38.9185806 ], [ -77.0891311, 38.9185837 ], [ -77.0891794, 38.918567 ], [ -77.0893877, 38.9184138 ] ] ] } },
{ "type": "Feature", "properties": { }, "geometry": { "type": "LineString", "coordinates": [ [ -77.097196, 38.918109 ], [ -77.0971812, 38.9180125 ], [ -77.0971685, 38.9179765 ], [ -77.0970921, 38.9179427 ] ] } },
{ "type": "Feature", "properties": { }, "geometry": { "type": "LineString", "coordinates": [ [ -77.0966783, 38.917985 ], [ -77.0966716, 38.9180672 ] ] } },
{ "type": "Feature", "properties": { }, "geometry": { "type": "LineString", "coordinates": [ [ -77.0981251, 38.9181638 ], [ -77.0980501, 38.9181208 ], [ -77.0977113, 38.9179652 ] ] } },
{ "type": "Feature", "properties": { }, "geometry": { "type": "LineString", "coordinates": [ [ -77.0966716, 38.9180672 ], [ -77.096668, 38.9181069 ] ] } },
{ "type": "Feature", "properties": { }, "geometry": { "type": "LineString", "coordinates": [ [ -77.09435, 38.918105 ], [ -77.095999, 38.918106 ], [ -77.09612, 38.918104 ], [ -77.096668, 38.9181069 ], [ -77.096772, 38.918108 ], [ -77.096944, 38.918109 ], [ -77.097196, 38.918109 ], [ -77.097272, 38.918109 ], [ -77.0974093, 38.9181102 ], [ -77.0975009, 38.918111 ], [ -77.0975691, 38.9181031 ], [ -77.0976283, 38.9180732 ] ] } },
{ "type": "Feature", "properties": { }, "geometry": { "type": "LineString", "coordinates": [ [ -77.0976283, 38.9180732 ], [ -77.0978487, 38.9181743 ], [ -77.0979676, 38.9182259 ] ] } },
{ "type": "Feature", "properties": { }, "geometry": { "type": "LineString", "coordinates": [ [ -77.093417, 38.918589 ], [ -77.093683, 38.918588 ], [ -77.09368, 38.918508 ], [ -77.093679, 38.918457 ], [ -77.093682, 38.918229 ], [ -77.093677, 38.918004 ], [ -77.093674, 38.917984 ], [ -77.093665, 38.917965 ], [ -77.093652, 38.917948 ], [ -77.093635, 38.917933 ], [ -77.093615, 38.917921 ], [ -77.09359, 38.917915 ], [ -77.093564, 38.917913 ], [ -77.093538, 38.917915 ], [ -77.093512, 38.917921 ], [ -77.09349, 38.917931 ], [ -77.093402, 38.917974 ], [ -77.093235, 38.918068 ], [ -77.092926, 38.918238 ], [ -77.092899, 38.918257 ], [ -77.092875, 38.918278 ], [ -77.092855, 38.918302 ], [ -77.09284, 38.918329 ], [ -77.09283, 38.918359 ], [ -77.092826, 38.91839 ], [ -77.092828, 38.918421 ], [ -77.092837, 38.918451 ], [ -77.092852, 38.91848 ], [ -77.09287, 38.918504 ], [ -77.092892, 38.918526 ], [ -77.092919, 38.918544 ], [ -77.092948, 38.91856 ], [ -77.092981, 38.918572 ], [ -77.093008, 38.918579 ], [ -77.093036, 38.918584 ], [ -77.093093, 38.918589 ], [ -77.093417, 38.918589 ] ] } },
{ "type": "Feature", "properties": { }, "geometry": { "type": "LineString", "coordinates": [ [ -77.0974093, 38.9181102 ], [ -77.097423, 38.9181834 ], [ -77.097436, 38.918253 ], [ -77.0974293, 38.9185608 ], [ -77.0970136, 38.9185618 ] ] } },
{ "type": "Feature", "properties": { }, "geometry": { "type": "LineString", "coordinates": [ [ -77.0989314, 38.9183531 ], [ -77.0985413, 38.9184677 ], [ -77.0984599, 38.9184916 ] ] } },
{ "type": "Feature", "properties": { }, "geometry": { "type": "LineString", "coordinates": [ [ -77.098982, 38.917571 ], [ -77.099078, 38.917716 ], [ -77.099099, 38.917754 ], [ -77.099108, 38.917773 ], [ -77.099126, 38.917816 ], [ -77.099148, 38.917863 ], [ -77.099173, 38.917908 ], [ -77.09933, 38.918177 ], [ -77.099423, 38.918339 ], [ -77.099492, 38.918466 ], [ -77.09962, 38.918692 ], [ -77.099715, 38.918855 ], [ -77.099774, 38.918952 ], [ -77.099794, 38.918988 ], [ -77.09994, 38.919237 ], [ -77.09996, 38.919273 ], [ -77.100051, 38.919446 ], [ -77.100059, 38.919466 ], [ -77.100056, 38.919499 ] ] } },
{ "type": "Feature", "properties": { }, "geometry": { "type": "LineString", "coordinates": [ [ -77.0887541, 38.9200793 ], [ -77.0886498, 38.9200803 ], [ -77.0885378, 38.9200814 ] ] } },
{ "type": "Feature", "properties": { }, "geometry": { "type": "LineString", "coordinates": [ [ -77.0881731, 38.9198706 ], [ -77.0881275, 38.9198939 ], [ -77.0880949, 38.9199687 ], [ -77.0880884, 38.9202677 ], [ -77.0881191, 38.9203457 ] ] } },
{ "type": "Feature", "properties": { }, "geometry": { "type": "LineString", "coordinates": [ [ -77.0885378, 38.9200814 ], [ -77.0884157, 38.920032 ], [ -77.0883945, 38.9199687 ], [ -77.0883554, 38.9198977 ], [ -77.0882561, 38.9198711 ], [ -77.0881731, 38.9198706 ], [ -77.0880444, 38.9198699 ], [ -77.0878848, 38.9198927 ], [ -77.0878343, 38.9199358 ], [ -77.0878197, 38.9200713 ], [ -77.0878343, 38.9202613 ], [ -77.0879027, 38.9203006 ], [ -77.0881191, 38.9203457 ], [ -77.0882431, 38.9203716 ], [ -77.0884417, 38.9204374 ] ] } },
{ "type": "Feature", "properties": { }, "geometry": { "type": "LineString", "coordinates": [ [ -77.0884417, 38.9204374 ], [ -77.088388, 38.9203298 ], [ -77.0883717, 38.9202259 ], [ -77.0883733, 38.9201473 ], [ -77.0884043, 38.920122 ], [ -77.0885378, 38.9200814 ] ] } },
{ "type": "Feature", "properties": { }, "geometry": { "type": "LineString", "coordinates": [ [ -77.0887541, 38.9200793 ], [ -77.088764, 38.920164 ], [ -77.088797, 38.920289 ], [ -77.08882, 38.92035 ], [ -77.0888999, 38.9205313 ] ] } },
{ "type": "Feature", "properties": { }, "geometry": { "type": "LineString", "coordinates": [ [ -77.092184, 38.919174 ], [ -77.092182, 38.920242 ], [ -77.092184, 38.920905 ], [ -77.092184, 38.921161 ], [ -77.092183, 38.921179 ], [ -77.092176, 38.921233 ], [ -77.092168, 38.921268 ], [ -77.092157, 38.921303 ], [ -77.092075, 38.921463 ] ] } },
{ "type": "Feature", "properties": { }, "geometry": { "type": "LineString", "coordinates": [ [ -77.0884417, 38.9204374 ], [ -77.088703, 38.9208192 ], [ -77.0887348, 38.9208657 ], [ -77.0888032, 38.9209594 ] ] } },
{ "type": "Feature", "properties": { }, "geometry": { "type": "LineString", "coordinates": [ [ -77.093251, 38.920243 ], [ -77.093249, 38.921169 ] ] } },
{ "type": "Feature", "properties": { }, "geometry": { "type": "LineString", "coordinates": [ [ -77.0888999, 38.9205313 ], [ -77.0891112, 38.9210398 ] ] } },
{ "type": "Feature", "properties": { }, "geometry": { "type": "MultiLineString", "coordinates": [ [ [ -77.0891112, 38.9210398 ], [ -77.0892963, 38.9209839 ], [ -77.0894853, 38.9209353 ], [ -77.0897228, 38.9208743 ] ], [ [ -77.0897228, 38.9208743 ], [ -77.0897393, 38.9209008 ], [ -77.0897635, 38.9209202 ], [ -77.0897845, 38.9209353 ], [ -77.0898335, 38.9209511 ], [ -77.0898693, 38.9209511 ], [ -77.0899028, 38.9209462 ], [ -77.0899277, 38.9209335 ], [ -77.0899479, 38.9209166 ], [ -77.0899611, 38.920896 ], [ -77.0899713, 38.9208663 ], [ -77.0899682, 38.9208391 ], [ -77.089958, 38.9208015 ], [ -77.0899409, 38.9207737 ], [ -77.0899144, 38.9207537 ], [ -77.0898818, 38.9207416 ], [ -77.0898374, 38.9207301 ], [ -77.089807, 38.9207331 ], [ -77.0897767, 38.9207458 ], [ -77.0897494, 38.9207682 ], [ -77.0897308, 38.9207936 ], [ -77.0897214, 38.9208239 ], [ -77.0897222, 38.9208554 ], [ -77.0897228, 38.9208743 ] ] ] } },
{ "type": "Feature", "properties": { }, "geometry": { "type": "LineString", "coordinates": [ [ -77.093683, 38.918588 ], [ -77.093817, 38.918588 ], [ -77.094345, 38.918586 ] ] } },
{ "type": "Feature", "properties": { }, "geometry": { "type": "LineString", "coordinates": [ [ -77.0983912, 38.9190034 ], [ -77.0985555, 38.9189979 ], [ -77.098675, 38.918983 ], [ -77.0986945, 38.9189786 ], [ -77.098706, 38.918976 ], [ -77.099011, 38.918888 ], [ -77.099241, 38.918818 ], [ -77.099392, 38.918767 ], [ -77.0995598, 38.9187133 ], [ -77.09962, 38.918692 ] ] } },
{ "type": "Feature", "properties": { }, "geometry": { "type": "LineString", "coordinates": [ [ -77.088746, 38.919166 ], [ -77.0888365, 38.9191764 ], [ -77.08894, 38.9191801 ], [ -77.089751, 38.919174 ], [ -77.090111, 38.919174 ], [ -77.090404, 38.919175 ], [ -77.0906552, 38.9191728 ], [ -77.090743, 38.919172 ], [ -77.092184, 38.919174 ], [ -77.094235, 38.91918 ], [ -77.0942612, 38.91918 ], [ -77.094344, 38.91918 ], [ -77.095566, 38.919178 ], [ -77.0956718, 38.9191779 ], [ -77.0966805, 38.9191771 ], [ -77.096769, 38.919177 ], [ -77.0968426, 38.9191765 ], [ -77.0983331, 38.9191665 ], [ -77.0983944, 38.9191661 ], [ -77.0985645, 38.919161 ] ] } },
{ "type": "Feature", "properties": { }, "geometry": { "type": "LineString", "coordinates": [ [ -77.0984018, 38.9199745 ], [ -77.0985611, 38.919973 ], [ -77.098631, 38.91997 ], [ -77.098664, 38.919965 ], [ -77.098731, 38.919949 ], [ -77.098763, 38.919939 ], [ -77.099012, 38.919849 ], [ -77.099165, 38.9198 ], [ -77.099326, 38.919746 ], [ -77.099427, 38.91971 ], [ -77.099583, 38.919661 ], [ -77.099733, 38.919615 ], [ -77.099877, 38.919573 ], [ -77.099905, 38.919564 ], [ -77.100013, 38.919532 ], [ -77.100038, 38.91952 ], [ -77.100056, 38.919499 ] ] } },
{ "type": "Feature", "properties": { }, "geometry": { "type": "LineString", "coordinates": [ [ -77.094433, 38.917188 ], [ -77.094396, 38.917211 ], [ -77.094377, 38.91723 ], [ -77.094364, 38.917252 ], [ -77.094355, 38.917275 ], [ -77.094353, 38.917299 ], [ -77.09435, 38.918105 ], [ -77.094345, 38.918586 ], [ -77.0943432, 38.9191233 ], [ -77.094344, 38.91918 ], [ -77.09434, 38.920243 ], [ -77.094344, 38.920815 ], [ -77.094343, 38.921063 ], [ -77.09434, 38.921339 ], [ -77.094338, 38.921866 ], [ -77.09434, 38.92228 ], [ -77.094335, 38.922332 ], [ -77.094323, 38.922383 ] ] } },
{ "type": "Feature", "properties": { }, "geometry": { "type": "LineString", "coordinates": [ [ -77.0978679, 38.9202486 ], [ -77.097869, 38.9202095 ], [ -77.0978746, 38.9200038 ], [ -77.097932, 38.9199529 ], [ -77.0979369, 38.9197743 ] ] } },
{ "type": "Feature", "properties": { }, "geometry": { "type": "LineString", "coordinates": [ [ -77.092182, 38.920242 ], [ -77.092283, 38.920243 ], [ -77.093251, 38.920243 ], [ -77.0941591, 38.9202431 ], [ -77.09434, 38.920243 ] ] } },
{ "type": "Feature", "properties": { }, "geometry": { "type": "LineString", "coordinates": [ [ -77.096766, 38.92025 ], [ -77.0968495, 38.9202499 ], [ -77.09736, 38.920249 ], [ -77.097655, 38.92025 ], [ -77.0978679, 38.9202486 ], [ -77.097963, 38.920248 ], [ -77.098197, 38.920248 ], [ -77.098334, 38.92025 ], [ -77.098351, 38.9202487 ], [ -77.0984147, 38.9202437 ], [ -77.0985697, 38.9202463 ] ] } },
{ "type": "Feature", "properties": { }, "geometry": { "type": "LineString", "coordinates": [ [ -77.095566, 38.919178 ], [ -77.095552, 38.919666 ], [ -77.095549, 38.920204 ], [ -77.095554, 38.920785 ], [ -77.095553, 38.921755 ], [ -77.095554, 38.922363 ], [ -77.095552, 38.922645 ], [ -77.09555, 38.922666 ], [ -77.095546, 38.922688 ], [ -77.09554, 38.922709 ], [ -77.095533, 38.922729 ], [ -77.095524, 38.92275 ] ] } },
{ "type": "Feature", "properties": { }, "geometry": { "type": "LineString", "coordinates": [ [ -77.100063459733462, 38.922857900556401 ], [ -77.1000336, 38.9227979 ], [ -77.0998706, 38.9224717 ], [ -77.0997993, 38.9223626 ], [ -77.0997046, 38.9222625 ], [ -77.0994709, 38.9220332 ], [ -77.0989801, 38.9215428 ], [ -77.0989307, 38.9214933 ], [ -77.0988981, 38.9214628 ], [ -77.0987751, 38.9213348 ], [ -77.0987521, 38.9213078 ], [ -77.0987091, 38.9212538 ], [ -77.0986901, 38.9212258 ], [ -77.0986551, 38.9211678 ], [ -77.0986341, 38.9211258 ], [ -77.0986251, 38.9211078 ], [ -77.0986121, 38.9210768 ], [ -77.0985911, 38.9210138 ], [ -77.0985891, 38.9209828 ], [ -77.0985831, 38.9209498 ], [ -77.0985801, 38.9209188 ], [ -77.0985801, 38.9208478 ], [ -77.0985771, 38.9208198 ], [ -77.0985731, 38.9204798 ], [ -77.0985697, 38.9202463 ], [ -77.0985611, 38.919973 ], [ -77.0985645, 38.919161 ], [ -77.0985555, 38.9189979 ], [ -77.0985431, 38.9187908 ], [ -77.0985391, 38.9187398 ], [ -77.0985361, 38.9187148 ], [ -77.0985271, 38.9186638 ], [ -77.0985051, 38.9185898 ], [ -77.0984861, 38.9185408 ], [ -77.0984599, 38.9184916 ], [ -77.0984531, 38.9184788 ], [ -77.0984341, 38.9184478 ], [ -77.0984131, 38.9184178 ], [ -77.0983911, 38.9183888 ], [ -77.0983671, 38.9183608 ], [ -77.0983141, 38.9183068 ], [ -77.0982861, 38.9182808 ], [ -77.0982561, 38.9182568 ], [ -77.0982231, 38.9182328 ], [ -77.0981921, 38.9182078 ], [ -77.0981251, 38.9181638 ] ] } },
{ "type": "Feature", "properties": { }, "geometry": { "type": "LineString", "coordinates": [ [ -77.0854118, 38.9159133 ], [ -77.0853766, 38.9158902 ], [ -77.0850452, 38.915673 ] ] } },
{ "type": "Feature", "properties": { }, "geometry": { "type": "LineString", "coordinates": [ [ -77.0879063, 38.9179877 ], [ -77.0878984, 38.917557 ], [ -77.0878691, 38.9174432 ], [ -77.0878272, 38.9172801 ], [ -77.0877618, 38.9171815 ], [ -77.0876867, 38.9171271 ], [ -77.0875846, 38.9170992 ], [ -77.0874476, 38.9171017 ], [ -77.0872499, 38.9171386 ], [ -77.0871155, 38.9172493 ], [ -77.0869652, 38.9174401 ], [ -77.0868624, 38.9175816 ], [ -77.0868069, 38.9176885 ] ] } },
{ "type": "Feature", "properties": { }, "geometry": { "type": "LineString", "coordinates": [ [ -77.087461, 38.9180235 ], [ -77.0873606, 38.91792 ], [ -77.0871945, 38.9177785 ], [ -77.0868624, 38.9175816 ], [ -77.0867005, 38.9175476 ], [ -77.086687, 38.9175446 ], [ -77.086565, 38.9175173 ], [ -77.0864642, 38.9175194 ] ] } },
{ "type": "Feature", "properties": { }, "geometry": { "type": "LineString", "coordinates": [ [ -77.0864642, 38.9175194 ], [ -77.0866334, 38.917605 ], [ -77.0866391, 38.9176077 ], [ -77.0868069, 38.9176885 ], [ -77.0870443, 38.9178524 ], [ -77.0873053, 38.9180554 ], [ -77.0874113, 38.9181979 ], [ -77.0874488, 38.9182483 ], [ -77.0875105, 38.918349 ], [ -77.087601, 38.9184246 ] ] } },
{ "type": "Feature", "properties": { }, "geometry": { "type": "LineString", "coordinates": [ [ -77.087601, 38.9184246 ], [ -77.0876259, 38.9183448 ], [ -77.0875669, 38.9182029 ], [ -77.0875356, 38.9181499 ], [ -77.087461, 38.9180235 ] ] } },
{ "type": "Feature", "properties": { }, "geometry": { "type": "LineString", "coordinates": [ [ -77.086563, 38.919173 ], [ -77.0865625, 38.9190931 ], [ -77.0865619, 38.9190092 ], [ -77.0864986, 38.9188 ], [ -77.0864195, 38.9187138 ], [ -77.0863483, 38.9185723 ], [ -77.086293, 38.9183754 ], [ -77.0861864, 38.9182297 ], [ -77.0860323, 38.9181097 ], [ -77.0858264, 38.9179939 ], [ -77.0857235, 38.9178647 ], [ -77.0857156, 38.917717 ], [ -77.0857295, 38.9176499 ], [ -77.0857872, 38.9175954 ], [ -77.0858824, 38.9175309 ], [ -77.0860003, 38.9174893 ], [ -77.0862139, 38.9174832 ], [ -77.0864642, 38.9175194 ] ] } },
{ "type": "Feature", "properties": { }, "geometry": { "type": "LineString", "coordinates": [ [ -77.087601, 38.9184246 ], [ -77.0876516, 38.9187015 ] ] } },
{ "type": "Feature", "properties": { }, "geometry": { "type": "LineString", "coordinates": [ [ -77.0876516, 38.9187015 ], [ -77.0870112, 38.9187079 ], [ -77.0865731, 38.9187123 ], [ -77.0864195, 38.9187138 ] ] } },
{ "type": "Feature", "properties": { }, "geometry": { "type": "LineString", "coordinates": [ [ -77.0859655, 38.9191712 ], [ -77.086348, 38.919173 ], [ -77.086563, 38.919173 ], [ -77.0885149, 38.9191592 ], [ -77.0886575, 38.9191628 ], [ -77.088746, 38.919166 ] ] } },
{ "type": "Feature", "properties": { }, "geometry": { "type": "LineString", "coordinates": [ [ -77.086563, 38.919173 ], [ -77.086565, 38.919212 ], [ -77.086568, 38.919239 ], [ -77.086578, 38.919278 ], [ -77.086587, 38.919304 ], [ -77.086762, 38.919604 ], [ -77.086774, 38.919622 ], [ -77.086789, 38.919638 ], [ -77.086806, 38.919654 ], [ -77.086824, 38.919668 ], [ -77.086844, 38.91968 ], [ -77.086888, 38.919701 ], [ -77.086912, 38.919708 ], [ -77.086937, 38.919714 ] ] } },
{ "type": "Feature", "properties": { }, "geometry": { "type": "LineString", "coordinates": [ [ -77.078458, 38.916067 ], [ -77.078628, 38.916143 ], [ -77.078703, 38.916181 ], [ -77.078727, 38.916194 ], [ -77.078752, 38.916206 ], [ -77.079043, 38.91637 ], [ -77.079221, 38.916469 ], [ -77.079256, 38.916487 ], [ -77.079295, 38.9165 ], [ -77.079335, 38.91651 ], [ -77.079376, 38.916516 ], [ -77.07989, 38.916543 ], [ -77.079945, 38.916542 ], [ -77.079973, 38.91654 ], [ -77.08, 38.916536 ], [ -77.080053, 38.916524 ], [ -77.080104, 38.916506 ], [ -77.080151, 38.916483 ], [ -77.080482, 38.916261 ], [ -77.08065, 38.916154 ], [ -77.080763, 38.916074 ] ] } },
{ "type": "Feature", "properties": { }, "geometry": { "type": "LineString", "coordinates": [ [ -77.0805926, 38.9170023 ], [ -77.080601, 38.9170384 ], [ -77.0806265, 38.9170693 ], [ -77.0806653, 38.9170902 ], [ -77.0807114, 38.917098 ], [ -77.0807578, 38.9170915 ], [ -77.0807975, 38.9170716 ], [ -77.0808244, 38.9170415 ], [ -77.0808344, 38.9170056 ], [ -77.080826, 38.9169695 ], [ -77.0808005, 38.9169386 ], [ -77.0807617, 38.9169177 ], [ -77.0807156, 38.9169099 ], [ -77.0806692, 38.9169164 ], [ -77.0806295, 38.9169363 ], [ -77.0806026, 38.9169664 ], [ -77.0805926, 38.9170023 ] ] } },
{ "type": "Feature", "properties": { }, "geometry": { "type": "LineString", "coordinates": [ [ -77.07859, 38.916986 ], [ -77.07873, 38.917016 ], [ -77.079204, 38.917096 ], [ -77.079289, 38.917107 ], [ -77.079376, 38.917115 ], [ -77.079419, 38.917118 ], [ -77.079506, 38.91712 ], [ -77.079593, 38.91712 ], [ -77.0797, 38.917114 ], [ -77.079754, 38.917109 ], [ -77.079807, 38.917103 ], [ -77.079913, 38.917087 ], [ -77.079965, 38.917078 ], [ -77.080069, 38.917056 ], [ -77.080148, 38.917037 ], [ -77.080203, 38.917027 ], [ -77.080286, 38.917015 ], [ -77.080342, 38.917009 ], [ -77.080398, 38.917005 ], [ -77.080439, 38.917001 ], [ -77.080521, 38.916999 ], [ -77.0805926, 38.9170023 ] ] } },
{ "type": "Feature", "properties": { }, "geometry": { "type": "LineString", "coordinates": [ [ -77.078774, 38.9191738 ], [ -77.078864, 38.919174 ], [ -77.079299, 38.9191745 ], [ -77.0796613, 38.9191749 ], [ -77.079765, 38.919175 ] ] } },
{ "type": "Feature", "properties": { }, "geometry": { "type": "LineString", "coordinates": [ [ -77.079765, 38.919175 ], [ -77.079851, 38.919175 ], [ -77.0802401, 38.9191724 ], [ -77.080608, 38.91917 ], [ -77.080697, 38.919173 ], [ -77.080782, 38.919179 ], [ -77.080891, 38.919191 ], [ -77.080972, 38.919203 ], [ -77.081036, 38.919215 ], [ -77.081109, 38.919231 ], [ -77.081251, 38.91927 ], [ -77.081321, 38.919293 ], [ -77.081418, 38.91933 ], [ -77.081479, 38.919358 ], [ -77.081537, 38.919389 ], [ -77.081593, 38.919422 ], [ -77.081671, 38.919477 ], [ -77.081696, 38.919497 ], [ -77.08173, 38.919527 ], [ -77.081764, 38.919559 ], [ -77.081806, 38.919604 ], [ -77.081824, 38.919626 ] ] } },
{ "type": "Feature", "properties": { }, "geometry": { "type": "LineString", "coordinates": [ [ -77.081938, 38.9198133 ], [ -77.0819965, 38.9197642 ], [ -77.0820253, 38.9197401 ], [ -77.0820442, 38.9197242 ], [ -77.0824036, 38.9191691 ], [ -77.0822118, 38.919118 ], [ -77.0817773, 38.9190637 ] ] } },
{ "type": "Feature", "properties": { }, "geometry": { "type": "LineString", "coordinates": [ [ -77.0802401, 38.9191724 ], [ -77.0802719, 38.9192352 ], [ -77.0803076, 38.9193057 ], [ -77.0803311, 38.9193765 ], [ -77.0803433, 38.9196633 ], [ -77.0803905, 38.9199148 ] ] } },
{ "type": "Feature", "properties": { }, "geometry": { "type": "LineString", "coordinates": [ [ -77.079299, 38.9191745 ], [ -77.0792995, 38.9192496 ], [ -77.0793093, 38.9206293 ], [ -77.0793097, 38.9206814 ], [ -77.0793095, 38.9207473 ], [ -77.0793063, 38.9218856 ], [ -77.0793157, 38.9219143 ], [ -77.0793466, 38.9219232 ], [ -77.079687, 38.9219189 ], [ -77.079759, 38.921918 ] ] } },
{ "type": "Feature", "properties": { }, "geometry": { "type": "LineString", "coordinates": [ [ -77.081824, 38.919626 ], [ -77.081843, 38.919651 ], [ -77.08186, 38.919675 ], [ -77.081892, 38.919726 ], [ -77.081921, 38.919778 ], [ -77.081938, 38.9198133 ], [ -77.081947, 38.919832 ], [ -77.081981, 38.919913 ], [ -77.08199, 38.919941 ], [ -77.081997, 38.919974 ], [ -77.082003, 38.920008 ], [ -77.082006, 38.920042 ], [ -77.082007, 38.92011 ], [ -77.0820057, 38.9204594 ], [ -77.0820059, 38.9209429 ], [ -77.082007, 38.9212855 ], [ -77.082006, 38.921524 ] ] } },
{ "type": "Feature", "properties": { }, "geometry": { "type": "LineString", "coordinates": [ [ -77.0820059, 38.9209429 ], [ -77.081925, 38.9209419 ], [ -77.0818848, 38.9209414 ], [ -77.0815416, 38.9209369 ], [ -77.0814417, 38.9209356 ], [ -77.0813925, 38.9209161 ], [ -77.0813775, 38.9209102 ], [ -77.0813679, 38.9209064 ], [ -77.0813344, 38.9208595 ], [ -77.0813424, 38.9202334 ] ] } },
{ "type": "Feature", "properties": { }, "geometry": { "type": "LineString", "coordinates": [ [ -77.0774991, 38.9195327 ], [ -77.0775032, 38.9203231 ] ] } },
{ "type": "Feature", "properties": { }, "geometry": { "type": "LineString", "coordinates": [ [ -77.078774, 38.9191738 ], [ -77.0787748, 38.9192499 ], [ -77.078776, 38.919371 ], [ -77.0787758, 38.9195348 ], [ -77.0787759, 38.9203263 ], [ -77.0787743, 38.9206275 ], [ -77.078774, 38.920682 ] ] } },
{ "type": "Feature", "properties": { }, "geometry": { "type": "LineString", "coordinates": [ [ -77.0787759, 38.9203263 ], [ -77.0786923, 38.9203259 ], [ -77.0783179, 38.9203242 ], [ -77.0783156, 38.9195374 ] ] } },
{ "type": "Feature", "properties": { }, "geometry": { "type": "LineString", "coordinates": [ [ -77.0770522, 38.9202983 ], [ -77.0769709, 38.9202983 ], [ -77.076551, 38.920298 ], [ -77.0760933, 38.9202928 ], [ -77.0760323, 38.9202921 ] ] } },
{ "type": "Feature", "properties": { }, "geometry": { "type": "LineString", "coordinates": [ [ -77.0779108, 38.9203307 ], [ -77.0778383, 38.9203293 ], [ -77.0775032, 38.9203231 ], [ -77.0771352, 38.9203251 ], [ -77.0770523, 38.9203255 ] ] } },
{ "type": "Feature", "properties": { }, "geometry": { "type": "LineString", "coordinates": [ [ -77.0783179, 38.9203242 ], [ -77.0779782, 38.9203296 ], [ -77.0779108, 38.9203307 ] ] } },
{ "type": "Feature", "properties": { }, "geometry": { "type": "LineString", "coordinates": [ [ -77.077053, 38.920684 ], [ -77.077135, 38.9206837 ], [ -77.0778412, 38.9206812 ], [ -77.077909, 38.920681 ], [ -77.0779808, 38.9206811 ], [ -77.0786914, 38.9206819 ], [ -77.078774, 38.920682 ] ] } },
{ "type": "Feature", "properties": { }, "geometry": { "type": "LineString", "coordinates": [ [ -77.077909, 38.922549 ], [ -77.077909, 38.9224914 ], [ -77.077909, 38.922474 ], [ -77.07791, 38.922447 ], [ -77.07791, 38.922346 ], [ -77.077913, 38.922095 ], [ -77.077914, 38.921849 ], [ -77.077916, 38.921605 ], [ -77.077913, 38.9211 ], [ -77.0779124, 38.9210527 ], [ -77.07791, 38.920936 ], [ -77.077908, 38.9207566 ], [ -77.077909, 38.920681 ], [ -77.0779097, 38.9206201 ], [ -77.077911, 38.920509 ], [ -77.0779108, 38.9203307 ], [ -77.077912, 38.920142 ], [ -77.077914, 38.919807 ], [ -77.077916, 38.9195278 ], [ -77.0779142, 38.9192759 ], [ -77.0779144, 38.9192462 ], [ -77.077915, 38.9191728 ] ] } },
{ "type": "Feature", "properties": { }, "geometry": { "type": "LineString", "coordinates": [ [ -77.078775, 38.9210517 ], [ -77.0786887, 38.9210518 ], [ -77.0783209, 38.9210522 ], [ -77.0779808, 38.9210526 ], [ -77.0779124, 38.9210527 ], [ -77.0778453, 38.9210523 ], [ -77.0774774, 38.9210501 ], [ -77.0771317, 38.9210473 ], [ -77.0770503, 38.9210466 ] ] } },
{ "type": "Feature", "properties": { }, "geometry": { "type": "LineString", "coordinates": [ [ -77.0765309, 38.9210968 ], [ -77.0762855, 38.9210989 ], [ -77.075802, 38.9210999 ], [ -77.0757636, 38.92111 ], [ -77.0757195, 38.9211216 ] ] } },
{ "type": "Feature", "properties": { }, "geometry": { "type": "LineString", "coordinates": [ [ -77.0815416, 38.9209369 ], [ -77.0815416, 38.9207548 ] ] } },
{ "type": "Feature", "properties": { }, "geometry": { "type": "LineString", "coordinates": [ [ -77.079759, 38.922549 ], [ -77.0797589, 38.9224944 ], [ -77.079758, 38.922147 ], [ -77.079759, 38.921918 ], [ -77.07976, 38.921848 ], [ -77.079764, 38.9207647 ], [ -77.079762, 38.920682 ], [ -77.0797603, 38.9206198 ], [ -77.07976, 38.920609 ], [ -77.079758, 38.92009 ], [ -77.079762, 38.919686 ], [ -77.0797638, 38.9192895 ], [ -77.079764, 38.919249 ], [ -77.079765, 38.919175 ] ] } },
{ "type": "Feature", "properties": { }, "geometry": { "type": "LineString", "coordinates": [ [ -77.078774, 38.920682 ], [ -77.0788573, 38.9206819 ], [ -77.0793097, 38.9206814 ], [ -77.0796775, 38.9206811 ], [ -77.079762, 38.920682 ], [ -77.0798545, 38.9206838 ], [ -77.079914, 38.920685 ], [ -77.080279, 38.920682 ], [ -77.080365, 38.920687 ], [ -77.080407, 38.920693 ], [ -77.080449, 38.920701 ], [ -77.080501, 38.920716 ], [ -77.080549, 38.920735 ], [ -77.080595, 38.920759 ], [ -77.080637, 38.920786 ], [ -77.080663, 38.920806 ], [ -77.080694, 38.920834 ], [ -77.080712, 38.920852 ], [ -77.080728, 38.920872 ], [ -77.080755, 38.920912 ], [ -77.080767, 38.920933 ], [ -77.080777, 38.920955 ], [ -77.080785, 38.920977 ], [ -77.080791, 38.920999 ], [ -77.0807937, 38.9210114 ], [ -77.080796, 38.921022 ], [ -77.080801, 38.921079 ] ] } },
{ "type": "Feature", "properties": { }, "geometry": { "type": "LineString", "coordinates": [ [ -77.0809713, 38.9210104 ], [ -77.0808819, 38.9210115 ], [ -77.0807937, 38.9210114 ] ] } },
{ "type": "Feature", "properties": { }, "geometry": { "type": "LineString", "coordinates": [ [ -77.082006, 38.921524 ], [ -77.0819189, 38.9215333 ], [ -77.081819, 38.921544 ], [ -77.0812138, 38.9216189 ], [ -77.080922, 38.921655 ], [ -77.0808869, 38.9216608 ], [ -77.080843, 38.921668 ], [ -77.080794, 38.921679 ] ] } },
{ "type": "Feature", "properties": { }, "geometry": { "type": "LineString", "coordinates": [ [ -77.079759, 38.921918 ], [ -77.0798372, 38.921918 ], [ -77.079869, 38.921918 ], [ -77.07993, 38.921916 ], [ -77.079991, 38.921911 ], [ -77.080081, 38.921897 ], [ -77.080169, 38.921877 ], [ -77.080245, 38.921856 ], [ -77.080346, 38.921825 ], [ -77.080578, 38.921745 ], [ -77.0806934, 38.9217079 ], [ -77.08074, 38.921693 ], [ -77.080765, 38.921686 ], [ -77.080794, 38.921679 ] ] } },
{ "type": "Feature", "properties": { }, "geometry": { "type": "LineString", "coordinates": [ [ -77.080801, 38.921079 ], [ -77.0808005, 38.9211447 ], [ -77.0807994, 38.9213083 ], [ -77.0807985, 38.9214494 ], [ -77.080798, 38.921515 ], [ -77.0808, 38.921605 ], [ -77.080797, 38.921649 ], [ -77.080794, 38.921679 ], [ -77.080784, 38.921767 ], [ -77.0807834, 38.921774 ], [ -77.08077, 38.921932 ], [ -77.080752, 38.922125 ], [ -77.0807201, 38.9224909 ], [ -77.080715, 38.92255 ] ] } },
{ "type": "Feature", "properties": { }, "geometry": { "type": "LineString", "coordinates": [ [ -77.0812138, 38.9216189 ], [ -77.0812423, 38.9216856 ], [ -77.0812811, 38.9217766 ], [ -77.0812731, 38.9220614 ] ] } },
{ "type": "Feature", "properties": { }, "geometry": { "type": "LineString", "coordinates": [ [ -77.0819524, 38.922538 ], [ -77.0818771, 38.922538 ], [ -77.0813575, 38.9225382 ] ] } },
{ "type": "Feature", "properties": { }, "geometry": { "type": "LineString", "coordinates": [ [ -77.078774, 38.922548 ], [ -77.0788584, 38.9225484 ], [ -77.078971, 38.922549 ], [ -77.079326, 38.922548 ], [ -77.079759, 38.922549 ], [ -77.080004, 38.922548 ], [ -77.0806253, 38.9225497 ], [ -77.080715, 38.92255 ] ] } },
{ "type": "Feature", "properties": { }, "geometry": { "type": "LineString", "coordinates": [ [ -77.0762902, 38.9213707 ], [ -77.0762855, 38.9210989 ] ] } },
{ "type": "Feature", "properties": { }, "geometry": { "type": "LineString", "coordinates": [ [ -77.0770528, 38.9213837 ], [ -77.0769627, 38.9213823 ], [ -77.0765316, 38.9213754 ], [ -77.0765309, 38.9210968 ], [ -77.0769635, 38.9210911 ], [ -77.0770506, 38.92109 ] ] } },
{ "type": "Feature", "properties": { }, "geometry": { "type": "LineString", "coordinates": [ [ -77.0759355, 38.9215047 ], [ -77.0759846, 38.9214862 ], [ -77.0762902, 38.9213707 ], [ -77.0765316, 38.9213754 ] ] } },
{ "type": "Feature", "properties": { }, "geometry": { "type": "LineString", "coordinates": [ [ -77.078774, 38.920682 ], [ -77.0787737, 38.9207544 ], [ -77.078773, 38.920893 ], [ -77.078775, 38.9210517 ], [ -77.078775, 38.921084 ], [ -77.078772, 38.921859 ], [ -77.078772, 38.922092 ], [ -77.0787738, 38.9224936 ], [ -77.078774, 38.922548 ] ] } },
{ "type": "Feature", "properties": { }, "geometry": { "type": "LineString", "coordinates": [ [ -77.077052, 38.922549 ], [ -77.0770513, 38.9224805 ], [ -77.077048, 38.922145 ], [ -77.077049, 38.9220442 ], [ -77.077052, 38.921725 ], [ -77.077053, 38.92166 ], [ -77.077053, 38.921416 ], [ -77.0770528, 38.9213837 ], [ -77.0770506, 38.92109 ], [ -77.0770503, 38.9210466 ], [ -77.0770525, 38.9207539 ], [ -77.077053, 38.920684 ] ] } },
{ "type": "Feature", "properties": { }, "geometry": { "type": "LineString", "coordinates": [ [ -77.077505, 38.92255 ], [ -77.0775039, 38.9224904 ], [ -77.0774774, 38.9210501 ] ] } },
{ "type": "Feature", "properties": { }, "geometry": { "type": "LineString", "coordinates": [ [ -77.0783209, 38.9210522 ], [ -77.0783232, 38.9224925 ], [ -77.0783233, 38.922549 ] ] } },
{ "type": "Feature", "properties": { }, "geometry": { "type": "LineString", "coordinates": [ [ -77.0765363, 38.9220473 ], [ -77.0769666, 38.9220447 ], [ -77.077049, 38.9220442 ] ] } },
{ "type": "Feature", "properties": { }, "geometry": { "type": "LineString", "coordinates": [ [ -77.077052, 38.922549 ], [ -77.0771459, 38.9225481 ], [ -77.077156, 38.922548 ], [ -77.077505, 38.92255 ], [ -77.077819, 38.92255 ], [ -77.077909, 38.922549 ], [ -77.0783233, 38.922549 ], [ -77.078526, 38.922549 ], [ -77.0786964, 38.9225474 ], [ -77.078774, 38.922548 ] ] } },
{ "type": "Feature", "properties": { }, "geometry": { "type": "LineString", "coordinates": [ [ -77.077253, 38.923624 ], [ -77.0772159, 38.9235549 ], [ -77.077209, 38.923542 ], [ -77.077108, 38.923358 ], [ -77.07709, 38.92332 ], [ -77.077083, 38.923301 ], [ -77.077077, 38.923281 ], [ -77.077067, 38.923242 ], [ -77.077062, 38.923202 ], [ -77.077061, 38.923181 ], [ -77.077055, 38.923119 ], [ -77.07705, 38.922995 ], [ -77.077051, 38.922974 ], [ -77.0770518, 38.9226254 ], [ -77.077052, 38.922549 ] ] } },
{ "type": "Feature", "properties": { }, "geometry": { "type": "LineString", "coordinates": [ [ -77.0819212, 38.922699 ], [ -77.0818504, 38.9226991 ], [ -77.0813468, 38.9227 ] ] } },
{ "type": "Feature", "properties": { }, "geometry": { "type": "LineString", "coordinates": [ [ -77.0806787, 38.9227451 ], [ -77.0807654, 38.9227188 ], [ -77.0809029, 38.922677 ], [ -77.0811336, 38.9226728 ] ] } },
{ "type": "Feature", "properties": { }, "geometry": { "type": "LineString", "coordinates": [ [ -77.0810131, 38.9236244 ], [ -77.0810216, 38.9235724 ], [ -77.0810965, 38.923152 ], [ -77.0811628, 38.9228264 ] ] } },
{ "type": "Feature", "properties": { }, "geometry": { "type": "LineString", "coordinates": [ [ -77.0790123, 38.9236231 ], [ -77.0790187, 38.9235665 ], [ -77.079021, 38.9235466 ], [ -77.0790533, 38.9235059 ], [ -77.0790856, 38.9234651 ], [ -77.0791631, 38.9234137 ], [ -77.0792478, 38.9233858 ], [ -77.0793468, 38.9233691 ], [ -77.0796167, 38.9233668 ] ] } },
{ "type": "Feature", "properties": { }, "geometry": { "type": "LineString", "coordinates": [ [ -77.080715, 38.92255 ], [ -77.080706, 38.92261 ], [ -77.080693, 38.92267 ], [ -77.0806787, 38.9227451 ], [ -77.08064, 38.922948 ], [ -77.0805193, 38.9235662 ], [ -77.080509, 38.923624 ], [ -77.0804944, 38.9237062 ], [ -77.080324, 38.924617 ], [ -77.0803205, 38.9246378 ], [ -77.08031, 38.924701 ] ] } },
{ "type": "Feature", "properties": { }, "geometry": { "type": "LineString", "coordinates": [ [ -77.082006, 38.921524 ], [ -77.082005, 38.92208 ], [ -77.082, 38.922213 ], [ -77.081992, 38.9223 ], [ -77.081984, 38.922365 ], [ -77.0819524, 38.922538 ], [ -77.0819212, 38.922699 ], [ -77.0817569, 38.9235601 ], [ -77.081742, 38.923634 ], [ -77.081726, 38.9237171 ], [ -77.0815678, 38.9246419 ], [ -77.0815547, 38.9247072 ], [ -77.0814368, 38.9253731 ], [ -77.0813428, 38.9258361 ], [ -77.0813141, 38.9259693 ], [ -77.0813042, 38.9260046 ], [ -77.0812965, 38.9260267 ], [ -77.0812789, 38.92608 ] ] } },
{ "type": "Feature", "properties": { }, "geometry": { "type": "LineString", "coordinates": [ [ -77.0798085, 38.9247005 ], [ -77.0798187, 38.9246449 ], [ -77.0799031, 38.924186 ], [ -77.0799929, 38.9236982 ], [ -77.080007, 38.9236215 ] ] } },
{ "type": "Feature", "properties": { }, "geometry": { "type": "LineString", "coordinates": [ [ -77.0808737, 38.9247032 ], [ -77.0808716, 38.9246454 ], [ -77.0808668, 38.9243819 ], [ -77.080958, 38.9243026 ], [ -77.0809653, 38.9237002 ], [ -77.0809662, 38.9236244 ] ] } },
{ "type": "Feature", "properties": { }, "geometry": { "type": "LineString", "coordinates": [ [ -77.08031, 38.924701 ], [ -77.0802236, 38.9247007 ], [ -77.079995, 38.9247 ], [ -77.0798085, 38.9247005 ], [ -77.079212, 38.924702 ], [ -77.0789775, 38.9247011 ], [ -77.078956, 38.924701 ], [ -77.078883, 38.924699 ] ] } },
{ "type": "Feature", "properties": { }, "geometry": { "type": "LineString", "coordinates": [ [ -77.0815547, 38.9247072 ], [ -77.0814744, 38.9247069 ], [ -77.0814345, 38.9247064 ], [ -77.0808737, 38.9247032 ], [ -77.08031, 38.924701 ] ] } },
{ "type": "Feature", "properties": { }, "geometry": { "type": "LineString", "coordinates": [ [ -77.075315, 38.923641 ], [ -77.075347, 38.92363 ], [ -77.0753597, 38.9236276 ], [ -77.075373, 38.923625 ], [ -77.0754, 38.923623 ], [ -77.07542, 38.923622 ], [ -77.075875, 38.9236239 ], [ -77.076418, 38.923625 ], [ -77.0767628, 38.9236246 ], [ -77.0771486, 38.9236241 ], [ -77.077253, 38.923624 ], [ -77.0773602, 38.9236237 ], [ -77.078058, 38.923622 ], [ -77.078852, 38.923624 ], [ -77.0790123, 38.9236231 ], [ -77.079582, 38.92362 ], [ -77.080007, 38.9236215 ], [ -77.0804149, 38.9236229 ], [ -77.080509, 38.923624 ], [ -77.0805964, 38.9236241 ], [ -77.0809662, 38.9236244 ], [ -77.0810131, 38.9236244 ], [ -77.081617, 38.923625 ], [ -77.081652, 38.923627 ], [ -77.0816707, 38.9236285 ], [ -77.081742, 38.923634 ] ] } },
{ "type": "Feature", "properties": { }, "geometry": { "type": "LineString", "coordinates": [ [ -77.0767628, 38.9236246 ], [ -77.0767579, 38.9236964 ], [ -77.0767571, 38.9237085 ], [ -77.0767607, 38.9237481 ], [ -77.0768138, 38.9238972 ], [ -77.076803, 38.9239556 ], [ -77.0767746, 38.923973 ], [ -77.0766816, 38.9240026 ], [ -77.0766394, 38.9240161 ], [ -77.0765026, 38.9239848 ], [ -77.0762156, 38.9240662 ], [ -77.0760896, 38.9240474 ], [ -77.0760198, 38.9240015 ], [ -77.0758974, 38.923796 ], [ -77.0758831, 38.923772 ], [ -77.0758765, 38.9236966 ], [ -77.0758752, 38.9236819 ], [ -77.075875, 38.9236239 ] ] } },
{ "type": "Feature", "properties": { }, "geometry": { "type": "LineString", "coordinates": [ [ -77.0782831, 38.9245939 ], [ -77.078194, 38.924563 ], [ -77.078132, 38.924538 ], [ -77.078042, 38.924495 ], [ -77.077985, 38.924464 ], [ -77.077957, 38.924447 ], [ -77.077925, 38.92443 ], [ -77.077894, 38.924412 ], [ -77.0778505, 38.9243865 ], [ -77.077776, 38.924332 ], [ -77.077723, 38.924288 ], [ -77.077698, 38.924265 ], [ -77.077674, 38.924241 ], [ -77.077646, 38.924216 ], [ -77.077596, 38.924165 ], [ -77.077574, 38.924138 ], [ -77.077553, 38.92411 ], [ -77.077529, 38.92408 ], [ -77.077485, 38.924018 ], [ -77.077423, 38.923924 ], [ -77.077385, 38.92386 ], [ -77.0772931, 38.9236957 ], [ -77.077253, 38.923624 ] ] } },
{ "type": "Feature", "properties": { }, "geometry": { "type": "LineString", "coordinates": [ [ -77.0766816, 38.9240026 ], [ -77.0769306, 38.9244674 ] ] } },
{ "type": "Feature", "properties": { }, "geometry": { "type": "LineString", "coordinates": [ [ -77.0799031, 38.924186 ], [ -77.0793739, 38.9241817 ], [ -77.078816, 38.9241772 ], [ -77.0781106, 38.9241716 ], [ -77.0779052, 38.9243413 ], [ -77.0778505, 38.9243865 ] ] } },
{ "type": "Feature", "properties": { }, "geometry": { "type": "LineString", "coordinates": [ [ -77.0759739, 38.924809 ], [ -77.0760222, 38.9247966 ], [ -77.0760349, 38.9247933 ], [ -77.0761903, 38.9247533 ], [ -77.0765188, 38.9246729 ], [ -77.0767562, 38.9245634 ], [ -77.0766288, 38.9243641 ] ] } },
{ "type": "Feature", "properties": { }, "geometry": { "type": "LineString", "coordinates": [ [ -77.078548, 38.924669 ], [ -77.078474, 38.924654 ], [ -77.0782831, 38.9245939 ] ] } },
{ "type": "Feature", "properties": { }, "geometry": { "type": "LineString", "coordinates": [ [ -77.078883, 38.924699 ], [ -77.078757, 38.924694 ], [ -77.078691, 38.92469 ], [ -77.078647, 38.924685 ], [ -77.078548, 38.924669 ] ] } },
{ "type": "Feature", "properties": { }, "geometry": { "type": "LineString", "coordinates": [ [ -77.078159, 38.9249119 ], [ -77.0778479, 38.9248086 ] ] } },
{ "type": "Feature", "properties": { }, "geometry": { "type": "LineString", "coordinates": [ [ -77.078548, 38.924669 ], [ -77.078601, 38.924709 ], [ -77.078686, 38.924783 ], [ -77.07872, 38.924816 ], [ -77.07875, 38.92485 ], [ -77.078778, 38.924886 ], [ -77.078803, 38.924923 ], [ -77.078825, 38.924962 ], [ -77.078843, 38.925001 ], [ -77.078858, 38.925042 ], [ -77.07887, 38.925082 ], [ -77.078879, 38.925124 ] ] } },
{ "type": "Feature", "properties": { }, "geometry": { "type": "LineString", "coordinates": [ [ -77.078879, 38.925124 ], [ -77.0788794, 38.9249755 ], [ -77.07888, 38.924776 ], [ -77.078883, 38.924699 ] ] } },
{ "type": "Feature", "properties": { }, "geometry": { "type": "LineString", "coordinates": [ [ -77.0782831, 38.9245939 ], [ -77.0782587, 38.9246564 ], [ -77.078159, 38.9249119 ], [ -77.0781389, 38.9250663 ], [ -77.0782784, 38.9251153 ], [ -77.0782261, 38.9253553 ] ] } },
{ "type": "Feature", "properties": { }, "geometry": { "type": "LineString", "coordinates": [ [ -77.076547, 38.9251477 ], [ -77.0763418, 38.9250945 ], [ -77.0761849, 38.9248169 ] ] } },
{ "type": "Feature", "properties": { }, "geometry": { "type": "LineString", "coordinates": [ [ -77.0781389, 38.9250663 ], [ -77.0777674, 38.9249515 ] ] } },
{ "type": "Feature", "properties": { }, "geometry": { "type": "LineString", "coordinates": [ [ -77.076547, 38.9251477 ], [ -77.0769319, 38.9252144 ], [ -77.077345, 38.9253428 ], [ -77.0774187, 38.9252896 ], [ -77.0775877, 38.9249359 ], [ -77.0775386, 38.9249046 ], [ -77.0771638, 38.9247837 ] ] } },
{ "type": "Feature", "properties": { }, "geometry": { "type": "LineString", "coordinates": [ [ -77.078601, 38.924709 ], [ -77.0785327, 38.9247641 ], [ -77.0784245, 38.9248514 ], [ -77.0784098, 38.9254826 ] ] } },
{ "type": "Feature", "properties": { }, "geometry": { "type": "LineString", "coordinates": [ [ -77.076101, 38.92503 ], [ -77.076142, 38.925076 ], [ -77.076161, 38.925096 ], [ -77.0761746, 38.9251079 ], [ -77.076193, 38.925124 ], [ -77.0762141, 38.9251387 ], [ -77.076229, 38.925149 ], [ -77.076248, 38.925161 ], [ -77.076288, 38.925182 ], [ -77.076309, 38.925191 ], [ -77.076331, 38.925199 ], [ -77.0763749, 38.9252125 ], [ -77.076492, 38.9252486 ] ] } },
{ "type": "Feature", "properties": { }, "geometry": { "type": "LineString", "coordinates": [ [ -77.0763418, 38.9250945 ], [ -77.0763271, 38.9251378 ], [ -77.0763202, 38.9251581 ], [ -77.076309, 38.925191 ] ] } },
{ "type": "Feature", "properties": { }, "geometry": { "type": "LineString", "coordinates": [ [ -77.0761754, 38.9251855 ], [ -77.0762141, 38.9251387 ] ] } },
{ "type": "Feature", "properties": { }, "geometry": { "type": "LineString", "coordinates": [ [ -77.076492, 38.9252486 ], [ -77.0765085, 38.9252184 ], [ -77.0765179, 38.9252012 ], [ -77.076547, 38.9251477 ] ] } },
{ "type": "Feature", "properties": { }, "geometry": { "type": "LineString", "coordinates": [ [ -77.0791058, 38.9249781 ], [ -77.0789646, 38.9249765 ], [ -77.0788794, 38.9249755 ] ] } },
{ "type": "Feature", "properties": { }, "geometry": { "type": "LineString", "coordinates": [ [ -77.0788783, 38.9252228 ], [ -77.0789617, 38.9252235 ], [ -77.0790951, 38.9252245 ], [ -77.0795511, 38.925228 ] ] } },
{ "type": "Feature", "properties": { }, "geometry": { "type": "LineString", "coordinates": [ [ -77.0814368, 38.9253731 ], [ -77.0813552, 38.9253597 ], [ -77.0811686, 38.9253222 ] ] } },
{ "type": "Feature", "properties": { }, "geometry": { "type": "MultiLineString", "coordinates": [ [ [ -77.0810766, 38.9258112 ], [ -77.0811573, 38.9253823 ], [ -77.0811686, 38.9253222 ], [ -77.0812342, 38.9249734 ], [ -77.0812285, 38.9249515 ], [ -77.0810652, 38.9249512 ] ], [ [ -77.0810652, 38.9249512 ], [ -77.0801867, 38.9249494 ], [ -77.079142, 38.9249473 ], [ -77.0791058, 38.9249651 ], [ -77.0791058, 38.9249781 ], [ -77.0791058, 38.9250329 ], [ -77.0791313, 38.9250538 ], [ -77.0801745, 38.925055 ], [ -77.0810209, 38.9250559 ], [ -77.0810424, 38.9250454 ], [ -77.0810652, 38.9249512 ] ] ] } },
{ "type": "Feature", "properties": { }, "geometry": { "type": "LineString", "coordinates": [ [ -77.0790951, 38.9252245 ], [ -77.0790777, 38.9253094 ], [ -77.0790777, 38.9253657 ], [ -77.0790884, 38.9254221 ], [ -77.0791125, 38.9254763 ], [ -77.0791461, 38.9255274 ], [ -77.0791782, 38.9255671 ] ] } },
{ "type": "Feature", "properties": { }, "geometry": { "type": "LineString", "coordinates": [ [ -77.0811573, 38.9253823 ], [ -77.0810303, 38.925372 ], [ -77.0810162, 38.9253824 ], [ -77.0809713, 38.9256474 ] ] } },
{ "type": "Feature", "properties": { }, "geometry": { "type": "LineString", "coordinates": [ [ -77.0804529, 38.9259267 ], [ -77.0804542, 38.9259051 ], [ -77.0804565, 38.9258674 ], [ -77.0804629, 38.9257626 ], [ -77.080457, 38.9257027 ], [ -77.0804502, 38.9256671 ], [ -77.0804147, 38.9255374 ], [ -77.0803913, 38.925505 ], [ -77.0803572, 38.9254765 ], [ -77.0803183, 38.9254541 ], [ -77.0802726, 38.9254388 ], [ -77.0802284, 38.9254337 ], [ -77.0801774, 38.9254346 ], [ -77.0801332, 38.9254416 ], [ -77.0800875, 38.9254591 ], [ -77.0800541, 38.9254801 ], [ -77.0800273, 38.9255073 ], [ -77.0799654, 38.9256136 ], [ -77.0799004, 38.9257844 ], [ -77.0798933, 38.9258198 ], [ -77.0799033, 38.9258594 ], [ -77.0799089, 38.9258754 ] ] } },
{ "type": "Feature", "properties": { }, "geometry": { "type": "LineString", "coordinates": [ [ -77.0813428, 38.9258361 ], [ -77.0812664, 38.925829 ], [ -77.0810766, 38.9258112 ], [ -77.0805408, 38.9257688 ], [ -77.0804629, 38.9257626 ], [ -77.0803356, 38.9257476 ], [ -77.0802659, 38.9257403 ], [ -77.0801801, 38.9257257 ], [ -77.0801036, 38.9257043 ], [ -77.0800607, 38.925685 ], [ -77.0800285, 38.9256631 ], [ -77.0799936, 38.9256266 ], [ -77.0799654, 38.9256136 ] ] } },
{ "type": "Feature", "properties": { }, "geometry": { "type": "LineString", "coordinates": [ [ -77.0792776, 38.9258224 ], [ -77.0790989, 38.9258126 ], [ -77.078989, 38.9258049 ], [ -77.0788752, 38.9258272 ] ] } },
{ "type": "Feature", "properties": { }, "geometry": { "type": "LineString", "coordinates": [ [ -77.0799089, 38.9258754 ], [ -77.0798846, 38.9258742 ], [ -77.0794257, 38.9258342 ], [ -77.0792776, 38.9258224 ] ] } },
{ "type": "Feature", "properties": { }, "geometry": { "type": "LineString", "coordinates": [ [ -77.0788783, 38.9252228 ], [ -77.0787908, 38.92526 ], [ -77.0787709, 38.9252684 ], [ -77.07874, 38.9252876 ], [ -77.0787274, 38.9253104 ], [ -77.0787211, 38.9254043 ], [ -77.0787268, 38.9254551 ], [ -77.0787528, 38.9255043 ], [ -77.0787865, 38.9255286 ], [ -77.0788075, 38.9255437 ], [ -77.0788764, 38.9255602 ] ] } },
{ "type": "Feature", "properties": { }, "geometry": { "type": "LineString", "coordinates": [ [ -77.0761023, 38.9253759 ], [ -77.0763767, 38.9254659 ] ] } },
{ "type": "Feature", "properties": { }, "geometry": { "type": "LineString", "coordinates": [ [ -77.076492, 38.9252486 ], [ -77.077058, 38.925421 ], [ -77.0776792, 38.9256154 ], [ -77.0777386, 38.925634 ] ] } },
{ "type": "Feature", "properties": { }, "geometry": { "type": "LineString", "coordinates": [ [ -77.0788752, 38.9258272 ], [ -77.0788754, 38.9257859 ], [ -77.0788756, 38.9257487 ], [ -77.0788764, 38.9255602 ], [ -77.078877, 38.925412 ], [ -77.0788783, 38.9252228 ], [ -77.078879, 38.925124 ] ] } },
{ "type": "Feature", "properties": { }, "geometry": { "type": "LineString", "coordinates": [ [ -77.0777386, 38.925634 ], [ -77.0777609, 38.9255977 ], [ -77.0777725, 38.9255788 ], [ -77.0778186, 38.9254887 ] ] } },
{ "type": "Feature", "properties": { }, "geometry": { "type": "LineString", "coordinates": [ [ -77.0777386, 38.925634 ], [ -77.0779983, 38.9257163 ] ] } },
{ "type": "Feature", "properties": { }, "geometry": { "type": "LineString", "coordinates": [ [ -77.0776792, 38.9256154 ], [ -77.0776574, 38.925675 ], [ -77.0776419, 38.9257175 ], [ -77.0778446, 38.9257839 ] ] } },
{ "type": "Feature", "properties": { }, "geometry": { "type": "LineString", "coordinates": [ [ -77.0779983, 38.9257163 ], [ -77.0781512, 38.9257655 ], [ -77.0781777, 38.9257702 ], [ -77.0782495, 38.9257831 ], [ -77.0783072, 38.925789 ], [ -77.0783618, 38.9257954 ], [ -77.0785526, 38.9258097 ], [ -77.0787569, 38.9258203 ], [ -77.0788752, 38.9258272 ] ] } },
{ "type": "Feature", "properties": { }, "geometry": { "type": "LineString", "coordinates": [ [ -77.0779903, 38.9258297 ], [ -77.0780548, 38.9258535 ], [ -77.0781104, 38.9258543 ], [ -77.0781478, 38.925834 ], [ -77.0781529, 38.9258231 ], [ -77.0781777, 38.9257702 ] ] } },
{ "type": "Feature", "properties": { }, "geometry": { "type": "LineString", "coordinates": [ [ -77.0779983, 38.9257163 ], [ -77.0779939, 38.9257789 ], [ -77.0779903, 38.9258297 ], [ -77.0779793, 38.9259865 ] ] } },
{ "type": "Feature", "properties": { }, "geometry": { "type": "LineString", "coordinates": [ [ -77.0675001, 38.9193359 ], [ -77.0675831, 38.9192515 ], [ -77.0678084, 38.9192494 ], [ -77.0678397, 38.9188625 ] ] } },
{ "type": "Feature", "properties": { }, "geometry": { "type": "LineString", "coordinates": [ [ -77.0652232, 38.9190568 ], [ -77.065407, 38.919101 ], [ -77.065711, 38.9191941 ] ] } },
{ "type": "Feature", "properties": { }, "geometry": { "type": "LineString", "coordinates": [ [ -77.068105029793557, 38.91895514505417 ], [ -77.0678397, 38.9188625 ], [ -77.0676311, 38.9188194 ], [ -77.0674004, 38.9187712 ], [ -77.0671845, 38.9187359 ], [ -77.0670873, 38.91872 ], [ -77.0669647, 38.9187182 ], [ -77.0668157, 38.918716 ], [ -77.0667517, 38.9187188 ], [ -77.0665061, 38.9187295 ], [ -77.0663695, 38.9187429 ], [ -77.0661524, 38.9187933 ], [ -77.0660221, 38.9188235 ], [ -77.065809, 38.9188896 ], [ -77.0658005, 38.9188935 ], [ -77.065681, 38.9189475 ] ] } },
{ "type": "Feature", "properties": { }, "geometry": { "type": "LineString", "coordinates": [ [ -77.065711, 38.9191941 ], [ -77.0660292, 38.9194444 ], [ -77.066271734072558, 38.919675833924011 ] ] } },
{ "type": "Feature", "properties": { }, "geometry": { "type": "LineString", "coordinates": [ [ -77.0661524, 38.9187933 ], [ -77.0667564, 38.9190123 ], [ -77.0668788, 38.9190655 ], [ -77.066952, 38.9190974 ], [ -77.0670009, 38.9191187 ], [ -77.0671491, 38.9191832 ], [ -77.0673576, 38.9192739 ], [ -77.0675001, 38.9193359 ], [ -77.06756949147136, 38.919384670420911 ] ] } },
{ "type": "Feature", "properties": { }, "geometry": { "type": "LineString", "coordinates": [ [ -77.0590588, 38.9183046 ], [ -77.0593487, 38.9185149 ], [ -77.059528, 38.918645 ], [ -77.059972, 38.918966 ], [ -77.060382230397963, 38.919266643928715 ] ] } },
{ "type": "Feature", "properties": { }, "geometry": { "type": "LineString", "coordinates": [ [ -77.05946977122143, 38.919239825148253 ], [ -77.05947, 38.919235 ], [ -77.059484, 38.918815 ], [ -77.059489, 38.918779 ], [ -77.0594939, 38.9187496 ], [ -77.059497, 38.918731 ], [ -77.059512, 38.918682 ], [ -77.059528, 38.918645 ] ] } },
{ "type": "Feature", "properties": { }, "geometry": { "type": "LineString", "coordinates": [ [ -77.0703687, 38.9202195 ], [ -77.0704185, 38.9202769 ], [ -77.0704599, 38.9203516 ], [ -77.0706337, 38.9203104 ], [ -77.0705476, 38.9201301 ], [ -77.0704698, 38.9200399 ], [ -77.0703522, 38.9199265 ], [ -77.0702463, 38.9198016 ], [ -77.0701778, 38.9197189 ] ] } },
{ "type": "Feature", "properties": { }, "geometry": { "type": "LineString", "coordinates": [ [ -77.0714365, 38.9201281 ], [ -77.071308, 38.9201664 ], [ -77.0706914, 38.9203194 ], [ -77.0706337, 38.9203104 ] ] } },
{ "type": "Feature", "properties": { }, "geometry": { "type": "LineString", "coordinates": [ [ -77.070557985196842, 38.920767304867269 ], [ -77.0715494, 38.9205089 ], [ -77.071661, 38.92048 ] ] } },
{ "type": "Feature", "properties": { }, "geometry": { "type": "LineString", "coordinates": [ [ -77.069402359205682, 38.922112513829539 ], [ -77.0694362, 38.9221187 ], [ -77.069729, 38.9221139 ], [ -77.070016, 38.9221092 ], [ -77.0702998, 38.9220902 ], [ -77.0704114, 38.922106 ] ] } },
{ "type": "Feature", "properties": { }, "geometry": { "type": "MultiLineString", "coordinates": [ [ [ -77.070588, 38.9219583 ], [ -77.0707214, 38.9219802 ], [ -77.070842, 38.9219946 ], [ -77.0711147, 38.9219913 ] ], [ [ -77.0711147, 38.9219913 ], [ -77.0712084, 38.9219902 ], [ -77.0712547, 38.9219828 ], [ -77.0712796, 38.9219563 ], [ -77.0712864, 38.9219245 ], [ -77.0712437, 38.9218845 ], [ -77.0711866, 38.92188 ], [ -77.0711366, 38.9219052 ], [ -77.0711176, 38.9219482 ], [ -77.0711147, 38.9219913 ] ] ] } },
{ "type": "Feature", "properties": { }, "geometry": { "type": "MultiLineString", "coordinates": [ [ [ -77.070514, 38.922546 ], [ -77.0705289, 38.9224849 ], [ -77.0705356, 38.9224576 ], [ -77.0705577, 38.9223642 ] ], [ [ -77.0705577, 38.9223642 ], [ -77.0706237, 38.9223205 ], [ -77.0706555, 38.9222291 ], [ -77.0707214, 38.9219802 ], [ -77.0707558, 38.9218504 ], [ -77.0707827, 38.9216734 ], [ -77.070785484375818, 38.921638640947691 ] ], [ [ -77.070628867965297, 38.921634896669829 ], [ -77.0706216, 38.9217752 ], [ -77.070588, 38.9219583 ], [ -77.0705784, 38.9220107 ], [ -77.0705022, 38.9222153 ], [ -77.0704936, 38.9222839 ], [ -77.0705195, 38.9223256 ], [ -77.0705577, 38.9223642 ] ] ] } },
{ "type": "Feature", "properties": { }, "geometry": { "type": "LineString", "coordinates": [ [ -77.069729, 38.9221139 ], [ -77.0696805, 38.9222564 ], [ -77.0695582, 38.9223613 ], [ -77.0692849, 38.9225333 ], [ -77.0691771, 38.9225473 ] ] } },
{ "type": "Feature", "properties": { }, "geometry": { "type": "LineString", "coordinates": [ [ -77.0670245, 38.9234827 ], [ -77.06701192496871, 38.923438905875564 ] ] } },
{ "type": "Feature", "properties": { }, "geometry": { "type": "LineString", "coordinates": [ [ -77.065264950567396, 38.924018606743104 ], [ -77.0653931, 38.9240728 ], [ -77.0654963, 38.924113 ], [ -77.0656272, 38.9241583 ] ] } },
{ "type": "Feature", "properties": { }, "geometry": { "type": "MultiLineString", "coordinates": [ [ [ -77.066265140894984, 38.923420119505622 ], [ -77.0662733, 38.9236965 ], [ -77.0663086, 38.9237454 ], [ -77.0663111, 38.9238675 ], [ -77.0663121, 38.9240121 ] ], [ [ -77.0663121, 38.9240121 ], [ -77.0662848, 38.9240193 ], [ -77.0662632, 38.9240341 ], [ -77.0662497, 38.9240566 ], [ -77.0662487, 38.9240765 ], [ -77.0662579, 38.9240977 ], [ -77.0662769, 38.9241145 ], [ -77.0663028, 38.9241244 ], [ -77.0663445, 38.9241235 ], [ -77.0663587, 38.9241186 ], [ -77.0663803, 38.9241038 ], [ -77.066393, 38.9240837 ], [ -77.0663949, 38.9240614 ], [ -77.0663856, 38.9240402 ], [ -77.0663666, 38.9240234 ], [ -77.0663408, 38.9240135 ], [ -77.0663121, 38.9240121 ] ] ] } },
{ "type": "Feature", "properties": { }, "geometry": { "type": "LineString", "coordinates": [ [ -77.070513013304151, 38.921632944992616 ], [ -77.0705131, 38.9216393 ], [ -77.0704114, 38.922106 ], [ -77.0702782, 38.9224586 ], [ -77.0700464, 38.9228125 ], [ -77.0697835, 38.923087 ], [ -77.0696931, 38.9231673 ], [ -77.0696486, 38.9232068 ], [ -77.0691885, 38.9235298 ], [ -77.0688667, 38.9235715 ], [ -77.0687817, 38.9235947 ], [ -77.0686159, 38.9236401 ], [ -77.0684283, 38.9237335 ], [ -77.0683564, 38.9237693 ], [ -77.0680866, 38.9238635 ], [ -77.0677925, 38.9239267 ], [ -77.0676922, 38.9239227 ], [ -77.0675919, 38.9238958 ], [ -77.0675002, 38.9238164 ], [ -77.0673324, 38.9236105 ], [ -77.0672598, 38.9234948 ], [ -77.067209372109602, 38.923401597232377 ] ] } },
{ "type": "Feature", "properties": { }, "geometry": { "type": "LineString", "coordinates": [ [ -77.070514, 38.922546 ], [ -77.070485, 38.922547 ], [ -77.070459, 38.922551 ], [ -77.070433, 38.922562 ], [ -77.070409, 38.922583 ], [ -77.07033, 38.922714 ], [ -77.070276, 38.922799 ], [ -77.070247, 38.922841 ], [ -77.070186, 38.922923 ], [ -77.070122, 38.923004 ], [ -77.070053, 38.923082 ], [ -77.069979, 38.923161 ], [ -77.0699, 38.923241 ], [ -77.06986, 38.92328 ], [ -77.069775, 38.923356 ], [ -77.069732, 38.923393 ], [ -77.069643, 38.923465 ], [ -77.0695809, 38.9235116 ], [ -77.069547, 38.923537 ], [ -77.0694935, 38.9235725 ] ] } },
{ "type": "Feature", "properties": { }, "geometry": { "type": "LineString", "coordinates": [ [ -77.070884, 38.922545 ], [ -77.0708845, 38.922622 ], [ -77.0708846, 38.9229999 ], [ -77.0708854, 38.9235732 ], [ -77.0708855, 38.9236195 ] ] } },
{ "type": "Feature", "properties": { }, "geometry": { "type": "LineString", "coordinates": [ [ -77.0703228, 38.9236199 ], [ -77.0703228, 38.9235735 ], [ -77.0703228, 38.9235299 ], [ -77.0707627, 38.9230312 ], [ -77.0708154, 38.9230038 ], [ -77.0708846, 38.9229999 ] ] } },
{ "type": "Feature", "properties": { }, "geometry": { "type": "LineString", "coordinates": [ [ -77.0686986, 38.9234763 ], [ -77.0687817, 38.9235947 ] ] } },
{ "type": "Feature", "properties": { }, "geometry": { "type": "LineString", "coordinates": [ [ -77.0694935, 38.9235725 ], [ -77.0693461, 38.9235683 ], [ -77.0691885, 38.9235298 ] ] } },
{ "type": "Feature", "properties": { }, "geometry": { "type": "LineString", "coordinates": [ [ -77.0703228, 38.9236199 ], [ -77.0696155, 38.9236205 ], [ -77.0695815, 38.9236155 ], [ -77.0695628, 38.9236098 ], [ -77.0695485, 38.9236055 ], [ -77.0695195, 38.9235905 ], [ -77.0694935, 38.9235725 ] ] } },
{ "type": "Feature", "properties": { }, "geometry": { "type": "LineString", "coordinates": [ [ -77.0708855, 38.9236195 ], [ -77.0708139, 38.9236196 ], [ -77.0703228, 38.9236199 ] ] } },
{ "type": "Feature", "properties": { }, "geometry": { "type": "LineString", "coordinates": [ [ -77.0694935, 38.9235725 ], [ -77.069339, 38.923675 ], [ -77.069229, 38.923739 ], [ -77.069117, 38.923799 ], [ -77.069003, 38.923857 ] ] } },
{ "type": "Feature", "properties": { }, "geometry": { "type": "LineString", "coordinates": [ [ -77.0689013, 38.9246989 ], [ -77.0689038, 38.924647 ], [ -77.0689147, 38.9244188 ], [ -77.0695128, 38.9241663 ], [ -77.070809, 38.9241604 ], [ -77.0708858, 38.9241601 ] ] } },
{ "type": "Feature", "properties": { }, "geometry": { "type": "LineString", "coordinates": [ [ -77.0663086, 38.9237454 ], [ -77.0663259, 38.9237066 ], [ -77.0663414, 38.9236993 ], [ -77.0663898, 38.9236766 ], [ -77.0664407, 38.9236653 ], [ -77.066823, 38.9236298 ], [ -77.0668907, 38.9236324 ] ] } },
{ "type": "Feature", "properties": { }, "geometry": { "type": "LineString", "coordinates": [ [ -77.0683797, 38.923653 ], [ -77.0684283, 38.9237335 ] ] } },
{ "type": "Feature", "properties": { }, "geometry": { "type": "LineString", "coordinates": [ [ -77.069003, 38.923857 ], [ -77.068889, 38.923912 ], [ -77.068831, 38.923938 ], [ -77.068712, 38.923987 ], [ -77.068591, 38.924032 ], [ -77.068467, 38.924074 ], [ -77.068317, 38.924122 ], [ -77.068215, 38.924151 ], [ -77.068112, 38.924177 ], [ -77.067956, 38.924211 ], [ -77.067564, 38.924274 ], [ -77.067363, 38.924308 ], [ -77.067331, 38.924317 ] ] } },
{ "type": "Feature", "properties": { }, "geometry": { "type": "LineString", "coordinates": [ [ -77.0653931, 38.9240728 ], [ -77.0653336, 38.9241808 ], [ -77.0652343, 38.924358 ] ] } },
{ "type": "Feature", "properties": { }, "geometry": { "type": "LineString", "coordinates": [ [ -77.0663445, 38.9241235 ], [ -77.0663527, 38.9242096 ], [ -77.0663653, 38.92432 ] ] } },
{ "type": "Feature", "properties": { }, "geometry": { "type": "LineString", "coordinates": [ [ -77.0656272, 38.9241583 ], [ -77.0656399, 38.9241616 ], [ -77.0658998, 38.9242321 ], [ -77.0660621, 38.9242667 ], [ -77.066218, 38.9242973 ], [ -77.0663653, 38.92432 ] ] } },
{ "type": "Feature", "properties": { }, "geometry": { "type": "LineString", "coordinates": [ [ -77.0660621, 38.9242667 ], [ -77.0660206, 38.9243787 ], [ -77.0660054, 38.9244239 ], [ -77.0659857, 38.9244597 ], [ -77.0659504, 38.924485 ], [ -77.0658644, 38.924489 ], [ -77.0655908, 38.9244298 ], [ -77.065564, 38.9244001 ], [ -77.0655635, 38.9243614 ], [ -77.0655977, 38.9242719 ], [ -77.0656399, 38.9241616 ] ] } },
{ "type": "Feature", "properties": { }, "geometry": { "type": "LineString", "coordinates": [ [ -77.0663653, 38.92432 ], [ -77.0664734, 38.9243338 ], [ -77.066556, 38.9243412 ], [ -77.066632, 38.924348 ], [ -77.0667248, 38.9243588 ] ] } },
{ "type": "Feature", "properties": { }, "geometry": { "type": "LineString", "coordinates": [ [ -77.0667248, 38.9243588 ], [ -77.0668054, 38.9243683 ], [ -77.066931, 38.924383 ] ] } },
{ "type": "Feature", "properties": { }, "geometry": { "type": "LineString", "coordinates": [ [ -77.067331, 38.924317 ], [ -77.067302, 38.924331 ], [ -77.067276, 38.924349 ], [ -77.0672698, 38.9243552 ], [ -77.067255, 38.92437 ], [ -77.0672267, 38.9244369 ] ] } },
{ "type": "Feature", "properties": { }, "geometry": { "type": "LineString", "coordinates": [ [ -77.066931, 38.924383 ], [ -77.0672267, 38.9244369 ] ] } },
{ "type": "Feature", "properties": { }, "geometry": { "type": "LineString", "coordinates": [ [ -77.0668054, 38.9243683 ], [ -77.0667909, 38.924482 ], [ -77.0667867, 38.9245149 ], [ -77.0667724, 38.9245366 ], [ -77.0667382, 38.924559 ], [ -77.0666915, 38.9245743 ], [ -77.0666547, 38.9245736 ], [ -77.0666098, 38.9245632 ], [ -77.0665846, 38.9245436 ], [ -77.0665676, 38.9245191 ], [ -77.0665568, 38.9244891 ], [ -77.0665566, 38.9244606 ], [ -77.066556, 38.9243412 ] ] } },
{ "type": "Feature", "properties": { }, "geometry": { "type": "LineString", "coordinates": [ [ -77.0663653, 38.92432 ], [ -77.066381, 38.9244487 ], [ -77.0663824, 38.9247241 ] ] } },
{ "type": "Feature", "properties": { }, "geometry": { "type": "LineString", "coordinates": [ [ -77.067579, 38.924574 ], [ -77.0676309, 38.9245126 ], [ -77.0677078, 38.9244702 ], [ -77.067797, 38.9244625 ], [ -77.0678925, 38.9244837 ], [ -77.0679495, 38.9245155 ], [ -77.0680177, 38.9245753 ], [ -77.0680286, 38.9246483 ], [ -77.0680363, 38.9246999 ] ] } },
{ "type": "Feature", "properties": { }, "geometry": { "type": "LineString", "coordinates": [ [ -77.0672267, 38.9244369 ], [ -77.067579, 38.924574 ], [ -77.06762, 38.924594 ], [ -77.067693, 38.924632 ], [ -77.067798, 38.924694 ], [ -77.067831, 38.924716 ], [ -77.06788, 38.924752 ] ] } },
{ "type": "Feature", "properties": { }, "geometry": { "type": "MultiLineString", "coordinates": [ [ [ -77.0663824, 38.9249241 ], [ -77.066287, 38.9249208 ], [ -77.0662456, 38.9249193 ], [ -77.0661721, 38.9249081 ], [ -77.0660035, 38.924862 ] ], [ [ -77.0660035, 38.924862 ], [ -77.0658899, 38.924831 ], [ -77.0659518, 38.9246592 ], [ -77.0660719, 38.9246891 ], [ -77.0660035, 38.924862 ] ] ] } },
{ "type": "Feature", "properties": { }, "geometry": { "type": "LineString", "coordinates": [ [ -77.06788, 38.924752 ], [ -77.0681778, 38.9249675 ], [ -77.068694, 38.925341 ] ] } },
{ "type": "Feature", "properties": { }, "geometry": { "type": "LineString", "coordinates": [ [ -77.065221188291346, 38.925300141218514 ], [ -77.065273, 38.925339 ], [ -77.065329, 38.925376 ], [ -77.065388, 38.925411 ], [ -77.065676, 38.925576 ], [ -77.065716, 38.925602 ], [ -77.065753, 38.925632 ], [ -77.06577, 38.925647 ], [ -77.065786, 38.925663 ], [ -77.065815, 38.925697 ], [ -77.0658675, 38.9257695 ] ] } },
{ "type": "Feature", "properties": { }, "geometry": { "type": "LineString", "coordinates": [ [ -77.0681778, 38.9249675 ], [ -77.0680938, 38.9250396 ], [ -77.0678129, 38.9252804 ] ] } },
{ "type": "Feature", "properties": { }, "geometry": { "type": "LineString", "coordinates": [ [ -77.0663825, 38.9257681 ], [ -77.0664711, 38.9257686 ], [ -77.0669516, 38.9257716 ], [ -77.0669485, 38.9250249 ], [ -77.0674343, 38.9250207 ], [ -77.0675092, 38.92502 ] ] } },
{ "type": "Feature", "properties": { }, "geometry": { "type": "LineString", "coordinates": [ [ -77.0663824, 38.9247241 ], [ -77.0663824, 38.9249241 ], [ -77.0663825, 38.9257681 ], [ -77.0663817, 38.9261176 ], [ -77.0663818, 38.926183 ] ] } },
{ "type": "Feature", "properties": { }, "geometry": { "type": "LineString", "coordinates": [ [ -77.0669516, 38.9257716 ], [ -77.0674441, 38.9257749 ], [ -77.0675082, 38.9257753 ] ] } },
{ "type": "Feature", "properties": { }, "geometry": { "type": "LineString", "coordinates": [ [ -77.0658675, 38.9257695 ], [ -77.066004, 38.925963 ], [ -77.066032, 38.925999 ], [ -77.066047, 38.926017 ], [ -77.066096, 38.926068 ], [ -77.066131, 38.9261 ], [ -77.066152, 38.926116 ], [ -77.066175, 38.92613 ], [ -77.0662, 38.926143 ], [ -77.066225, 38.926154 ], [ -77.0662479, 38.9261619 ], [ -77.0662815, 38.9261713 ], [ -77.0663171, 38.9261768 ], [ -77.0663818, 38.926183 ] ] } },
{ "type": "Feature", "properties": { }, "geometry": { "type": "LineString", "coordinates": [ [ -77.067579, 38.924574 ], [ -77.067556, 38.924597 ], [ -77.067537, 38.924623 ], [ -77.067523, 38.924651 ], [ -77.067518, 38.9246655 ], [ -77.067513, 38.92468 ], [ -77.067509, 38.924709 ], [ -77.0675092, 38.92502 ], [ -77.0675094, 38.9252598 ], [ -77.0675082, 38.9257753 ], [ -77.0675087, 38.926142 ], [ -77.0675094, 38.9261889 ], [ -77.0675085, 38.9262336 ], [ -77.0675062, 38.9266099 ], [ -77.067505, 38.9271086 ], [ -77.0675042, 38.9274435 ], [ -77.067504, 38.9275313 ] ] } },
{ "type": "Feature", "properties": { }, "geometry": { "type": "LineString", "coordinates": [ [ -77.0663818, 38.926183 ], [ -77.0664316, 38.9261856 ], [ -77.0664871, 38.9261883 ], [ -77.066527, 38.9261885 ], [ -77.0674555, 38.9261891 ], [ -77.0675094, 38.9261889 ], [ -77.0675679, 38.9261898 ], [ -77.0680698, 38.9261897 ], [ -77.0685574, 38.9261822 ], [ -77.0686364, 38.926181 ], [ -77.0687188, 38.926181 ], [ -77.0695887, 38.926181 ], [ -77.0696644, 38.926181 ], [ -77.069847, 38.926181 ] ] } },
{ "type": "Feature", "properties": { }, "geometry": { "type": "LineString", "coordinates": [ [ -77.0680776, 38.9271118 ], [ -77.0680703, 38.9262495 ], [ -77.0680698, 38.9261897 ], [ -77.0680698, 38.9261341 ], [ -77.0680696, 38.9256689 ], [ -77.0675895, 38.9253183 ], [ -77.0675094, 38.9252598 ] ] } },
{ "type": "Feature", "properties": { }, "geometry": { "type": "LineString", "coordinates": [ [ -77.0663832, 38.9266081 ], [ -77.0664778, 38.9266079 ], [ -77.0669431, 38.9266068 ], [ -77.0674402, 38.9266095 ], [ -77.0675062, 38.9266099 ] ] } },
{ "type": "Feature", "properties": { }, "geometry": { "type": "LineString", "coordinates": [ [ -77.0663827, 38.9267451 ], [ -77.0662859, 38.9267394 ], [ -77.0660837, 38.926722 ], [ -77.0660153, 38.9268097 ] ] } },
{ "type": "Feature", "properties": { }, "geometry": { "type": "LineString", "coordinates": [ [ -77.065259, 38.9275306 ], [ -77.0652588, 38.9276228 ], [ -77.0652587, 38.9276442 ], [ -77.065258473230017, 38.927728756860105 ] ] } },
{ "type": "Feature", "properties": { }, "geometry": { "type": "LineString", "coordinates": [ [ -77.0669565, 38.9271066 ], [ -77.0669431, 38.9266068 ] ] } },
{ "type": "Feature", "properties": { }, "geometry": { "type": "LineString", "coordinates": [ [ -77.0663818, 38.926183 ], [ -77.0663832, 38.9266081 ], [ -77.0663827, 38.9267451 ], [ -77.066383, 38.926892 ], [ -77.0663841, 38.9271066 ], [ -77.0663862, 38.9274435 ], [ -77.0663868, 38.9275309 ] ] } },
{ "type": "Feature", "properties": { }, "geometry": { "type": "LineString", "coordinates": [ [ -77.0686396, 38.9271149 ], [ -77.0685556, 38.9271144 ], [ -77.0680776, 38.9271118 ], [ -77.0675833, 38.927109 ], [ -77.067505, 38.9271086 ], [ -77.0674333, 38.9271083 ], [ -77.0669565, 38.9271066 ], [ -77.0664808, 38.9271066 ], [ -77.0663841, 38.9271066 ] ] } },
{ "type": "Feature", "properties": { }, "geometry": { "type": "LineString", "coordinates": [ [ -77.0663841, 38.9271066 ], [ -77.0662864, 38.9271047 ], [ -77.0662142, 38.9271033 ], [ -77.0660927, 38.9271298 ], [ -77.0659798, 38.9272209 ], [ -77.065901, 38.9273138 ], [ -77.0658849, 38.9273808 ], [ -77.065886, 38.9274429 ], [ -77.0658876, 38.9275316 ] ] } },
{ "type": "Feature", "properties": { }, "geometry": { "type": "LineString", "coordinates": [ [ -77.065219148255025, 38.927530501357062 ], [ -77.065259, 38.9275306 ], [ -77.0658876, 38.9275316 ], [ -77.0662972, 38.9275314 ], [ -77.0663868, 38.9275309 ], [ -77.0664817, 38.9275309 ], [ -77.067504, 38.9275313 ], [ -77.0685719, 38.9275245 ], [ -77.0686551, 38.9275239 ], [ -77.0687362, 38.927524 ], [ -77.0697165, 38.927525 ], [ -77.0699594, 38.927525 ] ] } },
{ "type": "Feature", "properties": { }, "geometry": { "type": "LineString", "coordinates": [ [ -77.065370317119857, 38.927943323568641 ], [ -77.0658312, 38.9279467 ], [ -77.0663119, 38.9279478 ], [ -77.0663941, 38.927948 ] ] } },
{ "type": "Feature", "properties": { }, "geometry": { "type": "LineString", "coordinates": [ [ -77.065823891721607, 38.928287647074896 ], [ -77.0658312, 38.9279467 ] ] } },
{ "type": "Feature", "properties": { }, "geometry": { "type": "LineString", "coordinates": [ [ -77.0663868, 38.9275309 ], [ -77.0663881, 38.9276279 ], [ -77.0663941, 38.927948 ], [ -77.066395060012624, 38.928396805902402 ] ] } },
{ "type": "Feature", "properties": { }, "geometry": { "type": "LineString", "coordinates": [ [ -77.1020068, 38.9196496 ], [ -77.102268, 38.9194981 ], [ -77.1024183, 38.919421 ], [ -77.1024903, 38.9193179 ], [ -77.1025211, 38.9191742 ] ] } },
{ "type": "Feature", "properties": { }, "geometry": { "type": "LineString", "coordinates": [ [ -77.1008669, 38.9194373 ], [ -77.1009383, 38.9195498 ], [ -77.1009975, 38.9196374 ] ] } },
{ "type": "Feature", "properties": { }, "geometry": { "type": "LineString", "coordinates": [ [ -77.1009975, 38.9196374 ], [ -77.1010277, 38.9197034 ] ] } },
{ "type": "Feature", "properties": { }, "geometry": { "type": "LineString", "coordinates": [ [ -77.1010277, 38.9197034 ], [ -77.1010528, 38.919746 ] ] } },
{ "type": "Feature", "properties": { }, "geometry": { "type": "LineString", "coordinates": [ [ -77.1015657, 38.9198788 ], [ -77.1020068, 38.9196496 ] ] } },
{ "type": "Feature", "properties": { }, "geometry": { "type": "LineString", "coordinates": [ [ -77.1010528, 38.919746 ], [ -77.1011328, 38.919841 ], [ -77.1012134, 38.9198832 ], [ -77.1012872, 38.9198991 ], [ -77.1013853, 38.9199106 ], [ -77.1014783, 38.9199052 ], [ -77.1015657, 38.9198788 ] ] } },
{ "type": "Feature", "properties": { }, "geometry": { "type": "LineString", "coordinates": [ [ -77.100754, 38.920626 ], [ -77.100725, 38.92062 ], [ -77.100695, 38.920619 ], [ -77.100665, 38.920625 ], [ -77.100641, 38.92064 ], [ -77.100386, 38.920947 ], [ -77.100119, 38.92126 ], [ -77.099808, 38.921629 ], [ -77.099566, 38.92191 ], [ -77.099529, 38.921952 ], [ -77.0994709, 38.9220332 ], [ -77.0993765, 38.9221309 ] ] } },
{ "type": "Feature", "properties": { }, "geometry": { "type": "LineString", "coordinates": [ [ -77.100754, 38.920626 ], [ -77.100806, 38.920647 ], [ -77.100853, 38.920684 ], [ -77.100873, 38.920703 ], [ -77.100984, 38.920851 ], [ -77.101057, 38.920943 ], [ -77.101139, 38.921052 ], [ -77.101149, 38.921069 ], [ -77.101164, 38.921105 ], [ -77.1011703, 38.9211403 ], [ -77.1011667, 38.9211839 ], [ -77.1011577, 38.9212182 ], [ -77.1011313, 38.9212855 ], [ -77.10062, 38.922301 ], [ -77.100612066028447, 38.922319701504378 ] ] } },
{ "type": "Feature", "properties": { }, "geometry": { "type": "LineString", "coordinates": [ [ -77.1002009, 38.9223023 ], [ -77.1001458, 38.9221505 ], [ -77.1001196, 38.9220903 ], [ -77.1001247, 38.9220418 ], [ -77.1002025, 38.9219402 ], [ -77.1004688, 38.9216061 ] ] } },
{ "type": "Feature", "properties": { }, "geometry": { "type": "LineString", "coordinates": [ [ -77.0894853, 38.9209353 ], [ -77.0895292, 38.9209898 ], [ -77.0895626, 38.921025 ], [ -77.0895953, 38.9210528 ], [ -77.0896537, 38.9210873 ], [ -77.089744, 38.9211303 ], [ -77.0898226, 38.9211546 ], [ -77.089881, 38.9211673 ], [ -77.0899347, 38.9211703 ], [ -77.0899931, 38.9211606 ], [ -77.0901417, 38.9211219 ], [ -77.0902343, 38.9210976 ], [ -77.0902484, 38.9210783 ], [ -77.0902234, 38.9210225 ] ] } },
{ "type": "Feature", "properties": { }, "geometry": { "type": "LineString", "coordinates": [ [ -77.088827, 38.9212955 ], [ -77.0888635, 38.9212381 ], [ -77.0888863, 38.921133 ], [ -77.0888667, 38.9210506 ], [ -77.0888032, 38.9209594 ] ] } },
{ "type": "Feature", "properties": { }, "geometry": { "type": "LineString", "coordinates": [ [ -77.0888032, 38.9209594 ], [ -77.0886866, 38.9210078 ], [ -77.0886378, 38.9210736 ], [ -77.0886248, 38.9211484 ], [ -77.0886443, 38.9212041 ], [ -77.0886948, 38.921232 ], [ -77.088827, 38.9212955 ] ] } },
{ "type": "Feature", "properties": { }, "geometry": { "type": "LineString", "coordinates": [ [ -77.088827, 38.9212955 ], [ -77.0887951, 38.9213458 ], [ -77.0887878, 38.9213516 ], [ -77.088699, 38.9214218 ], [ -77.0885639, 38.9214662 ], [ -77.0883424, 38.9214814 ], [ -77.0875999, 38.9215105 ], [ -77.0873491, 38.9211748 ] ] } },
{ "type": "Feature", "properties": { }, "geometry": { "type": "LineString", "coordinates": [ [ -77.0892429, 38.9213721 ], [ -77.0891712, 38.9213864 ], [ -77.0891198, 38.9213967 ], [ -77.089008, 38.9214016 ], [ -77.0889179, 38.9213726 ], [ -77.0888576, 38.9213169 ], [ -77.088827, 38.9212955 ] ] } },
{ "type": "Feature", "properties": { }, "geometry": { "type": "LineString", "coordinates": [ [ -77.093097, 38.921704 ], [ -77.092845, 38.921563 ], [ -77.09282, 38.921529 ], [ -77.092835, 38.92149 ], [ -77.092878, 38.921456 ], [ -77.093048, 38.921363 ] ] } },
{ "type": "Feature", "properties": { }, "geometry": { "type": "LineString", "coordinates": [ [ -77.089296, 38.921532 ], [ -77.0892346, 38.9215531 ], [ -77.0891641, 38.9215773 ], [ -77.088853, 38.9216221 ] ] } },
{ "type": "Feature", "properties": { }, "geometry": { "type": "LineString", "coordinates": [ [ -77.091792, 38.921466 ], [ -77.091862, 38.921451 ], [ -77.091898, 38.921447 ], [ -77.091935, 38.921446 ], [ -77.091972, 38.921447 ], [ -77.092008, 38.92145 ], [ -77.092075, 38.921463 ], [ -77.092113, 38.921474 ], [ -77.092146, 38.921486 ], [ -77.092193, 38.921513 ], [ -77.092235, 38.921544 ], [ -77.092272, 38.92158 ], [ -77.092302, 38.921619 ], [ -77.092325, 38.921661 ], [ -77.092337, 38.921687 ], [ -77.092345, 38.921714 ], [ -77.092351, 38.921741 ], [ -77.092354, 38.921769 ], [ -77.09235, 38.921823 ], [ -77.092344, 38.921851 ], [ -77.092323, 38.921903 ], [ -77.092309, 38.921928 ], [ -77.092287, 38.921957 ], [ -77.092262, 38.921985 ], [ -77.092234, 38.92201 ], [ -77.092203, 38.922033 ], [ -77.092169, 38.922054 ], [ -77.092104, 38.922084 ], [ -77.092055, 38.9221 ], [ -77.092013, 38.92211 ], [ -77.091972, 38.922116 ], [ -77.091906, 38.922117 ], [ -77.09184, 38.922111 ], [ -77.091776, 38.922098 ], [ -77.091715, 38.922077 ], [ -77.091659, 38.92205 ], [ -77.091604, 38.922035 ], [ -77.091545, 38.922033 ], [ -77.091417, 38.922064 ], [ -77.091382, 38.92207 ], [ -77.091321, 38.922077 ], [ -77.090884, 38.922109 ] ] } },
{ "type": "Feature", "properties": { }, "geometry": { "type": "LineString", "coordinates": [ [ -77.0894016, 38.9219423 ], [ -77.0893498, 38.921946 ], [ -77.089318, 38.9219483 ], [ -77.089256, 38.9219518 ], [ -77.0891283, 38.9219556 ], [ -77.0890714, 38.9219518 ], [ -77.0890308, 38.9219398 ], [ -77.088999, 38.9219158 ], [ -77.088986, 38.9218829 ], [ -77.088984, 38.9218547 ], [ -77.0889868, 38.921826 ], [ -77.0890015, 38.9217994 ], [ -77.0890438, 38.9217798 ], [ -77.0891934, 38.9217433 ], [ -77.0892496, 38.9217296 ], [ -77.0892893, 38.9217209 ], [ -77.0893482, 38.9217109 ] ] } },
{ "type": "Feature", "properties": { }, "geometry": { "type": "LineString", "coordinates": [ [ -77.0891934, 38.9217433 ], [ -77.089256, 38.9219518 ] ] } },
{ "type": "Feature", "properties": { }, "geometry": { "type": "LineString", "coordinates": [ [ -77.0979676, 38.9182259 ], [ -77.0980274, 38.9182602 ], [ -77.0980842, 38.9182975 ], [ -77.0981125, 38.9183204 ], [ -77.0981457, 38.9183445 ], [ -77.098169, 38.9183631 ], [ -77.0981908, 38.9183834 ], [ -77.0982388, 38.9184322 ], [ -77.0982574, 38.918454 ], [ -77.0982757, 38.9184782 ], [ -77.0982936, 38.9185037 ], [ -77.0983089, 38.9185287 ], [ -77.0983374, 38.9185821 ], [ -77.0983526, 38.9186213 ], [ -77.0983718, 38.918686 ], [ -77.0983794, 38.9187288 ], [ -77.0983818, 38.9187493 ], [ -77.0983855, 38.9187963 ], [ -77.0983912, 38.9190034 ], [ -77.0983944, 38.9191661 ], [ -77.0984018, 38.9199745 ], [ -77.0984147, 38.9202437 ], [ -77.0984154, 38.9204822 ], [ -77.0984194, 38.9208253 ], [ -77.0984224, 38.9208527 ], [ -77.0984224, 38.9209235 ], [ -77.0984262, 38.9209628 ], [ -77.0984319, 38.9209944 ], [ -77.0984344, 38.9210324 ], [ -77.0984606, 38.9211112 ], [ -77.0984765, 38.921149 ], [ -77.0984871, 38.9211703 ], [ -77.0985101, 38.9212162 ], [ -77.0985488, 38.9212804 ], [ -77.0985722, 38.9213149 ], [ -77.0986194, 38.9213742 ], [ -77.098646, 38.9214054 ], [ -77.0988833, 38.9216419 ], [ -77.0993765, 38.9221309 ], [ -77.0994843, 38.9222323 ], [ -77.0995702, 38.9223395 ], [ -77.0996072, 38.9223845 ], [ -77.0996408, 38.9224298 ], [ -77.099676, 38.9224823 ], [ -77.0997044, 38.9225319 ], [ -77.0997324, 38.9225878 ], [ -77.0998721, 38.9228601 ], [ -77.099910937258841, 38.92293156055625 ] ] } },
{ "type": "Feature", "properties": { }, "geometry": { "type": "LineString", "coordinates": [ [ -77.096772, 38.918108 ], [ -77.096769, 38.9181844 ], [ -77.096769, 38.9191289 ], [ -77.096769, 38.919177 ], [ -77.0967688, 38.9192493 ], [ -77.096766, 38.92025 ], [ -77.096771, 38.921799 ], [ -77.09677, 38.92183 ], [ -77.096767, 38.921861 ], [ -77.096755, 38.921943 ], [ -77.096746, 38.921996 ], [ -77.096735, 38.922049 ], [ -77.096717, 38.922119 ], [ -77.096705, 38.922157 ], [ -77.09667, 38.922241 ], [ -77.09666, 38.922262 ], [ -77.096623, 38.922328 ], [ -77.09657, 38.922408 ], [ -77.09651, 38.922487 ], [ -77.096484, 38.922519 ], [ -77.096456, 38.92255 ], [ -77.096433, 38.922573 ], [ -77.096383, 38.922619 ], [ -77.096355, 38.922643 ], [ -77.096264, 38.922711 ], [ -77.096199, 38.922757 ], [ -77.096179, 38.92277 ], [ -77.09616, 38.922784 ], [ -77.09612, 38.92281 ], [ -77.096081, 38.922837 ], [ -77.095936, 38.922927 ], [ -77.095852, 38.922983 ], [ -77.095684, 38.923095 ], [ -77.095664, 38.92311 ], [ -77.095582, 38.923167 ], [ -77.095488, 38.923236 ], [ -77.095441, 38.923275 ], [ -77.095412, 38.923303 ], [ -77.095372, 38.923347 ], [ -77.095336, 38.923384 ], [ -77.095288, 38.923442 ], [ -77.095258, 38.923482 ], [ -77.095218, 38.923545 ], [ -77.095189, 38.923595 ], [ -77.095152, 38.923673 ], [ -77.095129, 38.923727 ], [ -77.09512, 38.923755 ], [ -77.095112, 38.923783 ], [ -77.0951, 38.923839 ], [ -77.095095, 38.923867 ], [ -77.095092, 38.923895 ], [ -77.095088, 38.923952 ], [ -77.095088, 38.923981 ], [ -77.09509, 38.924048 ], [ -77.095097, 38.924166 ], [ -77.095112, 38.924322 ], [ -77.095125, 38.924426 ], [ -77.095128, 38.92448 ], [ -77.095127, 38.924533 ], [ -77.095125, 38.92456 ], [ -77.095117, 38.924613 ], [ -77.095112, 38.924639 ], [ -77.095105, 38.924666 ], [ -77.095077, 38.924734 ], [ -77.095062, 38.924768 ], [ -77.095011, 38.924869 ], [ -77.094952, 38.924968 ], [ -77.094931, 38.925 ], [ -77.094885, 38.925075 ] ] } },
{ "type": "Feature", "properties": { }, "geometry": { "type": "LineString", "coordinates": [ [ -77.0938, 38.922129 ], [ -77.09383, 38.922092 ], [ -77.093856, 38.922049 ], [ -77.093877, 38.921997 ], [ -77.093884, 38.921969 ], [ -77.093888, 38.921942 ], [ -77.093888, 38.92189 ], [ -77.093884, 38.921863 ], [ -77.093878, 38.921836 ], [ -77.09387, 38.921809 ], [ -77.093847, 38.921763 ], [ -77.093816, 38.92172 ], [ -77.093773, 38.921678 ], [ -77.093723, 38.921642 ], [ -77.093669, 38.921614 ], [ -77.093619, 38.921594 ], [ -77.093562, 38.921579 ], [ -77.0935, 38.92157 ], [ -77.093433, 38.921568 ], [ -77.093363, 38.921575 ], [ -77.093328, 38.921581 ], [ -77.093271, 38.921597 ], [ -77.093224, 38.921616 ], [ -77.09317, 38.921644 ], [ -77.093128, 38.921675 ], [ -77.093097, 38.921704 ], [ -77.093062, 38.921746 ], [ -77.09304, 38.921787 ], [ -77.093023, 38.921831 ], [ -77.093013, 38.92188 ], [ -77.09301, 38.921909 ], [ -77.09301, 38.921938 ], [ -77.093014, 38.921966 ], [ -77.093023, 38.921993 ], [ -77.093034, 38.92202 ], [ -77.093063, 38.922072 ], [ -77.093099, 38.922118 ], [ -77.093138, 38.922156 ], [ -77.09318, 38.922187 ], [ -77.093226, 38.922212 ], [ -77.093259, 38.922224 ], [ -77.093304, 38.922236 ], [ -77.093363, 38.922247 ], [ -77.093414, 38.922252 ], [ -77.093519, 38.922251 ], [ -77.093578, 38.922241 ], [ -77.093635, 38.922223 ], [ -77.093666, 38.92221 ], [ -77.093723, 38.922182 ], [ -77.093759, 38.922163 ], [ -77.0938, 38.922129 ] ] } },
{ "type": "Feature", "properties": { }, "geometry": { "type": "LineString", "coordinates": [ [ -77.094323, 38.922383 ], [ -77.09415, 38.922335 ], [ -77.094094, 38.922307 ], [ -77.094008, 38.922258 ], [ -77.093865, 38.922173 ], [ -77.0938, 38.922129 ] ] } },
{ "type": "Feature", "properties": { }, "geometry": { "type": "LineString", "coordinates": [ [ -77.092919, 38.922394 ], [ -77.092957, 38.922416 ], [ -77.092998, 38.922436 ], [ -77.093057, 38.92246 ], [ -77.093108, 38.922475 ], [ -77.093173, 38.922491 ], [ -77.093274, 38.922512 ], [ -77.093344, 38.922522 ], [ -77.093414, 38.922528 ], [ -77.093449, 38.922529 ], [ -77.093495, 38.922538 ], [ -77.093543, 38.922541 ], [ -77.093579, 38.922538 ], [ -77.093614, 38.922534 ], [ -77.093648, 38.922528 ], [ -77.093716, 38.922511 ], [ -77.093771, 38.922493 ], [ -77.093826, 38.922473 ], [ -77.093878, 38.92245 ], [ -77.093926, 38.922426 ], [ -77.093977, 38.922396 ] ] } },
{ "type": "Feature", "properties": { }, "geometry": { "type": "LineString", "coordinates": [ [ -77.094323, 38.922383 ], [ -77.095113, 38.922602 ], [ -77.095175, 38.922621 ], [ -77.095262, 38.922644 ], [ -77.09532, 38.922662 ], [ -77.095427, 38.922703 ], [ -77.095457, 38.922717 ], [ -77.095485, 38.922729 ], [ -77.095524, 38.92275 ], [ -77.095564, 38.922771 ], [ -77.095639, 38.922817 ], [ -77.095686, 38.922851 ], [ -77.095789, 38.922931 ], [ -77.095852, 38.922983 ] ] } },
{ "type": "Feature", "properties": { }, "geometry": { "type": "LineString", "coordinates": [ [ -77.094522, 38.922823 ], [ -77.094364, 38.922779 ], [ -77.094326, 38.922767 ], [ -77.094156, 38.922714 ] ] } },
{ "type": "Feature", "properties": { }, "geometry": { "type": "LineString", "coordinates": [ [ -77.099424775583799, 38.923026318492468 ], [ -77.099324, 38.922855 ], [ -77.099228, 38.922676 ], [ -77.099202, 38.92264 ], [ -77.099138, 38.922607 ] ] } },
{ "type": "Feature", "properties": { }, "geometry": { "type": "LineString", "coordinates": [ [ -77.094173, 38.923035 ], [ -77.094326, 38.922767 ] ] } },
{ "type": "Feature", "properties": { }, "geometry": { "type": "LineString", "coordinates": [ [ -77.0893852, 38.9218752 ], [ -77.0895282, 38.9218584 ], [ -77.0895568, 38.9218643 ], [ -77.0896101, 38.92189 ], [ -77.0896545, 38.9219029 ], [ -77.0897153, 38.9219058 ], [ -77.0900271, 38.9218865 ] ] } },
{ "type": "Feature", "properties": { }, "geometry": { "type": "LineString", "coordinates": [ [ -77.092104, 38.922084 ], [ -77.092138, 38.922149 ], [ -77.092254, 38.922352 ] ] } },
{ "type": "Feature", "properties": { }, "geometry": { "type": "MultiLineString", "coordinates": [ [ [ -77.0897373, 38.922308 ], [ -77.0897006, 38.9222044 ], [ -77.0896951, 38.9221728 ], [ -77.0897073, 38.9221496 ], [ -77.0897548, 38.9221285 ], [ -77.0897859, 38.9221285 ], [ -77.089809, 38.9221559 ], [ -77.0898401, 38.922235 ], [ -77.0898266, 38.922274 ], [ -77.0897373, 38.922308 ] ], [ [ -77.0897373, 38.922308 ], [ -77.0895063, 38.9223757 ] ] ] } },
{ "type": "Feature", "properties": { }, "geometry": { "type": "LineString", "coordinates": [ [ -77.091845, 38.922412 ], [ -77.091915, 38.922412 ], [ -77.092008, 38.922406 ], [ -77.092055, 38.9224 ], [ -77.092113, 38.922391 ], [ -77.092147, 38.922384 ], [ -77.092215, 38.922365 ], [ -77.092254, 38.922352 ], [ -77.092286, 38.922341 ], [ -77.092334, 38.922321 ], [ -77.092391, 38.922291 ], [ -77.092435, 38.922265 ], [ -77.092476, 38.922236 ], [ -77.092514, 38.922205 ], [ -77.092566, 38.922154 ] ] } },
{ "type": "Feature", "properties": { }, "geometry": { "type": "LineString", "coordinates": [ [ -77.093108, 38.922475 ], [ -77.093259, 38.922224 ] ] } },
{ "type": "Feature", "properties": { }, "geometry": { "type": "LineString", "coordinates": [ [ -77.091166, 38.923045 ], [ -77.091196, 38.923036 ], [ -77.091276, 38.923005 ], [ -77.091307, 38.92299 ], [ -77.091336, 38.922972 ], [ -77.091362, 38.922951 ], [ -77.091385, 38.922929 ], [ -77.091404, 38.922905 ], [ -77.091427, 38.922878 ], [ -77.091445, 38.922849 ], [ -77.09146, 38.922819 ], [ -77.09147, 38.922788 ], [ -77.091475, 38.922756 ], [ -77.091478, 38.922721 ], [ -77.091476, 38.922686 ], [ -77.09147, 38.922651 ], [ -77.091459, 38.922617 ], [ -77.091444, 38.922584 ], [ -77.091423, 38.922548 ], [ -77.091397, 38.922515 ], [ -77.091382, 38.922499 ], [ -77.091366, 38.922484 ], [ -77.091349, 38.92247 ], [ -77.091313, 38.922443 ], [ -77.091293, 38.922431 ], [ -77.091258, 38.922413 ], [ -77.091221, 38.922398 ], [ -77.091182, 38.922385 ], [ -77.091142, 38.922376 ], [ -77.0911, 38.922371 ], [ -77.091058, 38.922368 ], [ -77.091016, 38.92237 ], [ -77.090975, 38.922377 ], [ -77.090935, 38.922387 ], [ -77.090831, 38.922428 ], [ -77.090806, 38.922439 ], [ -77.09078, 38.922448 ], [ -77.090754, 38.922455 ], [ -77.089973, 38.922535 ], [ -77.089562, 38.922575 ] ] } },
{ "type": "Feature", "properties": { }, "geometry": { "type": "LineString", "coordinates": [ [ -77.0896729, 38.9230444 ], [ -77.0897647, 38.923023 ], [ -77.0899064, 38.9229898 ], [ -77.089943, 38.9229725 ], [ -77.0899686, 38.9229431 ], [ -77.0899819, 38.9229016 ], [ -77.0899686, 38.9228091 ], [ -77.0899508, 38.9227702 ], [ -77.089913, 38.9227374 ], [ -77.0898364, 38.9227158 ], [ -77.0897169, 38.9227129 ], [ -77.0895974, 38.9227101 ] ] } },
{ "type": "Feature", "properties": { }, "geometry": { "type": "LineString", "coordinates": [ [ -77.091166, 38.923045 ], [ -77.0911015, 38.9230618 ], [ -77.09104, 38.923052 ], [ -77.090881, 38.923041 ], [ -77.090793, 38.923041 ] ] } },
{ "type": "Feature", "properties": { }, "geometry": { "type": "LineString", "coordinates": [ [ -77.092917, 38.923297 ], [ -77.092896, 38.923257 ], [ -77.092873, 38.923219 ], [ -77.092846, 38.923182 ], [ -77.092816, 38.923146 ], [ -77.092783, 38.923113 ], [ -77.092749, 38.923083 ], [ -77.092708, 38.92305 ], [ -77.092667, 38.923022 ], [ -77.092624, 38.922997 ], [ -77.092578, 38.922973 ], [ -77.092523, 38.922952 ], [ -77.092475, 38.922925 ], [ -77.092408, 38.922895 ], [ -77.092344, 38.922878 ], [ -77.092279, 38.922866 ], [ -77.092212, 38.922858 ], [ -77.092112, 38.922856 ] ] } },
{ "type": "Feature", "properties": { }, "geometry": { "type": "LineString", "coordinates": [ [ -77.092471, 38.923266 ], [ -77.092749, 38.923083 ] ] } },
{ "type": "Feature", "properties": { }, "geometry": { "type": "LineString", "coordinates": [ [ -77.091166, 38.923045 ], [ -77.091193, 38.92314 ], [ -77.091278, 38.923358 ], [ -77.091316, 38.923449 ], [ -77.091362, 38.923569 ] ] } },
{ "type": "Feature", "properties": { }, "geometry": { "type": "LineString", "coordinates": [ [ -77.091958, 38.923173 ], [ -77.092001, 38.923162 ], [ -77.092045, 38.923154 ], [ -77.092089, 38.92315 ], [ -77.092134, 38.923149 ], [ -77.092178, 38.923151 ], [ -77.092223, 38.923156 ], [ -77.092266, 38.923165 ], [ -77.092308, 38.923176 ], [ -77.092349, 38.923191 ], [ -77.092388, 38.923208 ], [ -77.092423, 38.923229 ], [ -77.092471, 38.923266 ], [ -77.092521, 38.923322 ], [ -77.092551, 38.923368 ], [ -77.092564, 38.9234 ], [ -77.092574, 38.923435 ], [ -77.092579, 38.923464 ], [ -77.09258, 38.923492 ], [ -77.09258, 38.923521 ], [ -77.092609, 38.923551 ] ] } },
{ "type": "Feature", "properties": { }, "geometry": { "type": "LineString", "coordinates": [ [ -77.0897316, 38.9234046 ], [ -77.089799, 38.9233926 ], [ -77.0898599, 38.9234036 ], [ -77.0899052, 38.9234296 ], [ -77.0899476, 38.9235704 ], [ -77.0899633, 38.9236507 ], [ -77.0899689, 38.9237013 ], [ -77.0899583, 38.9237386 ], [ -77.089942, 38.9237545 ], [ -77.0899034, 38.9237705 ], [ -77.0897787, 38.9237763 ] ] } },
{ "type": "Feature", "properties": { }, "geometry": { "type": "LineString", "coordinates": [ [ -77.091115, 38.92384 ], [ -77.091131, 38.92379 ], [ -77.09115, 38.923749 ], [ -77.091175, 38.92371 ], [ -77.091203, 38.923676 ], [ -77.091234, 38.923646 ], [ -77.091269, 38.923619 ], [ -77.091309, 38.923594 ], [ -77.091362, 38.923569 ] ] } },
{ "type": "Feature", "properties": { }, "geometry": { "type": "LineString", "coordinates": [ [ -77.0897664, 38.9236844 ], [ -77.0897116, 38.923685 ], [ -77.0895803, 38.9236866 ], [ -77.0892523, 38.9237027 ], [ -77.0890547, 38.9237097 ], [ -77.0889144, 38.9237104 ], [ -77.0885533, 38.9237286 ] ] } },
{ "type": "Feature", "properties": { }, "geometry": { "type": "LineString", "coordinates": [ [ -77.091362, 38.923569 ], [ -77.091387, 38.923559 ], [ -77.091423, 38.923549 ], [ -77.091454, 38.923543 ], [ -77.091486, 38.923539 ], [ -77.091517, 38.923537 ], [ -77.091589, 38.923536 ], [ -77.091624, 38.92354 ], [ -77.091664, 38.923546 ], [ -77.091703, 38.923556 ], [ -77.09174, 38.923568 ], [ -77.091767, 38.92358 ], [ -77.091793, 38.923593 ], [ -77.091818, 38.923607 ], [ -77.091845, 38.923624 ], [ -77.09187, 38.923644 ], [ -77.091893, 38.923664 ], [ -77.091914, 38.923685 ], [ -77.091949, 38.923729 ], [ -77.091966, 38.923759 ], [ -77.091979, 38.923791 ], [ -77.091988, 38.923823 ], [ -77.091991, 38.923867 ], [ -77.091991, 38.923887 ], [ -77.091989, 38.923908 ], [ -77.091986, 38.923927 ], [ -77.091981, 38.923949 ], [ -77.09195, 38.924039 ], [ -77.091945, 38.924061 ], [ -77.091938, 38.924079 ], [ -77.091927, 38.924096 ], [ -77.091907, 38.924111 ], [ -77.091883, 38.924121 ], [ -77.091797, 38.924153 ] ] } },
{ "type": "Feature", "properties": { }, "geometry": { "type": "LineString", "coordinates": [ [ -77.089805, 38.9240073 ], [ -77.089935, 38.9240322 ], [ -77.0900907, 38.9241121 ], [ -77.0902384, 38.9241546 ], [ -77.0904006, 38.9241708 ], [ -77.0904583, 38.9242185 ], [ -77.0904494, 38.9244432 ] ] } },
{ "type": "Feature", "properties": { }, "geometry": { "type": "LineString", "coordinates": [ [ -77.088091, 38.924227 ], [ -77.088051, 38.924203 ], [ -77.088023, 38.924195 ], [ -77.087994, 38.924193 ], [ -77.087965, 38.924196 ], [ -77.087938, 38.924204 ], [ -77.087915, 38.924216 ], [ -77.087895, 38.924232 ], [ -77.087776, 38.924375 ], [ -77.087734, 38.924422 ], [ -77.0876939, 38.9244661 ], [ -77.087689, 38.924553 ] ] } },
{ "type": "Feature", "properties": { }, "geometry": { "type": "LineString", "coordinates": [ [ -77.087689, 38.924553 ], [ -77.0878105, 38.9245363 ], [ -77.08808, 38.924362 ], [ -77.08811, 38.924334 ], [ -77.088119, 38.924296 ], [ -77.088116, 38.92426 ], [ -77.088091, 38.924227 ] ] } },
{ "type": "Feature", "properties": { }, "geometry": { "type": "LineString", "coordinates": [ [ -77.0903847, 38.9244872 ], [ -77.0903924, 38.9244703 ], [ -77.090407, 38.9244563 ], [ -77.0904267, 38.9244469 ], [ -77.0904494, 38.9244432 ], [ -77.090471, 38.9244453 ], [ -77.0904906, 38.9244525 ], [ -77.0905063, 38.9244643 ], [ -77.0905165, 38.9244793 ], [ -77.09052, 38.924496 ], [ -77.0905166, 38.9245128 ], [ -77.0905065, 38.9245278 ], [ -77.0904909, 38.9245396 ], [ -77.0904712, 38.924547 ], [ -77.0904496, 38.9245491 ], [ -77.090427, 38.9245455 ], [ -77.0904072, 38.9245361 ], [ -77.0903925, 38.9245222 ], [ -77.0903848, 38.9245052 ], [ -77.0903847, 38.9244872 ] ] } },
{ "type": "Feature", "properties": { }, "geometry": { "type": "LineString", "coordinates": [ [ -77.093641, 38.923663 ], [ -77.093615, 38.923612 ], [ -77.093589, 38.923581 ], [ -77.093568, 38.92355 ], [ -77.093551, 38.923516 ], [ -77.093537, 38.923481 ], [ -77.093528, 38.923446 ], [ -77.093523, 38.92341 ], [ -77.093523, 38.923374 ], [ -77.093527, 38.923337 ], [ -77.093533, 38.923292 ], [ -77.093548, 38.923247 ], [ -77.093569, 38.923204 ], [ -77.093598, 38.923163 ], [ -77.093633, 38.923126 ], [ -77.093674, 38.923093 ], [ -77.09372, 38.923064 ], [ -77.093771, 38.923041 ], [ -77.093826, 38.923023 ], [ -77.093882, 38.92301 ], [ -77.093926, 38.923004 ], [ -77.093969, 38.923002 ], [ -77.094013, 38.923003 ], [ -77.094056, 38.923007 ], [ -77.094099, 38.923014 ], [ -77.09414, 38.923025 ], [ -77.094173, 38.923035 ], [ -77.094219, 38.923055 ], [ -77.094255, 38.923074 ], [ -77.094288, 38.923096 ], [ -77.094325, 38.923129 ], [ -77.094356, 38.923165 ], [ -77.094382, 38.923204 ], [ -77.094402, 38.923245 ], [ -77.094416, 38.923287 ], [ -77.094424, 38.92333 ], [ -77.094426, 38.923374 ], [ -77.094422, 38.923417 ], [ -77.094411, 38.92346 ], [ -77.094394, 38.923502 ], [ -77.094281, 38.923679 ] ] } },
{ "type": "Feature", "properties": { }, "geometry": { "type": "LineString", "coordinates": [ [ -77.092609, 38.923551 ], [ -77.092692, 38.923564 ], [ -77.093084, 38.923606 ], [ -77.09346, 38.923642 ], [ -77.093641, 38.923663 ], [ -77.093676, 38.923667 ], [ -77.093927, 38.923696 ], [ -77.093971, 38.923698 ], [ -77.094016, 38.923699 ], [ -77.094083, 38.923694 ], [ -77.094126, 38.923687 ], [ -77.094281, 38.923679 ], [ -77.094529, 38.923665 ], [ -77.09457, 38.923665 ], [ -77.09465, 38.92367 ], [ -77.09469, 38.923675 ], [ -77.09512, 38.923755 ] ] } },
{ "type": "Feature", "properties": { }, "geometry": { "type": "LineString", "coordinates": [ [ -77.094885, 38.925075 ], [ -77.094848, 38.925137 ], [ -77.094745, 38.925323 ], [ -77.094673, 38.925465 ], [ -77.0946126, 38.9255839 ], [ -77.0945773, 38.9256727 ], [ -77.0945432, 38.9257576 ], [ -77.09452, 38.925835 ], [ -77.09451, 38.925869 ], [ -77.094474, 38.926008 ], [ -77.094449, 38.926101 ], [ -77.094435, 38.926146 ], [ -77.094415, 38.926201 ] ] } },
{ "type": "Feature", "properties": { }, "geometry": { "type": "LineString", "coordinates": [ [ -77.086543, 38.924302 ], [ -77.0866229, 38.9243229 ], [ -77.086891, 38.924393 ], [ -77.086978, 38.924423 ], [ -77.087083, 38.924466 ], [ -77.087147, 38.924496 ], [ -77.08721, 38.924529 ], [ -77.087273, 38.924564 ], [ -77.087313, 38.924588 ], [ -77.087446, 38.92468 ], [ -77.0875008, 38.9247136 ], [ -77.087546, 38.924741 ], [ -77.087581, 38.92476 ], [ -77.087653, 38.924795 ], [ -77.087728, 38.924827 ], [ -77.087801, 38.924853 ], [ -77.087907, 38.924886 ], [ -77.088015, 38.924914 ], [ -77.08889, 38.925106 ], [ -77.088914, 38.925112 ], [ -77.088988, 38.925127 ], [ -77.089038, 38.925135 ], [ -77.089114, 38.925144 ], [ -77.089228, 38.925149 ], [ -77.089347, 38.925146 ], [ -77.089406, 38.925142 ], [ -77.089436, 38.925139 ], [ -77.089646, 38.925124 ], [ -77.089856, 38.925107 ], [ -77.0898769, 38.9251057 ], [ -77.089937, 38.925102 ], [ -77.090075, 38.925091 ], [ -77.090107, 38.925087 ], [ -77.090188, 38.925082 ], [ -77.090231, 38.925081 ], [ -77.090274, 38.925082 ], [ -77.090359, 38.92509 ], [ -77.090441, 38.925102 ], [ -77.090481, 38.92511 ], [ -77.090522, 38.92512 ], [ -77.090565, 38.925133 ], [ -77.090607, 38.925147 ], [ -77.090662, 38.925167 ], [ -77.09073, 38.925194 ], [ -77.090796, 38.925217 ], [ -77.09083, 38.925228 ], [ -77.090901, 38.925246 ], [ -77.091006, 38.925268 ], [ -77.091041, 38.925273 ], [ -77.091075, 38.925276 ], [ -77.09111, 38.925278 ], [ -77.091181, 38.925277 ], [ -77.091256, 38.925269 ], [ -77.091294, 38.925264 ], [ -77.09137, 38.92525 ], [ -77.09143, 38.925234 ], [ -77.091496, 38.925211 ], [ -77.091532, 38.925196 ], [ -77.091602, 38.925161 ], [ -77.091636, 38.925141 ], [ -77.091691, 38.925104 ], [ -77.091733, 38.925071 ], [ -77.091798, 38.925004 ], [ -77.091959, 38.924825 ], [ -77.092028, 38.924749 ], [ -77.092083, 38.924694 ], [ -77.092112, 38.924668 ], [ -77.092159, 38.924632 ], [ -77.092215, 38.924593 ], [ -77.092313, 38.924534 ], [ -77.092346, 38.924516 ], [ -77.09238, 38.924499 ], [ -77.092423, 38.924481 ], [ -77.092467, 38.924465 ], [ -77.092557, 38.924436 ], [ -77.092648, 38.924412 ], [ -77.092687, 38.924403 ], [ -77.092767, 38.924389 ], [ -77.092841, 38.92438 ], [ -77.09289, 38.924376 ], [ -77.092975, 38.924373 ], [ -77.093057, 38.924374 ], [ -77.093101, 38.924376 ], [ -77.093168, 38.924381 ], [ -77.093237, 38.924391 ], [ -77.093338, 38.924411 ], [ -77.093372, 38.924419 ], [ -77.093405, 38.924428 ], [ -77.093454, 38.924444 ], [ -77.093512, 38.924463 ], [ -77.093542, 38.924475 ], [ -77.093571, 38.924488 ], [ -77.093975, 38.924691 ], [ -77.094021, 38.924717 ], [ -77.094116, 38.924767 ], [ -77.094212, 38.924814 ], [ -77.094261, 38.924837 ], [ -77.094461, 38.924922 ], [ -77.094742, 38.925026 ], [ -77.094778, 38.925038 ], [ -77.094813, 38.925051 ], [ -77.094885, 38.925075 ] ] } },
{ "type": "Feature", "properties": { }, "geometry": { "type": "LineString", "coordinates": [ [ -77.0898955, 38.9247753 ], [ -77.0898471, 38.9247788 ], [ -77.0895406, 38.9248007 ], [ -77.0894542, 38.9248067 ], [ -77.0892583, 38.9248164 ] ] } },
{ "type": "Feature", "properties": { }, "geometry": { "type": "LineString", "coordinates": [ [ -77.091959, 38.924825 ], [ -77.092061, 38.924878 ], [ -77.09218, 38.924942 ], [ -77.092422, 38.925085 ], [ -77.092636, 38.925209 ], [ -77.092715, 38.925252 ], [ -77.092742, 38.925264 ], [ -77.09277, 38.925275 ], [ -77.092799, 38.925284 ], [ -77.092859, 38.925295 ], [ -77.092894, 38.925299 ], [ -77.092929, 38.925301 ], [ -77.092965, 38.9253 ], [ -77.093, 38.925298 ], [ -77.093069, 38.925288 ], [ -77.093103, 38.925281 ], [ -77.093135, 38.925271 ], [ -77.093166, 38.925259 ], [ -77.093195, 38.925244 ], [ -77.093232, 38.925223 ], [ -77.093266, 38.925199 ], [ -77.093282, 38.925186 ], [ -77.093297, 38.925172 ], [ -77.093337, 38.925128 ], [ -77.093355, 38.925102 ], [ -77.093369, 38.925079 ], [ -77.09338, 38.925055 ], [ -77.093395, 38.925007 ], [ -77.093442, 38.924536 ], [ -77.093454, 38.924444 ] ] } },
{ "type": "Feature", "properties": { }, "geometry": { "type": "LineString", "coordinates": [ [ -77.0891112, 38.9210398 ], [ -77.089137, 38.921102 ], [ -77.089233, 38.921344 ], [ -77.0892429, 38.9213721 ], [ -77.089266, 38.921438 ], [ -77.089296, 38.921532 ], [ -77.089324, 38.921627 ], [ -77.089337, 38.921674 ], [ -77.0893482, 38.9217109 ], [ -77.089371, 38.921817 ], [ -77.0893852, 38.9218752 ], [ -77.0894016, 38.9219423 ], [ -77.089431, 38.922063 ], [ -77.0895063, 38.9223757 ], [ -77.089526, 38.922439 ], [ -77.089562, 38.922575 ], [ -77.0895817, 38.9226463 ], [ -77.089587, 38.922666 ], [ -77.0895974, 38.9227101 ], [ -77.089619, 38.922801 ], [ -77.0896729, 38.9230444 ], [ -77.089692, 38.923131 ], [ -77.089706, 38.923208 ], [ -77.089714, 38.923259 ], [ -77.0897316, 38.9234046 ], [ -77.089755, 38.923599 ], [ -77.0897664, 38.9236844 ], [ -77.0897787, 38.9237763 ], [ -77.089786, 38.923831 ], [ -77.089805, 38.9240073 ], [ -77.089811, 38.924063 ], [ -77.089838, 38.924299 ], [ -77.0898955, 38.9247753 ], [ -77.089903, 38.924837 ], [ -77.089937, 38.925102 ], [ -77.089948, 38.925176 ], [ -77.090041, 38.925955 ], [ -77.0900488, 38.9260203 ], [ -77.090114, 38.92655 ], [ -77.090192, 38.927159 ], [ -77.090208, 38.927296 ], [ -77.090223, 38.927388 ], [ -77.090226, 38.927411 ], [ -77.090235, 38.927457 ], [ -77.090241, 38.927479 ], [ -77.090246, 38.927502 ], [ -77.090254, 38.927529 ], [ -77.090267, 38.92757 ], [ -77.090284, 38.927614 ], [ -77.090381, 38.927885 ], [ -77.090446, 38.928056 ], [ -77.090504, 38.928212 ], [ -77.090521, 38.92826 ], [ -77.090537, 38.928309 ], [ -77.090546, 38.928333 ], [ -77.090574, 38.9284189 ], [ -77.090578, 38.928431 ], [ -77.090579407234443, 38.928434752625186 ] ] } },
{ "type": "Feature", "properties": { }, "geometry": { "type": "LineString", "coordinates": [ [ -77.086209, 38.925488 ], [ -77.086235, 38.925489 ], [ -77.0862981, 38.9254956 ], [ -77.086311, 38.925497 ], [ -77.086336, 38.925501 ], [ -77.0866, 38.925557 ], [ -77.086716, 38.925583 ], [ -77.086794, 38.925599 ], [ -77.087474, 38.925749 ], [ -77.087544, 38.925763 ], [ -77.087778, 38.925815 ], [ -77.088023, 38.925871 ], [ -77.088526, 38.925981 ], [ -77.088642, 38.926001 ], [ -77.0887, 38.926009 ], [ -77.08873, 38.926014 ], [ -77.088851, 38.926028 ], [ -77.089071, 38.926043 ], [ -77.089173, 38.926046 ], [ -77.089309, 38.926045 ], [ -77.089343, 38.926044 ], [ -77.089431, 38.926038 ], [ -77.089576, 38.926024 ], [ -77.089721, 38.926004 ], [ -77.089837, 38.925984 ], [ -77.089895, 38.925972 ], [ -77.089947, 38.925963 ], [ -77.0899706, 38.9259605 ], [ -77.090017, 38.925956 ], [ -77.090041, 38.925955 ] ] } },
{ "type": "Feature", "properties": { }, "geometry": { "type": "LineString", "coordinates": [ [ -77.090114, 38.92655 ], [ -77.090444, 38.92655 ], [ -77.090631, 38.926554 ], [ -77.09085, 38.926563 ], [ -77.090944, 38.926569 ], [ -77.091038, 38.926578 ], [ -77.091167, 38.926595 ], [ -77.091275, 38.926613 ], [ -77.091347, 38.926626 ], [ -77.091382, 38.926634 ], [ -77.091418, 38.926641 ], [ -77.091677, 38.926701 ], [ -77.091711, 38.926708 ], [ -77.09178, 38.926719 ], [ -77.091815, 38.926723 ], [ -77.091886, 38.926728 ], [ -77.091921, 38.926729 ], [ -77.091957, 38.926729 ], [ -77.092058, 38.926723 ], [ -77.092118, 38.926717 ], [ -77.092178, 38.926709 ], [ -77.092237, 38.926699 ], [ -77.092267, 38.926693 ], [ -77.09298, 38.926518 ], [ -77.093318, 38.926441 ], [ -77.093648, 38.926355 ], [ -77.094262, 38.926208 ], [ -77.094323, 38.926202 ], [ -77.094354, 38.9262 ], [ -77.094415, 38.926201 ] ] } },
{ "type": "Feature", "properties": { }, "geometry": { "type": "LineString", "coordinates": [ [ -77.088628, 38.926868 ], [ -77.0886663, 38.9268627 ], [ -77.088699, 38.9268464 ], [ -77.0887212, 38.9268215 ], [ -77.0887295, 38.926792 ], [ -77.0887226, 38.9267622 ], [ -77.0887016, 38.9267368 ], [ -77.0886697, 38.9267195 ], [ -77.0886317, 38.9267131 ], [ -77.0885935, 38.9267184 ], [ -77.0885608, 38.9267347 ], [ -77.0885386, 38.9267595 ], [ -77.0885303, 38.9267891 ], [ -77.0885372, 38.9268188 ], [ -77.0885581, 38.9268443 ], [ -77.08859, 38.9268616 ], [ -77.088628, 38.926868 ] ] } },
{ "type": "Feature", "properties": { }, "geometry": { "type": "LineString", "coordinates": [ [ -77.088633, 38.927529 ], [ -77.088628, 38.926868 ] ] } },
{ "type": "Feature", "properties": { }, "geometry": { "type": "LineString", "coordinates": [ [ -77.0892808, 38.927529 ], [ -77.0892796, 38.927431 ], [ -77.0892396, 38.9273688 ], [ -77.0891315, 38.9273459 ], [ -77.0889634, 38.9273386 ], [ -77.0889082, 38.9273541 ], [ -77.0888553, 38.9273898 ], [ -77.0888094, 38.9274511 ], [ -77.0887906, 38.927529 ] ] } },
{ "type": "Feature", "properties": { }, "geometry": { "type": "LineString", "coordinates": [ [ -77.090254, 38.927529 ], [ -77.09034, 38.927529 ], [ -77.090563, 38.927525 ], [ -77.091002, 38.927523 ], [ -77.091118, 38.927527 ], [ -77.091289, 38.927536 ], [ -77.091401, 38.927545 ], [ -77.091548, 38.927564 ], [ -77.091658, 38.927584 ], [ -77.091986, 38.927638 ], [ -77.092009, 38.927643 ], [ -77.09215, 38.927662 ], [ -77.092311, 38.927675 ], [ -77.092402, 38.927676 ], [ -77.092493, 38.927674 ], [ -77.092539, 38.927672 ], [ -77.092629, 38.927666 ], [ -77.092884, 38.927638 ], [ -77.09316, 38.927604 ], [ -77.093364, 38.92758 ], [ -77.093548, 38.927562 ], [ -77.093603, 38.927563 ], [ -77.093635, 38.927565 ] ] } },
{ "type": "Feature", "properties": { }, "geometry": { "type": "LineString", "coordinates": [ [ -77.0730206, 38.9200416 ], [ -77.0730155, 38.9199677 ], [ -77.0730374, 38.9199304 ], [ -77.0730717, 38.9199034 ], [ -77.073168, 38.9198653 ] ] } },
{ "type": "Feature", "properties": { }, "geometry": { "type": "LineString", "coordinates": [ [ -77.0718756, 38.9199854 ], [ -77.0715463, 38.920092 ], [ -77.0714365, 38.9201281 ] ] } },
{ "type": "Feature", "properties": { }, "geometry": { "type": "LineString", "coordinates": [ [ -77.072068, 38.9199347 ], [ -77.0720973, 38.9199977 ], [ -77.0722356, 38.9202944 ], [ -77.0722651, 38.9203088 ], [ -77.0725994, 38.9202139 ], [ -77.0726113, 38.9201922 ], [ -77.0725107, 38.9199701 ] ] } },
{ "type": "Feature", "properties": { }, "geometry": { "type": "LineString", "coordinates": [ [ -77.0729882, 38.919551 ], [ -77.0730135, 38.9195977 ], [ -77.073168, 38.9198653 ], [ -77.073356, 38.920181 ], [ -77.0736185, 38.9206458 ], [ -77.073648, 38.920698 ] ] } },
{ "type": "Feature", "properties": { }, "geometry": { "type": "LineString", "coordinates": [ [ -77.0714365, 38.9201281 ], [ -77.0714752, 38.9201853 ], [ -77.071537, 38.920276 ], [ -77.071593, 38.920366 ], [ -77.071661, 38.92048 ] ] } },
{ "type": "Feature", "properties": { }, "geometry": { "type": "LineString", "coordinates": [ [ -77.0730633, 38.9206593 ], [ -77.0729872, 38.9206618 ], [ -77.0728831, 38.9206653 ], [ -77.0728522, 38.9205777 ], [ -77.0724325, 38.9206841 ] ] } },
{ "type": "Feature", "properties": { }, "geometry": { "type": "LineString", "coordinates": [ [ -77.0714658, 38.9210391 ], [ -77.0718158, 38.9209483 ], [ -77.0719264, 38.9209195 ] ] } },
{ "type": "Feature", "properties": { }, "geometry": { "type": "LineString", "coordinates": [ [ -77.073084, 38.9209554 ], [ -77.0730066, 38.920983 ], [ -77.072946, 38.9210046 ], [ -77.0728255, 38.9210389 ], [ -77.0726753, 38.9211203 ] ] } },
{ "type": "Feature", "properties": { }, "geometry": { "type": "LineString", "coordinates": [ [ -77.071661, 38.92048 ], [ -77.0719264, 38.9209195 ], [ -77.0719681, 38.9209885 ], [ -77.0724571, 38.9217981 ] ] } },
{ "type": "Feature", "properties": { }, "geometry": { "type": "LineString", "coordinates": [ [ -77.073093, 38.9210849 ], [ -77.0730152, 38.9211111 ], [ -77.0727034, 38.9212163 ] ] } },
{ "type": "Feature", "properties": { }, "geometry": { "type": "LineString", "coordinates": [ [ -77.0731752, 38.9222607 ], [ -77.073148, 38.9218715 ], [ -77.0731272, 38.9216361 ], [ -77.073093, 38.9210849 ], [ -77.073084, 38.9209554 ], [ -77.0730633, 38.9206593 ], [ -77.0730206, 38.9200416 ] ] } },
{ "type": "Feature", "properties": { }, "geometry": { "type": "LineString", "coordinates": [ [ -77.073093, 38.9210849 ], [ -77.0731686, 38.9210735 ], [ -77.0733612, 38.9210443 ], [ -77.0733958, 38.9210383 ], [ -77.0734252, 38.9210423 ], [ -77.0734456, 38.9210642 ], [ -77.0735518, 38.9214203 ] ] } },
{ "type": "Feature", "properties": { }, "geometry": { "type": "LineString", "coordinates": [ [ -77.0732895, 38.9218663 ], [ -77.073303, 38.9218468 ], [ -77.0734044, 38.9218103 ] ] } },
{ "type": "Feature", "properties": { }, "geometry": { "type": "LineString", "coordinates": [ [ -77.0732948, 38.9219373 ], [ -77.0734691, 38.9219277 ] ] } },
{ "type": "Feature", "properties": { }, "geometry": { "type": "LineString", "coordinates": [ [ -77.0724571, 38.9217981 ], [ -77.0726399, 38.9221007 ] ] } },
{ "type": "Feature", "properties": { }, "geometry": { "type": "LineString", "coordinates": [ [ -77.073148, 38.9218715 ], [ -77.073222, 38.9218688 ], [ -77.0732895, 38.9218663 ], [ -77.0732948, 38.9219373 ], [ -77.0733109, 38.922123 ] ] } },
{ "type": "Feature", "properties": { }, "geometry": { "type": "LineString", "coordinates": [ [ -77.073811, 38.9225476 ], [ -77.0737776, 38.922487 ], [ -77.0736811, 38.9223121 ], [ -77.0735686, 38.9221081 ], [ -77.0734691, 38.9219277 ], [ -77.0734044, 38.9218103 ], [ -77.0733094, 38.9216381 ], [ -77.0732064, 38.9216367 ], [ -77.0731272, 38.9216361 ] ] } },
{ "type": "Feature", "properties": { }, "geometry": { "type": "LineString", "coordinates": [ [ -77.0733109, 38.922123 ], [ -77.0735686, 38.9221081 ] ] } },
{ "type": "Feature", "properties": { }, "geometry": { "type": "LineString", "coordinates": [ [ -77.0733109, 38.922123 ], [ -77.073323, 38.9222534 ], [ -77.0732482, 38.9222571 ], [ -77.0731752, 38.9222607 ] ] } },
{ "type": "Feature", "properties": { }, "geometry": { "type": "LineString", "coordinates": [ [ -77.0726399, 38.9221007 ], [ -77.0727978, 38.9223622 ] ] } },
{ "type": "Feature", "properties": { }, "geometry": { "type": "LineString", "coordinates": [ [ -77.073648, 38.920698 ], [ -77.073691, 38.920686 ], [ -77.0737219, 38.9206815 ], [ -77.07376, 38.920679 ], [ -77.0739165, 38.920679 ], [ -77.0742245, 38.920679 ], [ -77.074626, 38.920679 ], [ -77.0746969, 38.920679 ], [ -77.075467, 38.920679 ], [ -77.0755295, 38.920681 ], [ -77.075562, 38.920682 ], [ -77.075959, 38.92068 ], [ -77.076034, 38.920681 ], [ -77.07667, 38.920685 ], [ -77.0769707, 38.9206842 ], [ -77.077053, 38.920684 ] ] } },
{ "type": "Feature", "properties": { }, "geometry": { "type": "LineString", "coordinates": [ [ -77.0748544, 38.9210786 ], [ -77.0747793, 38.9210794 ], [ -77.0743744, 38.9210838 ] ] } },
{ "type": "Feature", "properties": { }, "geometry": { "type": "LineString", "coordinates": [ [ -77.0747337, 38.9217254 ], [ -77.0747109, 38.9216847 ], [ -77.0743744, 38.9210838 ], [ -77.0742326, 38.92083 ], [ -77.0742283, 38.9207504 ], [ -77.0742245, 38.920679 ] ] } },
{ "type": "Feature", "properties": { }, "geometry": { "type": "LineString", "coordinates": [ [ -77.0748675, 38.9211014 ], [ -77.0749224, 38.9210812 ], [ -77.0751693, 38.9209903 ], [ -77.07521, 38.9209876 ], [ -77.0752425, 38.9210202 ], [ -77.0754412, 38.9213895 ], [ -77.0751528, 38.9214875 ], [ -77.0750987, 38.9215059 ] ] } },
{ "type": "Feature", "properties": { }, "geometry": { "type": "LineString", "coordinates": [ [ -77.0735518, 38.9214203 ], [ -77.0735595, 38.9214431 ], [ -77.0735825, 38.9214581 ], [ -77.073612, 38.9214581 ], [ -77.0739276, 38.9213469 ], [ -77.0740028, 38.9213204 ] ] } },
{ "type": "Feature", "properties": { }, "geometry": { "type": "LineString", "coordinates": [ [ -77.0754412, 38.9213895 ], [ -77.0755039, 38.9213953 ], [ -77.0757844, 38.9213888 ], [ -77.0757975, 38.9213886 ], [ -77.0758691, 38.9213872 ] ] } },
{ "type": "Feature", "properties": { }, "geometry": { "type": "LineString", "coordinates": [ [ -77.073648, 38.920698 ], [ -77.0736896, 38.920771 ], [ -77.0740028, 38.9213204 ], [ -77.074311, 38.921861 ], [ -77.0746543, 38.9224681 ], [ -77.074697, 38.922548 ] ] } },
{ "type": "Feature", "properties": { }, "geometry": { "type": "LineString", "coordinates": [ [ -77.074311, 38.921861 ], [ -77.0743769, 38.9218387 ], [ -77.074662, 38.921742 ], [ -77.074692, 38.921733 ], [ -77.0747337, 38.9217254 ], [ -77.074758, 38.9217222 ], [ -77.074787, 38.921721 ], [ -77.075224, 38.921725 ], [ -77.076041, 38.921724 ], [ -77.0765376, 38.921724 ], [ -77.076955, 38.921724 ], [ -77.0769652, 38.9217241 ], [ -77.077052, 38.921725 ] ] } },
{ "type": "Feature", "properties": { }, "geometry": { "type": "LineString", "coordinates": [ [ -77.0765336, 38.9221094 ], [ -77.0749477, 38.9221141 ] ] } },
{ "type": "Feature", "properties": { }, "geometry": { "type": "LineString", "coordinates": [ [ -77.0747337, 38.9217254 ], [ -77.0747636, 38.9217797 ], [ -77.0749477, 38.9221141 ], [ -77.0750376, 38.9222962 ], [ -77.0750401, 38.9224881 ], [ -77.0750409, 38.9225483 ] ] } },
{ "type": "Feature", "properties": { }, "geometry": { "type": "LineString", "coordinates": [ [ -77.073323, 38.9222534 ], [ -77.073376, 38.9222509 ], [ -77.0734422, 38.9222512 ], [ -77.0735538, 38.9222603 ], [ -77.0736811, 38.9223121 ] ] } },
{ "type": "Feature", "properties": { }, "geometry": { "type": "LineString", "coordinates": [ [ -77.073195, 38.922544 ], [ -77.073191, 38.9224863 ], [ -77.0731752, 38.9222607 ] ] } },
{ "type": "Feature", "properties": { }, "geometry": { "type": "LineString", "coordinates": [ [ -77.0727978, 38.9223622 ], [ -77.0728627, 38.9224697 ], [ -77.072907, 38.922543 ] ] } },
{ "type": "Feature", "properties": { }, "geometry": { "type": "LineString", "coordinates": [ [ -77.0722469, 38.9225436 ], [ -77.0722457, 38.9224882 ], [ -77.0722442, 38.9224149 ] ] } },
{ "type": "Feature", "properties": { }, "geometry": { "type": "LineString", "coordinates": [ [ -77.0723639, 38.9225435 ], [ -77.0727527, 38.9225431 ], [ -77.072907, 38.922543 ] ] } },
{ "type": "Feature", "properties": { }, "geometry": { "type": "LineString", "coordinates": [ [ -77.072907, 38.922543 ], [ -77.073195, 38.922544 ] ] } },
{ "type": "Feature", "properties": { }, "geometry": { "type": "LineString", "coordinates": [ [ -77.070514, 38.922546 ], [ -77.070884, 38.922545 ], [ -77.0709658, 38.9225449 ], [ -77.0717365, 38.9225441 ], [ -77.0722469, 38.9225436 ], [ -77.0723639, 38.9225435 ] ] } },
{ "type": "Feature", "properties": { }, "geometry": { "type": "LineString", "coordinates": [ [ -77.073195, 38.922544 ], [ -77.0732707, 38.9225444 ], [ -77.073811, 38.9225476 ] ] } },
{ "type": "Feature", "properties": { }, "geometry": { "type": "LineString", "coordinates": [ [ -77.072907, 38.922543 ], [ -77.0729541, 38.9226217 ], [ -77.073098, 38.922862 ], [ -77.073123, 38.922914 ] ] } },
{ "type": "Feature", "properties": { }, "geometry": { "type": "LineString", "coordinates": [ [ -77.073123, 38.922914 ], [ -77.07314, 38.9229 ], [ -77.073156, 38.922885 ], [ -77.07317, 38.922868 ], [ -77.073182, 38.922851 ], [ -77.073201, 38.922815 ], [ -77.0732112, 38.9226198 ], [ -77.073212, 38.922605 ], [ -77.073195, 38.922544 ] ] } },
{ "type": "Feature", "properties": { }, "geometry": { "type": "LineString", "coordinates": [ [ -77.0717365, 38.9225441 ], [ -77.0717368, 38.9226241 ], [ -77.0717381, 38.9229191 ], [ -77.0717387, 38.9230526 ], [ -77.0717391, 38.9231653 ], [ -77.0715152, 38.9232091 ] ] } },
{ "type": "Feature", "properties": { }, "geometry": { "type": "LineString", "coordinates": [ [ -77.0717381, 38.9229191 ], [ -77.0713837, 38.9229191 ] ] } },
{ "type": "Feature", "properties": { }, "geometry": { "type": "LineString", "coordinates": [ [ -77.073164, 38.923051 ], [ -77.0732742, 38.923067 ], [ -77.0733065, 38.9230685 ], [ -77.0733253, 38.923065 ], [ -77.0733376, 38.9230483 ], [ -77.0733413, 38.9230334 ], [ -77.0733483, 38.9230048 ], [ -77.0733466, 38.9229612 ], [ -77.0733448, 38.922908 ], [ -77.0733291, 38.922859 ], [ -77.073315, 38.9228399 ], [ -77.073292, 38.9228247 ], [ -77.073273, 38.9228167 ], [ -77.073201, 38.922815 ] ] } },
{ "type": "Feature", "properties": { }, "geometry": { "type": "LineString", "coordinates": [ [ -77.0717387, 38.9230526 ], [ -77.0714709, 38.9230797 ] ] } },
{ "type": "Feature", "properties": { }, "geometry": { "type": "LineString", "coordinates": [ [ -77.0737445, 38.9230535 ], [ -77.0737441, 38.9231356 ], [ -77.0736908, 38.9231809 ], [ -77.0736077, 38.9232105 ], [ -77.0734663, 38.9232428 ], [ -77.0733172, 38.9232465 ], [ -77.0731823, 38.9232474 ] ] } },
{ "type": "Feature", "properties": { }, "geometry": { "type": "LineString", "coordinates": [ [ -77.0729514, 38.9231973 ], [ -77.0728382, 38.9231138 ], [ -77.0726791, 38.9231113 ] ] } },
{ "type": "Feature", "properties": { }, "geometry": { "type": "LineString", "coordinates": [ [ -77.0731779, 38.9231654 ], [ -77.0730447, 38.9231726 ], [ -77.0729782, 38.9231794 ], [ -77.0729514, 38.9231973 ], [ -77.0729564, 38.9232738 ], [ -77.0729825, 38.9232875 ], [ -77.0730485, 38.9232957 ], [ -77.0731835, 38.9233077 ] ] } },
{ "type": "Feature", "properties": { }, "geometry": { "type": "LineString", "coordinates": [ [ -77.073123, 38.922914 ], [ -77.073144, 38.922968 ], [ -77.0731532, 38.9230039 ], [ -77.073164, 38.923051 ], [ -77.0731702, 38.9230844 ], [ -77.0731758, 38.923135 ], [ -77.0731779, 38.9231654 ], [ -77.0731823, 38.9232474 ], [ -77.0731835, 38.9233077 ], [ -77.0731855, 38.9236175 ] ] } },
{ "type": "Feature", "properties": { }, "geometry": { "type": "LineString", "coordinates": [ [ -77.07142, 38.9236209 ], [ -77.0714214, 38.9235726 ], [ -77.0714276, 38.9233525 ], [ -77.0714427, 38.9232576 ], [ -77.0714529, 38.9232399 ], [ -77.0714797, 38.9232165 ], [ -77.0715152, 38.9232091 ] ] } },
{ "type": "Feature", "properties": { }, "geometry": { "type": "LineString", "coordinates": [ [ -77.0731855, 38.9236175 ], [ -77.0730416, 38.9236181 ], [ -77.0725625, 38.9236202 ], [ -77.0720125, 38.9236225 ], [ -77.0714467, 38.923621 ], [ -77.07142, 38.9236209 ], [ -77.0709565, 38.9236197 ], [ -77.0708855, 38.9236195 ] ] } },
{ "type": "Feature", "properties": { }, "geometry": { "type": "LineString", "coordinates": [ [ -77.0749952, 38.9230708 ], [ -77.0750435, 38.9230708 ], [ -77.07508, 38.9230708 ], [ -77.0765482, 38.9230708 ], [ -77.0765413, 38.9226221 ], [ -77.0765402, 38.9225475 ], [ -77.0765393, 38.9224893 ], [ -77.0765336, 38.9221094 ], [ -77.0765363, 38.9220473 ], [ -77.0765374, 38.9217828 ], [ -77.0765376, 38.921724 ] ] } },
{ "type": "Feature", "properties": { }, "geometry": { "type": "LineString", "coordinates": [ [ -77.074697, 38.922548 ], [ -77.0747901, 38.9225462 ], [ -77.0750409, 38.9225483 ], [ -77.076022, 38.922549 ], [ -77.07635, 38.922547 ], [ -77.0765402, 38.9225475 ], [ -77.0769514, 38.9225487 ], [ -77.077052, 38.922549 ] ] } },
{ "type": "Feature", "properties": { }, "geometry": { "type": "LineString", "coordinates": [ [ -77.073811, 38.9225476 ], [ -77.0743, 38.92255 ], [ -77.0745964, 38.9225484 ], [ -77.074697, 38.922548 ] ] } },
{ "type": "Feature", "properties": { }, "geometry": { "type": "LineString", "coordinates": [ [ -77.074697, 38.922548 ], [ -77.0747373, 38.9226222 ], [ -77.074759, 38.922662 ], [ -77.0749952, 38.9230708 ], [ -77.0752854, 38.9235905 ], [ -77.075315, 38.923641 ], [ -77.0753624, 38.9237251 ], [ -77.0754577, 38.9238936 ], [ -77.0756626, 38.9242562 ] ] } },
{ "type": "Feature", "properties": { }, "geometry": { "type": "LineString", "coordinates": [ [ -77.0738557, 38.923642 ], [ -77.0739323, 38.9236408 ], [ -77.0739691, 38.923619 ], [ -77.0739689, 38.9235363 ], [ -77.0739679, 38.9234854 ], [ -77.0739663, 38.9234393 ], [ -77.0739431, 38.9234058 ], [ -77.0738836, 38.923395 ] ] } },
{ "type": "Feature", "properties": { }, "geometry": { "type": "LineString", "coordinates": [ [ -77.075042, 38.9236782 ], [ -77.0750281, 38.9236439 ], [ -77.0750026, 38.9235886 ], [ -77.0749342, 38.9234728 ], [ -77.0749088, 38.9234467 ], [ -77.0748699, 38.9234363 ], [ -77.0748377, 38.9234394 ], [ -77.0748001, 38.9234593 ], [ -77.0747814, 38.9234999 ], [ -77.0747854, 38.9236116 ], [ -77.0748042, 38.9236627 ], [ -77.0748337, 38.9236857 ], [ -77.0748779, 38.9236971 ], [ -77.0749302, 38.9237024 ], [ -77.0749852, 38.9236951 ], [ -77.075042, 38.9236782 ] ] } },
{ "type": "Feature", "properties": { }, "geometry": { "type": "LineString", "coordinates": [ [ -77.0734912, 38.9242825 ], [ -77.0735566, 38.9241614 ], [ -77.0738258, 38.92368 ], [ -77.0738557, 38.923642 ], [ -77.0738809, 38.9236099 ], [ -77.0738836, 38.923395 ] ] } },
{ "type": "Feature", "properties": { }, "geometry": { "type": "LineString", "coordinates": [ [ -77.0745412, 38.9243752 ], [ -77.0749611, 38.924368 ], [ -77.0750053, 38.9243545 ], [ -77.0750362, 38.9243315 ], [ -77.0750536, 38.9243096 ], [ -77.075063, 38.9242814 ], [ -77.075059, 38.9237462 ], [ -77.0750523, 38.9237034 ], [ -77.075042, 38.9236782 ] ] } },
{ "type": "Feature", "properties": { }, "geometry": { "type": "LineString", "coordinates": [ [ -77.0745412, 38.9243752 ], [ -77.0745467, 38.9244536 ], [ -77.074556, 38.924489 ], [ -77.0745762, 38.9245214 ], [ -77.0746204, 38.9245548 ], [ -77.0746633, 38.9245704 ], [ -77.0747264, 38.9245788 ], [ -77.0749383, 38.9245746 ], [ -77.0750107, 38.9245537 ], [ -77.0750898, 38.9245162 ], [ -77.0751488, 38.9244651 ], [ -77.0751743, 38.9244212 ], [ -77.0751823, 38.9243555 ], [ -77.0751797, 38.9242167 ], [ -77.0751877, 38.9241051 ], [ -77.0751971, 38.9240519 ], [ -77.075236, 38.9239945 ], [ -77.075295, 38.9239528 ], [ -77.0753602, 38.9239297 ], [ -77.0753828, 38.9239213 ], [ -77.0754577, 38.9238936 ] ] } },
{ "type": "Feature", "properties": { }, "geometry": { "type": "LineString", "coordinates": [ [ -77.0757313, 38.9243778 ], [ -77.0757779, 38.924362 ], [ -77.0757945, 38.9243564 ], [ -77.0763096, 38.9241815 ], [ -77.0764384, 38.9243933 ] ] } },
{ "type": "Feature", "properties": { }, "geometry": { "type": "LineString", "coordinates": [ [ -77.0734912, 38.9242825 ], [ -77.0736787, 38.9243771 ], [ -77.0737259, 38.9243837 ], [ -77.0737755, 38.9243847 ], [ -77.0745412, 38.9243752 ] ] } },
{ "type": "Feature", "properties": { }, "geometry": { "type": "LineString", "coordinates": [ [ -77.0755297, 38.9245424 ], [ -77.0755277, 38.9243781 ], [ -77.0755467, 38.924341 ], [ -77.0755837, 38.924324 ], [ -77.0756081, 38.9243164 ], [ -77.0756834, 38.924293 ] ] } },
{ "type": "Feature", "properties": { }, "geometry": { "type": "LineString", "coordinates": [ [ -77.0756626, 38.9242562 ], [ -77.0756834, 38.924293 ], [ -77.0757313, 38.9243778 ], [ -77.07578, 38.924464 ], [ -77.075967, 38.924797 ], [ -77.0759739, 38.924809 ], [ -77.076101, 38.92503 ] ] } },
{ "type": "Feature", "properties": { }, "geometry": { "type": "LineString", "coordinates": [ [ -77.0737755, 38.9243847 ], [ -77.0737795, 38.9245214 ], [ -77.073797, 38.924584 ], [ -77.0738345, 38.9246289 ], [ -77.0738774, 38.9246549 ], [ -77.0739391, 38.9246727 ], [ -77.0739834, 38.9246768 ], [ -77.0741349, 38.92468 ], [ -77.0741457, 38.9253154 ], [ -77.0752092, 38.9253133 ], [ -77.0752414, 38.9253195 ], [ -77.0752977, 38.9253394 ], [ -77.075354, 38.9253769 ], [ -77.0753929, 38.9253978 ], [ -77.0754345, 38.9254134 ], [ -77.0754948, 38.9254187 ], [ -77.0760018, 38.9254176 ] ] } },
{ "type": "Feature", "properties": { }, "geometry": { "type": "LineString", "coordinates": [ [ -77.0761754, 38.9251855 ], [ -77.0761573, 38.9251865 ], [ -77.0761419, 38.9251912 ], [ -77.076136, 38.925196 ], [ -77.0761216, 38.9252192 ], [ -77.0760554, 38.9253488 ], [ -77.0760353, 38.9253811 ], [ -77.0760165, 38.9253999 ], [ -77.0760018, 38.9254176 ] ] } },
{ "type": "Feature", "properties": { }, "geometry": { "type": "LineString", "coordinates": [ [ -77.0760018, 38.9254176 ], [ -77.0760567, 38.9254124 ], [ -77.0760849, 38.925402 ], [ -77.0761023, 38.9253759 ], [ -77.0761705, 38.9252349 ], [ -77.0761787, 38.9252189 ], [ -77.0761821, 38.9252032 ], [ -77.0761754, 38.9251855 ] ] } },
{ "type": "Feature", "properties": { }, "geometry": { "type": "LineString", "coordinates": [ [ -77.0753929, 38.9253978 ], [ -77.075403, 38.9255671 ], [ -77.0758469, 38.9255733 ] ] } },
{ "type": "Feature", "properties": { }, "geometry": { "type": "LineString", "coordinates": [ [ -77.077049, 38.9256966 ], [ -77.0747021, 38.9256946 ], [ -77.0746221, 38.9256945 ] ] } },
{ "type": "Feature", "properties": { }, "geometry": { "type": "LineString", "coordinates": [ [ -77.0746216, 38.9257717 ], [ -77.0745354, 38.925771 ], [ -77.0739027, 38.9257655 ] ] } },
{ "type": "Feature", "properties": { }, "geometry": { "type": "LineString", "coordinates": [ [ -77.069847, 38.926181 ], [ -77.0700061, 38.926183 ], [ -77.0700671, 38.9261829 ], [ -77.0708141, 38.9261812 ], [ -77.070885, 38.9261812 ], [ -77.0709606, 38.9261812 ], [ -77.0714709, 38.9261814 ], [ -77.0719336, 38.9261815 ], [ -77.072008, 38.9261815 ], [ -77.0720863, 38.9261815 ], [ -77.0730388, 38.9261817 ], [ -77.073188, 38.9261817 ], [ -77.0733281, 38.9261818 ], [ -77.0739295, 38.9261819 ], [ -77.0745378, 38.926182 ], [ -77.074623, 38.926182 ], [ -77.0747061, 38.9261821 ], [ -77.07583, 38.9261823 ], [ -77.0759144, 38.9261823 ], [ -77.0769679, 38.9261826 ], [ -77.077048, 38.9261826 ], [ -77.0771416, 38.9261826 ], [ -77.0774729, 38.9261827 ] ] } },
{ "type": "Feature", "properties": { }, "geometry": { "type": "LineString", "coordinates": [ [ -77.06788, 38.924752 ], [ -77.067912, 38.924736 ], [ -77.067946, 38.924722 ], [ -77.0679824, 38.9247109 ], [ -77.068019, 38.924703 ], [ -77.0680363, 38.9246999 ], [ -77.068057, 38.924698 ], [ -77.0689013, 38.9246989 ], [ -77.0689737, 38.924699 ], [ -77.069865, 38.9247 ], [ -77.0699362, 38.9246999 ], [ -77.0708049, 38.9246991 ], [ -77.070886, 38.924699 ], [ -77.0709706, 38.9246989 ], [ -77.0714493, 38.9246985 ], [ -77.0719388, 38.9246981 ], [ -77.072011, 38.924698 ], [ -77.0720881, 38.9246979 ], [ -77.0725759, 38.924697 ], [ -77.0727906, 38.9246969 ] ] } },
{ "type": "Feature", "properties": { }, "geometry": { "type": "LineString", "coordinates": [ [ -77.0689737, 38.924699 ], [ -77.0689777, 38.924762 ], [ -77.068979, 38.9247819 ], [ -77.069376, 38.9250803 ], [ -77.0694699, 38.9251158 ], [ -77.0697916, 38.9251192 ], [ -77.0698671, 38.92512 ], [ -77.0699373, 38.9251206 ], [ -77.0703846, 38.9251242 ], [ -77.0708088, 38.9251277 ], [ -77.0708857, 38.9251283 ] ] } },
{ "type": "Feature", "properties": { }, "geometry": { "type": "LineString", "coordinates": [ [ -77.0708855, 38.9236195 ], [ -77.0708855, 38.9236827 ], [ -77.0708858, 38.9241601 ], [ -77.070886, 38.924644 ], [ -77.070886, 38.924699 ], [ -77.070886, 38.9247625 ], [ -77.0708857, 38.9251283 ], [ -77.0708853, 38.9257647 ], [ -77.070885, 38.9261289 ], [ -77.070885, 38.9261812 ], [ -77.070885, 38.9262413 ], [ -77.070885, 38.9268319 ], [ -77.070885, 38.926943 ] ] } },
{ "type": "Feature", "properties": { }, "geometry": { "type": "LineString", "coordinates": [ [ -77.069865, 38.9247 ], [ -77.0698653, 38.924764 ], [ -77.0698671, 38.92512 ], [ -77.0698661, 38.9257585 ], [ -77.069866, 38.926057 ], [ -77.0698646, 38.9260814 ], [ -77.069847, 38.926181 ] ] } },
{ "type": "Feature", "properties": { }, "geometry": { "type": "LineString", "coordinates": [ [ -77.0703845, 38.9257617 ], [ -77.0703846, 38.9251242 ] ] } },
{ "type": "Feature", "properties": { }, "geometry": { "type": "LineString", "coordinates": [ [ -77.068694, 38.925341 ], [ -77.069073, 38.925617 ], [ -77.069395, 38.925853 ], [ -77.069697, 38.9260785 ], [ -77.069847, 38.926181 ] ] } },
{ "type": "Feature", "properties": { }, "geometry": { "type": "LineString", "coordinates": [ [ -77.068694, 38.925341 ], [ -77.068672, 38.925369 ], [ -77.068655, 38.925399 ], [ -77.068642, 38.92543 ], [ -77.068635, 38.925462 ], [ -77.068634, 38.925495 ], [ -77.0686362, 38.9261349 ], [ -77.0686364, 38.926181 ], [ -77.0686366, 38.9262459 ], [ -77.0686379, 38.9266141 ], [ -77.0686395, 38.9270753 ], [ -77.0686396, 38.9271149 ], [ -77.0686344, 38.9274415 ], [ -77.0686551, 38.9275239 ] ] } },
{ "type": "Feature", "properties": { }, "geometry": { "type": "LineString", "coordinates": [ [ -77.0697082, 38.9270754 ], [ -77.0697476, 38.92701 ], [ -77.0700547, 38.9270058 ], [ -77.0702063, 38.9268796 ], [ -77.0696779, 38.9265029 ], [ -77.0695284, 38.9266245 ], [ -77.0694713, 38.9266709 ], [ -77.0694713, 38.9268295 ], [ -77.0694713, 38.927078 ] ] } },
{ "type": "Feature", "properties": { }, "geometry": { "type": "LineString", "coordinates": [ [ -77.0700547, 38.9270058 ], [ -77.0695284, 38.9266245 ] ] } },
{ "type": "Feature", "properties": { }, "geometry": { "type": "LineString", "coordinates": [ [ -77.0692981, 38.9270791 ], [ -77.0692981, 38.9266934 ], [ -77.0692015, 38.9266204 ], [ -77.0687102, 38.9266149 ], [ -77.0686379, 38.9266141 ] ] } },
{ "type": "Feature", "properties": { }, "geometry": { "type": "LineString", "coordinates": [ [ -77.0731855, 38.9236175 ], [ -77.073189, 38.924057 ], [ -77.0731884, 38.9244327 ] ] } },
{ "type": "Feature", "properties": { }, "geometry": { "type": "LineString", "coordinates": [ [ -77.0731884, 38.9244327 ], [ -77.073322, 38.9244347 ], [ -77.0733906, 38.9244358 ], [ -77.0733879, 38.9243701 ], [ -77.0734186, 38.924338 ], [ -77.0734912, 38.9242825 ] ] } },
{ "type": "Feature", "properties": { }, "geometry": { "type": "LineString", "coordinates": [ [ -77.0731884, 38.9244327 ], [ -77.073188, 38.924696 ] ] } },
{ "type": "Feature", "properties": { }, "geometry": { "type": "LineString", "coordinates": [ [ -77.0714547, 38.9257657 ], [ -77.0714496, 38.9247616 ], [ -77.0714493, 38.9246985 ], [ -77.0714492, 38.9246456 ], [ -77.0714469, 38.9236853 ], [ -77.0714467, 38.923621 ] ] } },
{ "type": "Feature", "properties": { }, "geometry": { "type": "LineString", "coordinates": [ [ -77.0725625, 38.9236202 ], [ -77.0725633, 38.9236848 ], [ -77.072571, 38.9243029 ], [ -77.0725753, 38.9246491 ], [ -77.0725759, 38.924697 ], [ -77.0725757, 38.9247661 ], [ -77.0725732, 38.9257667 ] ] } },
{ "type": "Feature", "properties": { }, "geometry": { "type": "LineString", "coordinates": [ [ -77.0727906, 38.9246969 ], [ -77.0730403, 38.9246963 ], [ -77.073188, 38.924696 ] ] } },
{ "type": "Feature", "properties": { }, "geometry": { "type": "LineString", "coordinates": [ [ -77.0731893, 38.9248941 ], [ -77.073324, 38.9248941 ], [ -77.0738447, 38.9248941 ], [ -77.0738393, 38.9248232 ] ] } },
{ "type": "Feature", "properties": { }, "geometry": { "type": "LineString", "coordinates": [ [ -77.073188, 38.924696 ], [ -77.0731886, 38.924788 ], [ -77.0731893, 38.9248941 ], [ -77.0731902, 38.9252958 ] ] } },
{ "type": "Feature", "properties": { }, "geometry": { "type": "LineString", "coordinates": [ [ -77.0720125, 38.9236225 ], [ -77.0720124, 38.9236879 ], [ -77.0720111, 38.9246489 ], [ -77.072011, 38.924698 ], [ -77.0720112, 38.9247654 ], [ -77.0720147, 38.9257667 ], [ -77.0720088, 38.9261293 ], [ -77.072008, 38.9261815 ], [ -77.0720087, 38.9262469 ], [ -77.0720126, 38.926591 ], [ -77.0720153, 38.9269771 ], [ -77.0720145, 38.9273049 ], [ -77.0720131, 38.9274708 ], [ -77.072014, 38.927529 ] ] } },
{ "type": "Feature", "properties": { }, "geometry": { "type": "LineString", "coordinates": [ [ -77.0731883, 38.9257668 ], [ -77.0730372, 38.9257668 ], [ -77.0725732, 38.9257667 ], [ -77.0720857, 38.9257667 ], [ -77.0720147, 38.9257667 ], [ -77.071935, 38.9257666 ], [ -77.0714547, 38.9257657 ], [ -77.0709598, 38.9257648 ], [ -77.0708853, 38.9257647 ], [ -77.0708115, 38.9257643 ], [ -77.0703845, 38.9257617 ], [ -77.0699382, 38.9257589 ], [ -77.0698661, 38.9257585 ] ] } },
{ "type": "Feature", "properties": { }, "geometry": { "type": "LineString", "coordinates": [ [ -77.0731902, 38.9252958 ], [ -77.0731883, 38.9257668 ], [ -77.073188, 38.9261283 ], [ -77.073188, 38.9261817 ], [ -77.0731884, 38.9262532 ], [ -77.0731901, 38.9266056 ], [ -77.0731901, 38.9267523 ], [ -77.07319, 38.9271649 ] ] } },
{ "type": "Feature", "properties": { }, "geometry": { "type": "LineString", "coordinates": [ [ -77.0720153, 38.9269771 ], [ -77.0719428, 38.9269236 ], [ -77.0716559, 38.9267121 ], [ -77.0715781, 38.9266787 ], [ -77.0715137, 38.9266369 ], [ -77.0714681, 38.9265723 ], [ -77.0714704, 38.9262465 ], [ -77.0714709, 38.9261814 ] ] } },
{ "type": "Feature", "properties": { }, "geometry": { "type": "LineString", "coordinates": [ [ -77.0731901, 38.9266056 ], [ -77.0730411, 38.9266038 ], [ -77.0725787, 38.926598 ], [ -77.0720845, 38.9265919 ], [ -77.0720126, 38.926591 ] ] } },
{ "type": "Feature", "properties": { }, "geometry": { "type": "LineString", "coordinates": [ [ -77.0731901, 38.9267523 ], [ -77.0730414, 38.9267502 ], [ -77.0726779, 38.926745 ] ] } },
{ "type": "Feature", "properties": { }, "geometry": { "type": "LineString", "coordinates": [ [ -77.0725759, 38.927529 ], [ -77.0725761, 38.9274752 ], [ -77.0725787, 38.926598 ] ] } },
{ "type": "Feature", "properties": { }, "geometry": { "type": "LineString", "coordinates": [ [ -77.0720145, 38.9273049 ], [ -77.0719481, 38.9273095 ], [ -77.0719267, 38.927311 ], [ -77.0718963, 38.9273231 ], [ -77.0718597, 38.927337 ], [ -77.0718308, 38.9273413 ], [ -77.0717989, 38.9273395 ], [ -77.0717685, 38.9273328 ], [ -77.0717389, 38.9273231 ], [ -77.0717014, 38.9273049 ], [ -77.0716601, 38.9272837 ], [ -77.0715923, 38.9272358 ] ] } },
{ "type": "Feature", "properties": { }, "geometry": { "type": "LineString", "coordinates": [ [ -77.07319, 38.9271649 ], [ -77.07319, 38.9274688 ], [ -77.07319, 38.927529 ] ] } },
{ "type": "Feature", "properties": { }, "geometry": { "type": "LineString", "coordinates": [ [ -77.072014, 38.927529 ], [ -77.0718484, 38.9275275 ], [ -77.071679, 38.927526 ] ] } },
{ "type": "Feature", "properties": { }, "geometry": { "type": "LineString", "coordinates": [ [ -77.07319, 38.927529 ], [ -77.073333, 38.9275288 ], [ -77.0739349, 38.9275282 ] ] } },
{ "type": "Feature", "properties": { }, "geometry": { "type": "LineString", "coordinates": [ [ -77.0725759, 38.927529 ], [ -77.0720911, 38.9275283 ], [ -77.072014, 38.927529 ] ] } },
{ "type": "Feature", "properties": { }, "geometry": { "type": "LineString", "coordinates": [ [ -77.0788752, 38.9258272 ], [ -77.0789556, 38.925855 ], [ -77.0789889, 38.9258623 ], [ -77.0793259, 38.9258895 ] ] } },
{ "type": "Feature", "properties": { }, "geometry": { "type": "LineString", "coordinates": [ [ -77.0804529, 38.9259267 ], [ -77.0803383, 38.9259176 ], [ -77.080224, 38.9259068 ], [ -77.0800584, 38.9258903 ], [ -77.0799089, 38.9258754 ] ] } },
{ "type": "Feature", "properties": { }, "geometry": { "type": "LineString", "coordinates": [ [ -77.0793259, 38.9258895 ], [ -77.0798586, 38.9259399 ], [ -77.079898, 38.9259432 ] ] } },
{ "type": "Feature", "properties": { }, "geometry": { "type": "LineString", "coordinates": [ [ -77.0804529, 38.9259267 ], [ -77.0804469, 38.9259806 ] ] } },
{ "type": "Feature", "properties": { }, "geometry": { "type": "LineString", "coordinates": [ [ -77.0812965, 38.9260267 ], [ -77.0812218, 38.9260096 ], [ -77.0811905, 38.9260024 ], [ -77.0811125, 38.9259895 ], [ -77.0810283, 38.9259763 ], [ -77.0809381, 38.9259672 ], [ -77.080792, 38.9259533 ], [ -77.0805471, 38.9259351 ], [ -77.0804529, 38.9259267 ] ] } },
{ "type": "Feature", "properties": { }, "geometry": { "type": "LineString", "coordinates": [ [ -77.079898, 38.9259432 ], [ -77.0800736, 38.925953 ], [ -77.0802326, 38.9259618 ], [ -77.0804469, 38.9259806 ], [ -77.080553, 38.9259901 ], [ -77.0808019, 38.9260114 ], [ -77.0809923, 38.9260253 ], [ -77.0810516, 38.9260323 ], [ -77.0811244, 38.9260437 ], [ -77.0812027, 38.9260598 ], [ -77.0812789, 38.92608 ] ] } },
{ "type": "Feature", "properties": { }, "geometry": { "type": "LineString", "coordinates": [ [ -77.078979, 38.926183 ], [ -77.07913, 38.926181 ], [ -77.079206, 38.926173 ], [ -77.079281, 38.926158 ], [ -77.07933, 38.926145 ], [ -77.079377, 38.926129 ], [ -77.079649, 38.926041 ], [ -77.079743, 38.926014 ], [ -77.079836, 38.925984 ], [ -77.0798715, 38.9259703 ], [ -77.079898, 38.9259432 ], [ -77.0799089, 38.9258754 ] ] } },
{ "type": "Feature", "properties": { }, "geometry": { "type": "LineString", "coordinates": [ [ -77.0810258, 38.9261911 ], [ -77.0810422, 38.9260902 ], [ -77.0810516, 38.9260323 ] ] } },
{ "type": "Feature", "properties": { }, "geometry": { "type": "LineString", "coordinates": [ [ -77.0810258, 38.9261911 ], [ -77.081106, 38.9261876 ], [ -77.0812392, 38.926191 ], [ -77.0812605, 38.9261359 ], [ -77.0812789, 38.92608 ] ] } },
{ "type": "Feature", "properties": { }, "geometry": { "type": "LineString", "coordinates": [ [ -77.0818173, 38.9264763 ], [ -77.0818149, 38.9264223 ], [ -77.0817562, 38.9263266 ], [ -77.0817125, 38.9262789 ], [ -77.0816805, 38.9262457 ], [ -77.0816482, 38.9262181 ], [ -77.081609, 38.9261848 ], [ -77.0815596, 38.9261474 ], [ -77.0815116, 38.9261188 ], [ -77.0814635, 38.926092 ], [ -77.0814066, 38.9260642 ], [ -77.0812965, 38.9260267 ] ] } },
{ "type": "Feature", "properties": { }, "geometry": { "type": "LineString", "coordinates": [ [ -77.0812789, 38.92608 ], [ -77.0813867, 38.926121 ], [ -77.0814447, 38.9261528 ], [ -77.0814924, 38.9261809 ], [ -77.0815408, 38.9262083 ], [ -77.0815848, 38.9262456 ], [ -77.0816254, 38.9262821 ], [ -77.0816544, 38.9263081 ], [ -77.0816857, 38.9263413 ], [ -77.081724, 38.9263858 ], [ -77.0817638, 38.9264361 ], [ -77.0818173, 38.9264763 ] ] } },
{ "type": "Feature", "properties": { }, "geometry": { "type": "LineString", "coordinates": [ [ -77.0803154, 38.9266026 ], [ -77.0802093, 38.9265965 ], [ -77.0798821, 38.9261437 ], [ -77.0798592, 38.9260645 ], [ -77.079836, 38.925984 ] ] } },
{ "type": "Feature", "properties": { }, "geometry": { "type": "LineString", "coordinates": [ [ -77.0812392, 38.926191 ], [ -77.0812258, 38.9263088 ], [ -77.0811869, 38.92641 ] ] } },
{ "type": "Feature", "properties": { }, "geometry": { "type": "LineString", "coordinates": [ [ -77.0810258, 38.9261911 ], [ -77.081022, 38.9262146 ], [ -77.0809844, 38.9262918 ], [ -77.0807243, 38.9266152 ], [ -77.0806203, 38.9266153 ] ] } },
{ "type": "Feature", "properties": { }, "geometry": { "type": "LineString", "coordinates": [ [ -77.0806203, 38.9266153 ], [ -77.0803154, 38.9266026 ] ] } },
{ "type": "Feature", "properties": { }, "geometry": { "type": "LineString", "coordinates": [ [ -77.0795512, 38.9270509 ], [ -77.0795354, 38.9270091 ], [ -77.07946, 38.9269065 ], [ -77.0791342, 38.926621 ], [ -77.0790794, 38.92655 ], [ -77.0789802, 38.9264081 ], [ -77.078918, 38.92636 ] ] } },
{ "type": "Feature", "properties": { }, "geometry": { "type": "LineString", "coordinates": [ [ -77.0818173, 38.9264763 ], [ -77.08203, 38.926836 ], [ -77.08236, 38.927416 ], [ -77.0825793, 38.9277974 ], [ -77.082617, 38.927864 ] ] } },
{ "type": "Feature", "properties": { }, "geometry": { "type": "LineString", "coordinates": [ [ -77.079666945795552, 38.927058535581693 ], [ -77.0796051, 38.9270468 ], [ -77.0795512, 38.9270509 ], [ -77.0795171, 38.9270536 ], [ -77.0794406, 38.9270807 ], [ -77.079379, 38.9271253 ], [ -77.0793387, 38.9271826 ], [ -77.0793236, 38.927247 ], [ -77.0793355, 38.9273117 ], [ -77.079337570956511, 38.927314944867682 ] ] } },
{ "type": "Feature", "properties": { }, "geometry": { "type": "LineString", "coordinates": [ [ -77.0793355, 38.9273117 ], [ -77.079327212757718, 38.927323370790901 ] ] } },
{ "type": "Feature", "properties": { }, "geometry": { "type": "LineString", "coordinates": [ [ -77.0867674, 38.9211578 ], [ -77.0866192, 38.9211212 ], [ -77.0864557, 38.9211258 ], [ -77.0863076, 38.9211542 ], [ -77.0861322, 38.9211843 ] ] } },
{ "type": "Feature", "properties": { }, "geometry": { "type": "LineString", "coordinates": [ [ -77.0882224, 38.9230453 ], [ -77.0881213, 38.9231619 ], [ -77.0879714, 38.9232028 ], [ -77.087886, 38.923211 ], [ -77.0877835, 38.9232018 ], [ -77.0875101, 38.923168 ], [ -77.0872512, 38.9231558 ], [ -77.087012, 38.923135 ] ] } },
{ "type": "Feature", "properties": { }, "geometry": { "type": "LineString", "coordinates": [ [ -77.087689, 38.924553 ], [ -77.0875008, 38.9247136 ] ] } },
{ "type": "Feature", "properties": { }, "geometry": { "type": "LineString", "coordinates": [ [ -77.0845711, 38.9268946 ], [ -77.084664, 38.926818 ], [ -77.084703, 38.926792 ], [ -77.084745, 38.926769 ], [ -77.084767, 38.926758 ], [ -77.084813, 38.92674 ], [ -77.084836, 38.926732 ], [ -77.084885, 38.926718 ], [ -77.084935, 38.926708 ], [ -77.08496, 38.926704 ], [ -77.085011, 38.926699 ], [ -77.085063, 38.926697 ], [ -77.086214, 38.9267 ] ] } },
{ "type": "Feature", "properties": { }, "geometry": { "type": "LineString", "coordinates": [ [ -77.0845998, 38.9269279 ], [ -77.0845898, 38.9269101 ], [ -77.0845733, 38.9268956 ], [ -77.0845711, 38.9268946 ], [ -77.0845493, 38.926885 ], [ -77.0845221, 38.9268812 ], [ -77.0844948, 38.9268849 ], [ -77.0844708, 38.9268955 ], [ -77.0844528, 38.9269119 ], [ -77.0844429, 38.926932 ], [ -77.0844424, 38.9269535 ], [ -77.0844513, 38.9269739 ], [ -77.0844686, 38.9269907 ], [ -77.0844921, 38.927002 ], [ -77.0845192, 38.9270064 ], [ -77.0845439, 38.9270041 ], [ -77.0845665, 38.926996 ], [ -77.0845849, 38.9269829 ], [ -77.0845972, 38.9269661 ], [ -77.0846023, 38.9269471 ], [ -77.0845998, 38.9269279 ] ] } },
{ "type": "Feature", "properties": { }, "geometry": { "type": "LineString", "coordinates": [ [ -77.0860012, 38.9205967 ], [ -77.086024, 38.920754 ], [ -77.086042, 38.920882 ], [ -77.086053, 38.920945 ], [ -77.08608, 38.921039 ], [ -77.086095, 38.921086 ], [ -77.086111, 38.921132 ], [ -77.0861322, 38.9211843 ], [ -77.086147, 38.921224 ], [ -77.086188, 38.921314 ], [ -77.086233, 38.921404 ], [ -77.086255, 38.921443 ], [ -77.086329, 38.92156 ], [ -77.086382, 38.921636 ], [ -77.086439, 38.921711 ], [ -77.086498, 38.921784 ], [ -77.086671, 38.921979 ], [ -77.086724, 38.922043 ], [ -77.08675, 38.922076 ], [ -77.086774, 38.922109 ], [ -77.086819, 38.922177 ], [ -77.08686, 38.922247 ], [ -77.086879, 38.922282 ], [ -77.086943, 38.922415 ], [ -77.086959, 38.922451 ], [ -77.086966, 38.922469 ], [ -77.086978, 38.922506 ], [ -77.086988, 38.922543 ], [ -77.086996, 38.922581 ], [ -77.086999, 38.9226 ], [ -77.087024, 38.922729 ], [ -77.08703, 38.922798 ], [ -77.087032, 38.922833 ], [ -77.087032, 38.922885 ], [ -77.087023, 38.923024 ], [ -77.087012, 38.923135 ], [ -77.087008, 38.923162 ], [ -77.087003, 38.923188 ], [ -77.086991, 38.923239 ], [ -77.086977, 38.923289 ], [ -77.086951, 38.923364 ], [ -77.086931, 38.923413 ], [ -77.086905, 38.923482 ], [ -77.086877, 38.923551 ], [ -77.086833, 38.923654 ], [ -77.086785, 38.923755 ], [ -77.086636, 38.924094 ], [ -77.086543, 38.924302 ], [ -77.086509, 38.924379 ], [ -77.086441, 38.924544 ], [ -77.086412, 38.92461 ], [ -77.086367, 38.924707 ], [ -77.086338, 38.924777 ], [ -77.086312, 38.924847 ], [ -77.086288, 38.924918 ], [ -77.086277, 38.924953 ], [ -77.086249, 38.92506 ], [ -77.086234, 38.925129 ], [ -77.086222, 38.925199 ], [ -77.086214, 38.925268 ], [ -77.08621, 38.925338 ], [ -77.086209, 38.925373 ], [ -77.086209, 38.925488 ], [ -77.0862098, 38.9256983 ], [ -77.086214, 38.9267 ], [ -77.086215, 38.9275357 ], [ -77.086212976385482, 38.928438434436607 ] ] } },
{ "type": "Feature", "properties": { }, "geometry": { "type": "LineString", "coordinates": [ [ -77.08381, 38.927528 ], [ -77.0845011, 38.9275277 ], [ -77.086215, 38.9275357 ], [ -77.087427, 38.9275385 ], [ -77.088633, 38.927529 ], [ -77.0887906, 38.927529 ], [ -77.0889941, 38.927529 ], [ -77.0892808, 38.927529 ], [ -77.090254, 38.927529 ] ] } },
{ "type": "Feature", "properties": { }, "geometry": { "type": "LineString", "coordinates": [ [ -77.082617, 38.927864 ], [ -77.0826533, 38.9278441 ], [ -77.0827038, 38.9278165 ], [ -77.082778, 38.927774 ], [ -77.082819, 38.927752 ], [ -77.083019, 38.927637 ], [ -77.083086, 38.927603 ], [ -77.083157, 38.927576 ], [ -77.083225, 38.927559 ], [ -77.083318, 38.927543 ], [ -77.083412, 38.927533 ], [ -77.083507, 38.927529 ], [ -77.0836568, 38.927529 ], [ -77.08381, 38.927528 ] ] } },
{ "type": "Feature", "properties": { }, "geometry": { "type": "LineString", "coordinates": [ [ -77.0845011, 38.9275277 ], [ -77.0844859, 38.9277422 ], [ -77.084494, 38.9278239 ], [ -77.0845256, 38.9278729 ], [ -77.0845915, 38.9279029 ], [ -77.0848285, 38.9279901 ], [ -77.0851484, 38.928101 ], [ -77.0852026, 38.9281146 ], [ -77.0853617, 38.9281138 ] ] } },
{ "type": "Feature", "properties": { }, "geometry": { "type": "LineString", "coordinates": [ [ -77.08381, 38.927528 ], [ -77.083863, 38.92769 ], [ -77.0839, 38.927782 ], [ -77.083932, 38.927844 ], [ -77.084014, 38.927965 ], [ -77.084062, 38.928023 ], [ -77.084087, 38.928051 ], [ -77.084139, 38.928105 ], [ -77.084168, 38.928131 ], [ -77.084227, 38.92818 ], [ -77.084257, 38.928203 ], [ -77.084289, 38.928226 ], [ -77.084405, 38.928302 ], [ -77.084524, 38.928376 ], [ -77.084638266203768, 38.928444180939259 ] ] } },
{ "type": "Feature", "properties": { }, "geometry": { "type": "LineString", "coordinates": [ [ -77.0783618, 38.9257954 ], [ -77.0783743, 38.9258584 ], [ -77.0783964, 38.9259698 ] ] } },
{ "type": "Feature", "properties": { }, "geometry": { "type": "LineString", "coordinates": [ [ -77.0774729, 38.9261827 ], [ -77.0776659, 38.9261827 ], [ -77.078979, 38.926183 ] ] } },
{ "type": "Feature", "properties": { }, "geometry": { "type": "LineString", "coordinates": [ [ -77.0776659, 38.9266731 ], [ -77.0783284, 38.9266752 ], [ -77.0783748, 38.9267113 ], [ -77.0784291, 38.9267536 ] ] } },
{ "type": "Feature", "properties": { }, "geometry": { "type": "LineString", "coordinates": [ [ -77.0777871, 38.92726 ], [ -77.0777419, 38.9272167 ], [ -77.0776712, 38.9271489 ], [ -77.0776659, 38.9266731 ], [ -77.0776659, 38.9262518 ], [ -77.0776659, 38.9261827 ] ] } },
{ "type": "Feature", "properties": { }, "geometry": { "type": "LineString", "coordinates": [ [ -77.078979, 38.926183 ], [ -77.078976, 38.926233 ], [ -77.0789712, 38.9262627 ], [ -77.078964, 38.926287 ], [ -77.078952, 38.926312 ], [ -77.078937, 38.926337 ], [ -77.078918, 38.92636 ], [ -77.078884, 38.926388 ], [ -77.078778, 38.926478 ], [ -77.07849, 38.926706 ], [ -77.0784291, 38.9267536 ], [ -77.078174, 38.926953 ], [ -77.0777871, 38.92726 ], [ -77.0776159, 38.9273958 ], [ -77.077525, 38.927468 ], [ -77.077497, 38.927486 ], [ -77.077467, 38.927501 ], [ -77.077435, 38.927513 ], [ -77.077401, 38.927521 ], [ -77.077366, 38.927526 ], [ -77.0771398, 38.9275267 ], [ -77.077046, 38.927527 ] ] } },
{ "type": "Feature", "properties": { }, "geometry": { "type": "LineString", "coordinates": [ [ -77.0764053, 38.9270517 ], [ -77.0764079, 38.9266844 ] ] } },
{ "type": "Feature", "properties": { }, "geometry": { "type": "LineString", "coordinates": [ [ -77.0776159, 38.9273958 ], [ -77.0776883, 38.9274419 ], [ -77.0777624, 38.927489 ], [ -77.0778805, 38.9274869 ], [ -77.078017, 38.9273823 ], [ -77.0783338, 38.9271395 ], [ -77.0783901, 38.9270654 ], [ -77.0784032, 38.9270552 ], [ -77.0784518, 38.9270174 ], [ -77.0785497, 38.9269778 ], [ -77.0790794, 38.92655 ] ] } },
{ "type": "Feature", "properties": { }, "geometry": { "type": "LineString", "coordinates": [ [ -77.0783338, 38.9271395 ], [ -77.0784451, 38.9271437 ], [ -77.0785175, 38.9271197 ], [ -77.0785483, 38.9270779 ], [ -77.0785497, 38.9269778 ] ] } },
{ "type": "Feature", "properties": { }, "geometry": { "type": "LineString", "coordinates": [ [ -77.077049, 38.9256966 ], [ -77.077048, 38.9259 ], [ -77.077048, 38.9260879 ], [ -77.077048, 38.9261261 ], [ -77.077048, 38.9261826 ], [ -77.077048, 38.9262566 ], [ -77.077048, 38.9262941 ], [ -77.0770481, 38.9266877 ], [ -77.0770463, 38.927055 ], [ -77.077046, 38.9274725 ], [ -77.077046, 38.927527 ], [ -77.0770463, 38.927603 ], [ -77.077048, 38.9280211 ], [ -77.0770488, 38.928219 ], [ -77.077049675385751, 38.928433156870902 ] ] } },
{ "type": "Feature", "properties": { }, "geometry": { "type": "LineString", "coordinates": [ [ -77.0777624, 38.927489 ], [ -77.0778416, 38.9275485 ], [ -77.0779676, 38.9275902 ], [ -77.0780803, 38.927586 ], [ -77.0781862, 38.9275433 ], [ -77.0782144, 38.9274859 ], [ -77.0781742, 38.92744 ], [ -77.0781084, 38.9274118 ], [ -77.078017, 38.9273823 ] ] } },
{ "type": "Feature", "properties": { }, "geometry": { "type": "LineString", "coordinates": [ [ -77.0830008, 38.928536 ], [ -77.0829143, 38.9285631 ], [ -77.0828458, 38.9285846 ], [ -77.0828138, 38.9285808 ], [ -77.0827586, 38.9284844 ] ] } },
{ "type": "Feature", "properties": { }, "geometry": { "type": "LineString", "coordinates": [ [ -77.0829334, 38.928418 ], [ -77.0828487, 38.9284501 ], [ -77.0827586, 38.9284844 ], [ -77.0827013, 38.9285061 ], [ -77.0826751, 38.9285672 ], [ -77.0826518, 38.9287272 ], [ -77.08269680145294, 38.928802836943056 ] ] } },
{ "type": "Feature", "properties": { }, "geometry": { "type": "LineString", "coordinates": [ [ -77.08381, 38.927528 ], [ -77.083793, 38.92788 ], [ -77.083789, 38.927923 ], [ -77.083786, 38.928221 ], [ -77.083786, 38.928448952471101 ] ] } },
{ "type": "Feature", "properties": { }, "geometry": { "type": "LineString", "coordinates": [ [ -77.087427, 38.9275385 ], [ -77.0874269, 38.92764 ], [ -77.087426322257713, 38.928430223048032 ] ] } },
{ "type": "Feature", "properties": { }, "geometry": { "type": "LineString", "coordinates": [ [ -77.082617, 38.927864 ], [ -77.0826693, 38.9279565 ], [ -77.0829334, 38.928418 ], [ -77.0830008, 38.928536 ], [ -77.083105026095183, 38.928718565970648 ] ] } },
{ "type": "Feature", "properties": { }, "geometry": { "type": "LineString", "coordinates": [ [ -77.094415, 38.926201 ], [ -77.094384, 38.926277 ], [ -77.094356, 38.926342 ], [ -77.094308, 38.926437 ], [ -77.094278, 38.926483 ], [ -77.094216, 38.926573 ], [ -77.094152, 38.926663 ], [ -77.094049, 38.926794 ], [ -77.093978, 38.92688 ], [ -77.093917, 38.92696 ], [ -77.093862, 38.927042 ], [ -77.093835, 38.927084 ], [ -77.09381, 38.927126 ], [ -77.093786, 38.927169 ], [ -77.093742, 38.927255 ], [ -77.093721, 38.927299 ], [ -77.093656, 38.92748 ], [ -77.093644, 38.927524 ], [ -77.093635, 38.927565 ], [ -77.09362, 38.927639 ], [ -77.09361, 38.927702 ], [ -77.093601, 38.927792 ], [ -77.0936129, 38.9279774 ], [ -77.093596, 38.9282873 ], [ -77.0935931, 38.9283397 ] ] } },
{ "type": "Feature", "properties": { }, "geometry": { "type": "LineString", "coordinates": [ [ -77.100555393390977, 38.922385805152473 ], [ -77.100535, 38.922373 ], [ -77.100509, 38.922361 ], [ -77.100483, 38.922351 ], [ -77.100456, 38.922343 ], [ -77.100428, 38.922336 ], [ -77.10037, 38.922326 ], [ -77.10034, 38.922322 ], [ -77.100311, 38.922317 ], [ -77.1002009, 38.9223023 ], [ -77.100078, 38.922286 ], [ -77.0999392, 38.9222736 ], [ -77.0998228, 38.9222649 ], [ -77.0997046, 38.9222625 ], [ -77.0994843, 38.9222323 ], [ -77.099344, 38.922213 ], [ -77.099281, 38.922213 ], [ -77.09923, 38.922214 ], [ -77.099089, 38.922213 ], [ -77.099047, 38.922212 ], [ -77.099005, 38.922216 ], [ -77.098963, 38.922222 ], [ -77.098923, 38.922233 ], [ -77.098844, 38.922266 ], [ -77.098806, 38.922289 ], [ -77.098789, 38.922302 ], [ -77.098773, 38.922316 ], [ -77.098759, 38.922331 ], [ -77.098723, 38.92238 ], [ -77.098607, 38.922568 ], [ -77.098527, 38.922687 ], [ -77.098512015460543, 38.922707919973931 ] ] } },
{ "type": "Feature", "properties": { }, "geometry": { "type": "LineString", "coordinates": [ [ -77.093596, 38.9282873 ], [ -77.0934783, 38.9282436 ], [ -77.0934379, 38.9281822 ], [ -77.093382, 38.9281068 ], [ -77.0933164, 38.9280635 ], [ -77.0931791, 38.9280828 ], [ -77.0930801, 38.9281145 ], [ -77.0930096, 38.9281646 ], [ -77.0929984, 38.9282291 ], [ -77.0930257, 38.9282714 ], [ -77.0930826, 38.9282897 ], [ -77.0932335, 38.9283224 ] ] } },
{ "type": "Feature", "properties": { }, "geometry": { "type": "LineString", "coordinates": [ [ -77.0935931, 38.9283397 ], [ -77.0935931, 38.9283553 ], [ -77.09359597543957, 38.928471401764959 ] ] } },
{ "type": "Feature", "properties": { }, "geometry": { "type": "LineString", "coordinates": [ [ -77.0889941, 38.927529 ], [ -77.0889905, 38.927879 ], [ -77.0889842, 38.9279197 ], [ -77.0889671, 38.9279596 ], [ -77.0889203, 38.9279904 ], [ -77.0888653, 38.9280051 ], [ -77.0887708, 38.9280121 ], [ -77.0886345, 38.9280184 ] ] } },
{ "type": "Feature", "properties": { }, "geometry": { "type": "LineString", "coordinates": [ [ -77.089900954670043, 38.92844680653738 ], [ -77.0898986, 38.9283182 ] ] } },
{ "type": "Feature", "properties": { }, "geometry": { "type": "LineString", "coordinates": [ [ -77.090941463820812, 38.92844194192709 ], [ -77.090932, 38.9284339 ], [ -77.0908711, 38.9284027 ], [ -77.0908192, 38.9283946 ], [ -77.0907518, 38.9283906 ], [ -77.0907189, 38.9283958 ], [ -77.090574, 38.9284189 ] ] } },
{ "type": "Feature", "properties": { }, "geometry": { "type": "LineString", "coordinates": [ [ -77.088635737113037, 38.928440799877272 ], [ -77.0886345, 38.9280184 ], [ -77.088633, 38.927529 ] ] } },
{ "type": "Feature", "properties": { }, "geometry": { "type": "LineString", "coordinates": [ [ -77.0739287, 38.9264821 ], [ -77.073787, 38.9264842 ], [ -77.073791, 38.9263965 ] ] } },
{ "type": "Feature", "properties": { }, "geometry": { "type": "LineString", "coordinates": [ [ -77.0746234, 38.9265542 ], [ -77.0745388, 38.9265545 ], [ -77.0739285, 38.9265563 ] ] } },
{ "type": "Feature", "properties": { }, "geometry": { "type": "LineString", "coordinates": [ [ -77.0739284, 38.9265958 ], [ -77.0736435, 38.9265948 ] ] } },
{ "type": "Feature", "properties": { }, "geometry": { "type": "LineString", "coordinates": [ [ -77.0770481, 38.9266877 ], [ -77.0769687, 38.9266873 ], [ -77.0764079, 38.9266844 ], [ -77.075907, 38.9266819 ], [ -77.0758338, 38.9266815 ], [ -77.0757608, 38.9266811 ], [ -77.0752546, 38.9266785 ], [ -77.0746964, 38.9266756 ], [ -77.0746242, 38.9266752 ] ] } },
{ "type": "Feature", "properties": { }, "geometry": { "type": "LineString", "coordinates": [ [ -77.0739349, 38.9275282 ], [ -77.0739337, 38.927469 ], [ -77.0739277, 38.9271638 ], [ -77.0739269, 38.9271239 ], [ -77.0739284, 38.9265958 ], [ -77.0739285, 38.9265563 ], [ -77.0739287, 38.9264821 ], [ -77.0739293, 38.9262556 ], [ -77.0739295, 38.9261819 ] ] } },
{ "type": "Feature", "properties": { }, "geometry": { "type": "LineString", "coordinates": [ [ -77.0752546, 38.9270467 ], [ -77.0752546, 38.9266785 ] ] } },
{ "type": "Feature", "properties": { }, "geometry": { "type": "LineString", "coordinates": [ [ -77.0770463, 38.927055 ], [ -77.0769684, 38.9270546 ], [ -77.0764053, 38.9270517 ], [ -77.0759107, 38.9270491 ], [ -77.0758366, 38.9270487 ], [ -77.0757699, 38.9270485 ], [ -77.0752546, 38.9270467 ], [ -77.0746944, 38.9270448 ], [ -77.0746246, 38.9270446 ] ] } },
{ "type": "Feature", "properties": { }, "geometry": { "type": "LineString", "coordinates": [ [ -77.0746244, 38.927128 ], [ -77.0745399, 38.9271275 ], [ -77.0739269, 38.9271239 ] ] } },
{ "type": "Feature", "properties": { }, "geometry": { "type": "LineString", "coordinates": [ [ -77.0736693, 38.9271649 ], [ -77.0739277, 38.9271638 ] ] } },
{ "type": "Feature", "properties": { }, "geometry": { "type": "LineString", "coordinates": [ [ -77.074623, 38.925576 ], [ -77.0746221, 38.9256945 ], [ -77.0746216, 38.9257717 ], [ -77.0746228, 38.9261251 ], [ -77.074623, 38.926182 ], [ -77.0746231, 38.926255 ], [ -77.0746234, 38.9265542 ], [ -77.0746242, 38.9266752 ], [ -77.0746246, 38.9270446 ], [ -77.0746244, 38.927128 ], [ -77.0746258, 38.9274703 ], [ -77.074626, 38.927526 ], [ -77.0746256, 38.9275996 ], [ -77.0746236, 38.9280148 ], [ -77.074621528854706, 38.928416084401128 ] ] } },
{ "type": "Feature", "properties": { }, "geometry": { "type": "LineString", "coordinates": [ [ -77.0739349, 38.9275282 ], [ -77.0740395, 38.9275281 ], [ -77.074128, 38.927528 ], [ -77.0745389, 38.9275263 ], [ -77.074626, 38.927526 ], [ -77.0747065, 38.9275266 ], [ -77.075016, 38.927529 ], [ -77.075619, 38.927529 ], [ -77.0757454, 38.9275279 ], [ -77.075839, 38.927527 ], [ -77.075919, 38.927527 ], [ -77.0769661, 38.927527 ], [ -77.077046, 38.927527 ] ] } },
{ "type": "Feature", "properties": { }, "geometry": { "type": "LineString", "coordinates": [ [ -77.07583, 38.9261823 ], [ -77.0758305, 38.9262522 ], [ -77.0758338, 38.9266815 ], [ -77.0758366, 38.9270487 ], [ -77.0758387, 38.9274705 ], [ -77.075839, 38.927527 ], [ -77.075839, 38.9276013 ], [ -77.0758387, 38.9280169 ], [ -77.075838776022479, 38.928427801513209 ] ] } },
{ "type": "Feature", "properties": { }, "geometry": { "type": "LineString", "coordinates": [ [ -77.077048, 38.9280211 ], [ -77.0769639, 38.9280205 ], [ -77.0764133, 38.9280169 ], [ -77.0758387, 38.9280169 ], [ -77.0752707, 38.9280159 ], [ -77.0747048, 38.9280149 ], [ -77.0746236, 38.9280148 ] ] } },
{ "type": "Feature", "properties": { }, "geometry": { "type": "LineString", "coordinates": [ [ -77.0740396, 38.9290254 ], [ -77.0740396, 38.9289637 ], [ -77.0740395, 38.927601 ], [ -77.0740395, 38.9275281 ] ] } },
{ "type": "Feature", "properties": { }, "geometry": { "type": "LineString", "coordinates": [ [ -77.075266646087655, 38.928422342248808 ], [ -77.0752707, 38.9280159 ] ] } },
{ "type": "Feature", "properties": { }, "geometry": { "type": "LineString", "coordinates": [ [ -77.0735174, 38.9290253 ], [ -77.073529, 38.9290955 ], [ -77.0735309, 38.929107 ], [ -77.0735416, 38.9291414 ], [ -77.0735543, 38.9291712 ], [ -77.0735865, 38.9291973 ], [ -77.0736046, 38.9292035 ], [ -77.0736294, 38.9292056 ], [ -77.0736549, 38.9292056 ], [ -77.0736784, 38.9291999 ], [ -77.0737059, 38.9291905 ], [ -77.0737333, 38.9291737 ], [ -77.0737474, 38.9291607 ], [ -77.0738308, 38.9290961 ] ] } },
{ "type": "Feature", "properties": { }, "geometry": { "type": "LineString", "coordinates": [ [ -77.073736, 38.929026 ], [ -77.0738308, 38.9290961 ], [ -77.07387, 38.929125 ], [ -77.074008524175966, 38.929225131707724 ] ] } },
{ "type": "Feature", "properties": { }, "geometry": { "type": "LineString", "coordinates": [ [ -77.069847, 38.926181 ], [ -77.070134, 38.926396 ], [ -77.0708131, 38.9268907 ], [ -77.070885, 38.926943 ], [ -77.0709603, 38.9269971 ], [ -77.07114, 38.927126 ], [ -77.0715824, 38.9274543 ], [ -77.071679, 38.927526 ] ] } },
{ "type": "Feature", "properties": { }, "geometry": { "type": "LineString", "coordinates": [ [ -77.0697476, 38.92701 ], [ -77.0694713, 38.9268295 ] ] } },
{ "type": "Feature", "properties": { }, "geometry": { "type": "LineString", "coordinates": [ [ -77.0686395, 38.9270753 ], [ -77.0687073, 38.9270757 ], [ -77.0692981, 38.9270791 ], [ -77.0693448, 38.9270794 ] ] } },
{ "type": "Feature", "properties": { }, "geometry": { "type": "LineString", "coordinates": [ [ -77.070885, 38.926943 ], [ -77.0708836, 38.9270763 ], [ -77.0708799, 38.9274421 ], [ -77.070879, 38.927525 ] ] } },
{ "type": "Feature", "properties": { }, "geometry": { "type": "LineString", "coordinates": [ [ -77.0697165, 38.927525 ], [ -77.069715, 38.9274428 ], [ -77.0697137, 38.9273748 ], [ -77.0697082, 38.9270754 ], [ -77.0694713, 38.927078 ], [ -77.0693448, 38.9270794 ] ] } },
{ "type": "Feature", "properties": { }, "geometry": { "type": "LineString", "coordinates": [ [ -77.070151, 38.927525 ], [ -77.0701488, 38.927443 ], [ -77.0701484, 38.9274285 ], [ -77.0701323, 38.9273882 ], [ -77.0700894, 38.9273715 ], [ -77.0697137, 38.9273748 ] ] } },
{ "type": "Feature", "properties": { }, "geometry": { "type": "LineString", "coordinates": [ [ -77.0699594, 38.927525 ], [ -77.070151, 38.927525 ], [ -77.070879, 38.927525 ], [ -77.071476, 38.9275257 ], [ -77.071679, 38.927526 ] ] } },
{ "type": "Feature", "properties": { }, "geometry": { "type": "LineString", "coordinates": [ [ -77.0699594, 38.927525 ], [ -77.0699597, 38.9276229 ], [ -77.0699605, 38.9278541 ], [ -77.0699605, 38.9278693 ], [ -77.0699696, 38.9281977 ], [ -77.0699765, 38.9282607 ], [ -77.0699842, 38.9282987 ], [ -77.0700305, 38.9283505 ], [ -77.0700994, 38.9283821 ], [ -77.0702326, 38.928376 ], [ -77.0703546, 38.9283432 ], [ -77.0704459, 38.9283056 ], [ -77.0705182, 38.9282752 ], [ -77.0706144, 38.9282389 ], [ -77.0707248, 38.9282156 ], [ -77.0707893, 38.9282143 ], [ -77.0708538, 38.9282171 ] ] } },
{ "type": "Feature", "properties": { }, "geometry": { "type": "MultiLineString", "coordinates": [ [ [ -77.0727529, 38.9283078 ], [ -77.0726439, 38.9283806 ], [ -77.0724578, 38.9285054 ], [ -77.072438, 38.928522 ], [ -77.0722742, 38.9286581 ], [ -77.0721577, 38.9287701 ], [ -77.0720571, 38.9288668 ], [ -77.0719836, 38.9289239 ], [ -77.071924656359641, 38.928945823179589 ] ], [ [ -77.068786028416753, 38.928406072488855 ], [ -77.0687808, 38.9283476 ], [ -77.0687564, 38.9281011 ], [ -77.0687382, 38.9279194 ], [ -77.0687261, 38.9277993 ], [ -77.0686925, 38.9277348 ], [ -77.068683, 38.9276273 ], [ -77.0686551, 38.9275239 ] ] ] } },
{ "type": "Feature", "properties": { }, "geometry": { "type": "LineString", "coordinates": [ [ -77.07319, 38.927529 ], [ -77.0730451, 38.927529 ], [ -77.0728404, 38.927529 ], [ -77.0725759, 38.927529 ] ] } },
{ "type": "Feature", "properties": { }, "geometry": { "type": "LineString", "coordinates": [ [ -77.0720169, 38.9276031 ], [ -77.072014, 38.927529 ] ] } },
{ "type": "Feature", "properties": { }, "geometry": { "type": "LineString", "coordinates": [ [ -77.071679, 38.927526 ], [ -77.0718099, 38.9276219 ], [ -77.072023, 38.927778 ] ] } },
{ "type": "Feature", "properties": { }, "geometry": { "type": "LineString", "coordinates": [ [ -77.072023, 38.927778 ], [ -77.0720177, 38.927657 ], [ -77.0720169, 38.9276031 ] ] } },
{ "type": "Feature", "properties": { }, "geometry": { "type": "LineString", "coordinates": [ [ -77.072023, 38.927778 ], [ -77.072251, 38.927941 ], [ -77.072397, 38.928044 ], [ -77.0726898, 38.928261 ] ] } },
{ "type": "Feature", "properties": { }, "geometry": { "type": "LineString", "coordinates": [ [ -77.073162, 38.928611 ], [ -77.0731754, 38.9284916 ], [ -77.0731772, 38.9284752 ], [ -77.07318, 38.92845 ], [ -77.073186, 38.928313 ], [ -77.073189, 38.928176 ], [ -77.073189, 38.928085 ], [ -77.0731899, 38.9275975 ], [ -77.07319, 38.927529 ] ] } },
{ "type": "Feature", "properties": { }, "geometry": { "type": "LineString", "coordinates": [ [ -77.0726898, 38.928261 ], [ -77.0727529, 38.9283078 ] ] } },
{ "type": "Feature", "properties": { }, "geometry": { "type": "LineString", "coordinates": [ [ -77.0727529, 38.9283078 ], [ -77.0729962, 38.9284881 ], [ -77.073162, 38.928611 ] ] } },
{ "type": "Feature", "properties": { }, "geometry": { "type": "LineString", "coordinates": [ [ -77.073162, 38.928611 ], [ -77.073319, 38.9287244 ], [ -77.0733415, 38.9287407 ] ] } },
{ "type": "Feature", "properties": { }, "geometry": { "type": "LineString", "coordinates": [ [ -77.0770488, 38.928219 ], [ -77.0771341, 38.9282225 ], [ -77.0772022, 38.9282253 ], [ -77.0774666, 38.9282793 ] ] } },
{ "type": "Feature", "properties": { }, "geometry": { "type": "LineString", "coordinates": [ [ -77.076409190744087, 38.928429651927921 ], [ -77.0764133, 38.9280169 ] ] } },
{ "type": "Feature", "properties": { }, "geometry": { "type": "LineString", "coordinates": [ [ -77.074185289279569, 38.929025077289154 ], [ -77.0740396, 38.9290254 ], [ -77.0739332, 38.9290256 ], [ -77.073736, 38.929026 ] ] } },
{ "type": "Feature", "properties": { }, "geometry": { "type": "LineString", "coordinates": [ [ -77.0736164, 38.9289395 ], [ -77.0736878, 38.9288827 ], [ -77.073709, 38.9288636 ], [ -77.0737213, 38.9288525 ], [ -77.0737401, 38.928817 ], [ -77.0737401, 38.9287815 ], [ -77.0737173, 38.9287481 ], [ -77.0735429, 38.9286261 ], [ -77.0734987, 38.9286198 ], [ -77.0734678, 38.9286261 ], [ -77.0734266, 38.9286596 ], [ -77.0733415, 38.9287407 ] ] } },
{ "type": "Feature", "properties": { }, "geometry": { "type": "LineString", "coordinates": [ [ -77.073162, 38.928611 ], [ -77.0731455, 38.9287614 ], [ -77.073139, 38.92882 ], [ -77.0731142, 38.9289734 ] ] } },
{ "type": "Feature", "properties": { }, "geometry": { "type": "LineString", "coordinates": [ [ -77.0733415, 38.9287407 ], [ -77.0736164, 38.9289395 ], [ -77.0736537, 38.9289665 ], [ -77.073736, 38.929026 ] ] } },
{ "type": "Feature", "properties": { }, "geometry": { "type": "LineString", "coordinates": [ [ -77.0731142, 38.9289734 ], [ -77.073106, 38.929024 ] ] } },
{ "type": "Feature", "properties": { }, "geometry": { "type": "LineString", "coordinates": [ [ -77.073106, 38.929024 ], [ -77.0732511, 38.9290245 ], [ -77.0735174, 38.9290253 ], [ -77.0735339, 38.9290254 ], [ -77.073736, 38.929026 ] ] } },
{ "type": "Feature", "properties": { }, "geometry": { "type": "LineString", "coordinates": [ [ -77.072523, 38.9293649 ], [ -77.0725853, 38.9290914 ], [ -77.0725676, 38.9290396 ], [ -77.0725247, 38.9289833 ], [ -77.0723693, 38.9289775 ] ] } },
{ "type": "Feature", "properties": { }, "geometry": { "type": "LineString", "coordinates": [ [ -77.0730382, 38.929447 ], [ -77.0729087, 38.9294251 ], [ -77.072523, 38.9293649 ], [ -77.072518934891562, 38.929364319270228 ] ] } },
{ "type": "Feature", "properties": { }, "geometry": { "type": "LineString", "coordinates": [ [ -77.073106, 38.929024 ], [ -77.0730946, 38.9290953 ], [ -77.0730382, 38.929447 ], [ -77.0730325, 38.929483 ], [ -77.07302804508052, 38.929510782717955 ] ] } }
]
}
