X,Y,INTERSECTIONID,ROUTEID,MEASURE,INTERSECTIONNAME,GRADE,INTERSECTIONKEY,ACISA,SE_ANNO_CAD_DATA,OBJECTID
-8574689.54499029,4711604.23676887,11001102_11052322,11052322,1066.89697266,KENYON ST NW & 11TH ST NW,13,42c6bf548959a605cb811ea0f0e759c6,5028,,4895430
-8573643.41906181,4710611.19661337,11000402_11046672_11060182,11060182,491.63000488,MCMILLAN DR NW & HOWARD PL NW & 4TH ST NW,13,0354bbc7d80bc42167c1382bb2b03e3a,3240,,4895444
-8572256.40500138,4707718.39692461,12000102_12050892,12000102,1337.4510498,1ST ST NE & K ST NE,,40736cafb4216780e39074395946fe5a,2161,,4895449
-8575244.55811994,4712663.6944422,11001402_11081832,11081832,690.7880249,SPRING RD NW & 14TH ST NW,13,b65e64d79d058905a412a01497125dc7,5071,,4895463
-8574898.93372156,4708585.28047894,11001302_11065842_36000032_36001452,36000032,0,Ramp-36000032 & Ramp-36001452 & O ST NW & 13TH ST NW,13,62f4b95771fa91f26711777f2a3bbfbb,2247,,4895470
-8570584.55423008,4709131.27991647,12062462_36005422,12062462,118.13300323,MOUNT OLIVET RD NE & Ramp-36005422,13,158563882ccef9690324d10e86bc679d,3176,,4895473
-8575167.45408975,4710604.13482273,11001402_11024112,11024112,431.38800049,CLIFTON ST NW & 14TH ST NW,13,a4b57f457231043a2a4fceb0a6596f56,5054,,4895477
-8581193.70973378,4712738.16155253,11063762_11090702*1,11063762,1123.33398438,NEBRASKA AVE NW & WARD CIR NW,13,b99df8c28614c2005b59b74c7e133275,6157,,4895497
-8580470.29422538,4714213.88009636,11009492_11094052,11009492,2347.75708008,ALBEMARLE ST NW & WISCONSIN AVE NW,13,fe95b644f0cbdfef91948d510c084a4d,6130,,4895507
-8574493.48943372,4708165.92410995,11001002_11057852,11001002,1505.59802246,10TH ST NW & M ST NW,,de37d14cb54cc657a2cc62fcf07f38c2,2094,,4895508
-8574898.30945412,4709374.02800221,11001302_11077672,11077672,1675.67797852,S ST NW & 13TH ST NW,,ac02475e34996a5264fdf0de04c52ab3,2144,,4895517
-8570851.88801504,4714500.31724103,12028602_12081442,12081442,4867.12207031,SOUTH DAKOTA AVE NE & DELAFIELD ST NE,13,cb89ca0dcf6a35f2c86814c6e5b090c3,3206,,4895521
-8577593.28568896,4707236.52419679,11002502A_11089892,11089892,1384.61303711,VIRGINIA AVE NW & 25TH ST NW,13,07bd60c2e25615a823ba1f9e7b2abe43,1187,,4895524
-8583526.09304885,4710906.34432175,11010922_11020212,11020212,4153.49804688,CANAL RD NW & ARIZONA AVE NW,,189b9169085b2c0f7e1e2df3ec0fdc9c,6057,,4895530
-8577082.43339147,4707695.76195819,36001812_36003882_36004902_36004922,36004902,0,Ramp-36004902 & Ramp-36001812 & Ramp-36003882 & Ramp-36004922,13,2a6c8968e3fe696f69ca8b166046cb5c,1196,,4895536
-8580739.85508294,4712385.47125489,11059602_58001342,11059602,7266.0390625,MASSACHUSETTS AVE NW & Driveway-58001342,13,2a7d9608f22d6d3ffe610a14488b770b,6103,,4895538
-8573402.22124971,4708056.53279569,11000402_11064672_15048463,15048463,5586.58691406,INTERSTATE 395   BN & NEW YORK AVE NW,13,7e620166e9c84a7d1b94a3850241b407,3012,,4895541
-8572408.78577591,4705222.99964152,13026912_13064282,13064282,291.35501099,NEW JERSEY AVE SE & D ST SE,,4a1d4719364402ca3d06c73b8e4b522a,2235,,4895555
-8571040.09491034,4706216.88517055,12000802_12025352,12000802,245.50300598,8TH ST NE & CONSTITUTION AVE NE,,cbbab17c6031d1c14645c8145fbedc60,3078b,,4895560
-8575446.61077939,4709374.58200013,11001502_11077672,11077672,2102.85498047,S ST NW & 15TH ST NW,13,2c25166c3a8fb23baa3d58672b4aef1f,1046,,4895562
-8572558.11601825,4714092.25090842,11076702_12043812_15065322,11076702,0,ROCK CREEK CHURCH RD NW & HAWAII AVE NE & NORTH CAPITOL ST BN,13,cc60300233f360e7ab14387780e8f873,5197,,4895568
-8573601.71719396,4718055.37348423,11000402_11021322,11021322,291.54699707,CEDAR ST NW & 4TH ST NW,,26c6b30cd56ae19a2d8b35edfd5d2faf,5009,,4895596
-8574649.36073339,4714733.26650902,11011052_11040042,11011052,1604.89501953,ARKANSAS AVE NW & GEORGIA AVE NW,13,40662f2780663d5179ce691a2044910a,5128a,,4895606
-8572194.53872392,4708676.24609378,12000102_12032172_12036722,12036722,367.42001343,FLORIDA AVE NE & ECKINGTON PL NE & 1ST ST NE,13,fb2ba4911387fac685c89c4a14de8836,3030,,4895639
-8575651.40958359,4716394.49822245,11001602_36004032_36004042,36004032,0,Ramp-36004032 & 16TH ST NW & Ramp-36004042,13,06a8aa0c3e22019e760030e0d51685eb,5239,,4895640
-8578069.73883069,4708107.85557226,11002902_11057852_11069812,11069812,4433.54882813,PENNSYLVANIA AVE NW & 29TH ST NW & M ST NW,13,4160c6f3ff10cfd4469cd16f79a77f87,6011,,4961921
-8568679.72559839,4700363.37262806,13002302_13009362,13009362,2486.9050293,ALABAMA AVE SE & 23RD ST SE,13,3e5051c57aca488d1e68d01660dfa1f6,4088a,,4961969
-8574040.48007234,4708584.7158219,11000702_11065842,11065842,1103.88098145,O ST NW & 7TH ST NW,13,9e88e2933a8113908bbc9be90dae5c80,3022,,4961971
-8570514.23493403,4713491.75713096,12001202_12089112,12001202,3746.72094727,12TH ST NE & VARNUM ST NE,13,66e398cc4b40cd851adea3366307a257,3101,,4961973
-8575995.04537428,4707118.58580522,11001702_11038612,11001702,937.24298096,17TH ST NW & G ST NW,13,0af5b4543da21f114e218c024988252e,1062,,4961974
-8574801.88328353,4708950.08991818,11072862_11089442,11089442,980.41699219,VERMONT AVE NW & Q ST NW,13,3a9834f3b38911343dafd15d6394d905,2155,,4961979
-8574202.5429504,4711653.30740348,11040042_11052322,11052322,684.78497314,KENYON ST NW & GEORGIA AVE NW,13,e0db12969f35fa53cb3207a82716bc46,5136,,4961998
-8576605.7210759,4705488.58972924,14047972_14092362,14047972,3151.65209961,INDEPENDENCE AVE SW & WEST BASIN DR SW,13,162eb51b8dcbb70af66762176ea9e42c,1253,,4962000
-8575657.93801884,4713044.29352298,11001602_11079562,11001602,4445.96777344,16TH ST NW & SHEPHERD ST NW,13,6876e214c71792da2ef446043b8b365f,5083a,,4962010
-8576237.24911395,4709908.00201715,11001802_11019892,11019892,107.40399933,CALIFORNIA ST NW & 18TH ST NW,13,372e5bbe388665f1ac93296dfa162a51,1233,,4962022
-8577526.79071647,4707237.19086817,11002502_11064222,11002502,212.91900635,25TH ST NW & NEW HAMPSHIRE AVE NW,13,c7b5bacb56dccd965cad5254ba1b5100,1187a,,4962025
-8579082.21035527,4709461.42374693,11077672_11094052,11077672,3988.93310547,S ST NW & WISCONSIN AVE NW,13,0b56ed21fdb94cea77bf609468b67886,6249,,4962028
-8571146.12486433,4699266.96179444,13000702_13009362,13009362,315.54299927,ALABAMA AVE SE & 7TH ST SE,13,0c6d9a16c951d6c8280f464ab68aab6f,4223,,4962039
-8574156.41923562,4706805.7452853,11000802_11031332,11000802,148.63999939,8TH ST NW & E ST NW,13,6ef7021d4f15ab724ee56b77234b89ef,2067,,4962090
-8571428.02801497,4705900.96059589,12000602_13000602_15031912,13000602,0,6TH ST SE & 6TH ST NE & EAST CAPITOL ST BN,13,7764879c6009a8756e62b6cd92f440ca,4064,,4962109
-8572495.38642223,4713422.58734436,11043292_12023852_12037052_15065322,12037052,0,FORT DR NE & HAREWOOD RD NW & CLERMONT DR NE & NORTH CAPITOL ST BN,13,5e4f0096d553c63bd9f20527ed980608,5196,,4962110
-8584022.99820093,4712465.05309175,11057002_11057912_11065712,11065712,0,NORTON ST NW & LOUGHBORO RD NW & MACARTHUR BLVD NW,13,5371145f02d22730f734db40b26b223b,6097,,4962112
-8566937.91780427,4700910.92386054,13017352_13081512,13017352,2549.14697266,BRANCH AVE SE & SOUTHERN AVE SE,13,d0bfee0911ba9af6fd6148a7695633f7,4103,,4962146
-8578756.80501439,4708672.07365039,11068382_11094052,11068382,4535.99902344,P ST NW & WISCONSIN AVE NW,13,abf9242e68cb1ec538afa12974afd804,6147,,4962148
-8574168.29045486,4711350.02368511,11040042_11045762*1,11045762,327.54299927,HOBART PL NW & GEORGIA AVE NW,14,13b853f155997ba9d1f24b7cb376a979,5121,,4962151
-8580382.80484717,4714012.74195643,11085182_11094052,11085182,103.98000336,TENLEY CIR NW & WISCONSIN AVE NW,13,64574d26359f92081d737caeb20e4e7e,6156e,,4962156
-8571654.91137629,4708381.34487887,12000402_12036722,12036722,846.13098145,FLORIDA AVE NE & 4TH ST NE,,0d5e5000fedd3f13f32785b72619a20f,3060,,4962158
-8564724.42758851,4705896.36128648,13085542_15031912,13085542,2238.86694336,TEXAS AVE SE & EAST CAPITOL ST BN,,8c8c6fe6149ff7b402dfd340679678c9,4178a,,4962171
-8572609.91528364,4707552.57966459,15065322_58019232,58019232,172.43600464,Driveway-58019232 & NORTH CAPITOL ST BN,13,bf872c31587e9701932e3a10b369c06b,2218,,4962178
-8574040.70733431,4709374.05200816,11000702_11077672,11077672,1007.3449707,S ST NW & 7TH ST NW,13,afde745b5390da6d721bad7489f401bc,3026,,4962179
-8573290.65314054,4705580.2926972,14000302_14047972,14047972,530.47601318,INDEPENDENCE AVE SW & 3RD ST SW,13,53769e5d2124062bdef5e3718f2dadca,2182,,4962188
-8573121.76051418,4705221.65507411,14000202_14026912_36001872,14026912,150.21800232,D ST SW & Ramp-36001872 & 2ND ST SW,13,12875ae0fab9f5dd77054689a4115ab1,2176,,4962201
-8569905.55195748,4705586.63818338,13047972_13059602,13047972,2108.06591797,INDEPENDENCE AVE SE & MASSACHUSETTS AVE SE,,09febe458f54f0360ea5d97602587d54,4046,,4962216
-8564875.71816517,4702973.49041346,13019792_13081512,13019792,0,BYERS ST SE & SOUTHERN AVE SE,13,87620dc518efdb3b271e99b8b8a2af3e,4154,,4962260
-8572444.32470111,4706447.3643375,12019822_12028662_58010262,12028662,184.85600281,DELAWARE AVE NE & C ST NE & Driveway-58010262,13,e1e2a18ed6e9d08b966463dec03a1472,2166,,4962275
-8564487.02778602,4703563.3270312,13004432_13075662,13075662,2395.35302734,RIDGE RD SE & 44TH PL SE,13,f3c83b84db04390d9bca2bbcbb3eefc8,4149a,,4962286
-8575649.5837442,4717823.67471508,11001602_11058482,11001602,8152.22900391,16TH ST NW & MAIN DR NW,13,e7054e290973a32b8cd8012e59ac0b1e,5108,,4962301
-8573245.88465411,4708125.5817156,11064282_11064672,11064282,1531.81799316,NEW JERSEY AVE NW & NEW YORK AVE NW,,19dcb354c635640e7c5b666e7a0e3290,3045,,4962307
-8570254.76946894,4709458.04860907,12051742_12064672,12064672,2006.35205078,NEW YORK AVE NE & KENDALL ST NE,13,03523ac053d9b4c050f30be70dffe356,3183,,4962333
-8575651.3434754,4716635.643539,11001602_11037572,11001602,7231.12011719,16TH ST NW & FORT STEVENS DR NW,13,eae679d142a84178d2efce2059db0624,5090,,4962352
-8570756.66664897,4710568.40411886,12001002_12018722_12075462,12018722,447.95800781,BRYANT ST NE & 10TH ST NE & RHODE ISLAND AVE NE,,8df64fc67e4c1a9c0bf292ca4032d09c,3186,,4962367
-8572608.58694716,4708902.84560383,11036722_12036722_15065322,12036722,0,FLORIDA AVE NE & FLORIDA AVE NW & NORTH CAPITOL ST BN,13,879314a7991a6047f34407e379ba1e9e,3037,,4962372
-8571040.67093784,4705096.56957193,13000802_13069812,13069812,834.58001709,PENNSYLVANIA AVE SE & 8TH ST SE,13,34f15beb8ac251d82eb5f74cd211c737,4028,,4962386
-8570299.53127754,4707387.42833772,12001302_12042442,12001302,1158.14697266,13TH ST NE & H ST NE,13,1a0f746ff9415ac89fdf964a5367254e,3105,,4962389
-8574457.06166151,4710919.35158624,11034582_11080082,11034582,359.60598755,FAIRMONT ST NW & SHERMAN AVE NW,13,70f24c9924395b690a4129b0aaccbcd8,5170,,4962400
-8574611.80003554,4711185.56160599,11001102_11043742,11043742,581.25701904,HARVARD ST NW & 11TH ST NW,13,958129b9eca3aaf92ad09f3c39ee9a56,5026,,4962412
-8569123.74182864,4712683.65637278,12074032_12081442,12081442,2913.29711914,SOUTH DAKOTA AVE NE & QUINCY ST NE,13,8ea1f3a342e9481523e867780acec668,3211,,4962426
-8575449.09722547,4708316.73367102,11001502_11044812,11044812,221.45399475,HIGHLAND TER NW & 15TH ST NW,13,33d1e014ad998e22bd40b2070afc61b7,1041,,4962427
-8576859.20352479,4709896.4603129,11025152_11094832,11094832,508.88000488,WYOMING AVE NW & CONNECTICUT AVE NW,13,a8640753bbbaf315c09f384eabad9d20,1385,,4962436
-8578869.73941877,4708091.76252935,11057852_11071952,11071952,178.81799316,POTOMAC ST NW & M ST NW,13,d47101360d165d9c7b76d15acf52f178,6238,,4962444
-8568533.01013721,4709837.63169141,12015992_12064672,12015992,2146.87011719,BLADENSBURG RD NE & NEW YORK AVE NE,13,06e2fc6c9cfe39f40ef42c606ea170df,3180,,4962448
-8571174.3938349,4707387.95398253,12000702_12042442,12042442,1118.64697266,H ST NE & 7TH ST NE,13,900b93bc58fc89418e83c80a920d2e6b,3079,,4962450
-8570657.26589136,4707833.27899118,12001102_12036722,12036722,1732.27600098,FLORIDA AVE NE & 11TH ST NE,13,55c591e5d836bd8c8551874e1926500d,3456,,4962465
-8572256.17706002,4708165.54958063,12000102_12057852,12000102,1684.4510498,1ST ST NE & M ST NE,,9570f0a3e7e4185c835b211ef17a6400,2162,,4962470
-8573082.49413688,4709161.85789463,11036722_11074162*1,11036722,420.40301514,FLORIDA AVE NW & R ST NW,14,7e97b7c7824c206ef124963bcda3454a,3454,,4962504
-8573120.01823791,4715411.57436305,11000202_11061362,11061362,430.80801392,MISSOURI AVE NW & 2ND ST NW,,814a9879abbb0e407705b2d826d8b50e,5252,,4962548
-8579549.96847522,4715620.92061299,11025152_11047452,11025152,6905.65283203,CONNECTICUT AVE NW & HUNTINGTON ST NW,13,166d2614f459eb1a7c355f3b7f05d833,6069,,4962560
-8579916.33442965,4710584.44883527,11020022_11086972,11020022,1628.91601563,CALVERT ST NW & TUNLAW RD NW,13,f282b412ba67d782f8910dde0f29356f,6056,,4962586
-8579617.63373437,4711297.09460561,11003632_11039522,11003632,433.4039917,36TH PL NW & GARFIELD ST NW,13,6967cd914095d87ac40c0a5ca7f5f405,6107,,4962592
-8578464.32919605,4713220.90043967,11025152_11086122,11086122,976.52697754,TILDEN ST NW & CONNECTICUT AVE NW,13,9ffd6c77bfa52280d8e16dd8a43126f4,6081,,4962610
-8576237.99703599,4709788.41965297,11001802_11087232_11089632,11087232,2438.26806641,U ST NW & 18TH ST NW & VERNON ST NW,13,702278c3d81363d67e1fece44d997e15,1101a,,4962628
-8576385.23497934,4708809.45116291,11031202_11064222*1,11031202,185.61399841,DUPONT CIR NW & NEW HAMPSHIRE AVE NW,13,47f02b12269a6e599a4da3afc1ac8996,1195e,,4962633
-8576598.13199467,4708394.90778178,11002002_11063182,11002002,1575.67102051,20TH ST NW & N ST NW,,295cd25af47de534ab6ade1a2f81440d,1254,,4962639
-8571827.8285883,4706613.61957444,12000302_12026912,12000302,553.16400146,3RD ST NE & D ST NE,,dd42c1ce07c0467b858a263670de7df4,3051b,,4962675
-8567492.1830717,4703125.44643222,13003102_13069812,13069812,3998.46801758,PENNSYLVANIA AVE SE & 31ST ST SE,13,eb0d7224dc7b9d373542d65da5ba20eb,4143,,4962678
-8574271.50015739,4707657.44003763,11000902_11050892_11064672,11050892,1294.84399414,K ST NW & 9TH ST NW & NEW YORK AVE NW,13,a50908df57f90d69ded9626315c7e4dd,2074,,4962685
-8574940.17994027,4708669.81021264,11056552_11089442*1,11089442,860.15600586,VERMONT AVE NW & LOGAN CIR NW,14,68c0bbf0f20a047412af1125bd9c8e09,2157h,,4962689
-8580275.96472486,4713766.46514753,11091192_11094052,11091192,700.45599365,WARREN ST NW & WISCONSIN AVE NW,13,3ae0083a4b7e46dcfb0fe597ee733091,6015,,4962704
-8575670.23820291,4707387.41532839,11001602_11042442,11001602,56.9620018,16TH ST NW & H ST NW,13,2c3f3fab58a593ee1aeb40f7be957c8b,1050,,4962739
-8570037.46945185,4704570.3865291,13069812_13071892A,13069812,1716.87902832,PENNSYLVANIA AVE SE & POTOMAC AVE SE,13,88a374681776e722a920815a2012d0c3,4049,,4962756
-8573817.12011574,4705580.40108669,14000602_14047972,14047972,940.80700684,INDEPENDENCE AVE SW & 6TH ST SW,13,b9a0b55e01d123d61e8d7b4f21589341,1201,,4962763
-8570514.7536358,4704819.96129988,13001202_13069812,13069812,1297.38500977,PENNSYLVANIA AVE SE & 12TH ST SE,,2583ba193cd4010221067d22f27252e0,4042,,4962778
-8574655.8904561,4715404.49574401,11047902_11052062,11047902,1923.99804688,ILLINOIS AVE NW & KENNEDY ST NW,13,ec9403ad454e19f0e4ed8d79814d1b2b,5149,,4962787
-8574611.06083859,4708867.5282931,11001102_11075462,11001102,1755.22705078,11TH ST NW & RHODE ISLAND AVE NW,13,451a412547dd648e33aae969c4b3fcfa,2113,,4962843
-8573555.11871462,4703733.46303314,14000402_14063182,14063182,470.07998657,N ST SW & 4TH ST SW,13,3cda25d04b0e25f9d4726b76ab9f6d1f,2194,,4962852
-8579154.30504515,4713207.22347593,11075272_11086122,11086122,1526.83703613,TILDEN ST NW & RENO RD NW,14,a18ee52add8be21d5727015657d52e77,6124,,4962857
-8578713.15431185,4716090.09957893,11003202_11060642,11060642,2933.95092773,MILITARY RD NW & 32ND ST NW,,2f2c01eb3cc286dfa0518b9269bd3156,6019,,4962884
-8572455.40543284,4697035.6810993,13027232_14027232_15081252,14027232,0,DANBURY ST SW & DANBURY ST SE & SOUTH CAPITOL ST BN,13,83245e27fa7e0094f961ac9cf1e68e0f,4290,,4962885
-8574908.11022634,4711455.39568496,11001302_11048752,11048752,2055.70703125,IRVING ST NW & 13TH ST NW,,5744a300792a85754e137738b14e0ca3,5041,,4962909
-8573816.50984354,4708738.05992458,11000602_11068382,11000602,1950.27001953,6TH ST NW & P ST NW,13,bc209e47943766d9691c3cbe9456aee7,3017,,4962964
-8577324.40685824,4707893.63263496,11002402_11053492,11002402,651.10797119,24TH ST NW & L ST NW,,37d75a5c902ca0eb98ee2e87a4fda211,1167,,4962968
-8577847.4935606,4707457.74338269,11002702_11047772,11002702,33.94800186,27TH ST NW & I ST NW,14,ed2d1325ea4ba55361e53ef8c3fd84e4,1174a,,4962977
-8574492.45506775,4705191.45650419,14001002_14026912_14054972,14054972,301.82598877,L'ENFANT PROMENADE SW & 10TH ST SW,13,0c81277236ccd57f8cd274e0220f4719,1214,,4962978
-8580988.40473825,4715662.19346015,11048362_11094052,11048362,1088.88793945,INGOMAR ST NW & WISCONSIN AVE NW,13,7f6a2815d0c65500d35d83be4594c880,6267,,4962987
-8570658.27117576,4705980.75871903,12001102_12031912_12059602,12031912,0,EAST CAPITOL ST NE & 11TH ST NE & MASSACHUSETTS AVE NE,,a2c03d332b0c09b7ab58dec52746205c,4222,,4962993
-8574441.28556004,4713349.85043911,11040042_11088012,11088012,1060.3380127,UPSHUR ST NW & GEORGIA AVE NW,13,0a87a6089c9dd10746382b0be0a2f186,5258,,4963001
-8576282.09765322,4708950.47487886,11064222_11072862,11072862,2692.84301758,Q ST NW & NEW HAMPSHIRE AVE NW,13,3c46fb8fb47b1b636451456b821e2a5b,1099,,4963018
-8579240.51895105,4708084.68024096,11057852_11097832,11097832,0,FRANCIS SCOTT KEY BRG NW & M ST NW,13,5c1f6c179e15f24d76894e4c706eb488,6092,,4963026
-8575886.31742977,4708492.31878186,11001702_11059602,11001702,2134.14404297,17TH ST NW & MASSACHUSETTS AVE NW,13,4bcb9541b6841f927ec73834c576a1bf,1075,,4963027
-8579896.67331819,4716387.31746406,11025152_11056292,11025152,7558.36523438,CONNECTICUT AVE NW & LIVINGSTON ST NW,13,bf574bdf59b1b3e2dc74b2f2a7027079,6071,,4963039
-8574610.73487916,4707549.51499871,11001102_11047772*1,11047772,1355.5949707,I ST NW & 11TH ST NW,13,0dc7bc87f246b4c9a7eb748a4685d468,2106a,,4963056
-8571665.30131876,4705423.64779143,13000402_13069812_13079172,13069812,285.45498657,PENNSYLVANIA AVE SE & 4TH ST SE & SEWARD SQ SE,13,ff47a57adf315f9090795217301e0f8c,4013,,4963071
-8580327.90805025,4714042.0172741,11037052_11063762*1,11063762,2250.81396484,NEBRASKA AVE NW & FORT DR NW,13,ed57f783445b627bd34872c76bb9295e,6156c,,4963075
-8579691.3372511,4709160.21454574,11003702_11075332_11094002,11003702,310.86999512,37TH ST NW & RESERVOIR RD NW & WINFIELD LN NW,,bf6f3ccd5e9065dba254a9038c3b9ea0,6241,,4963076
-8580302.31155989,4716904.07019226,11067142_11092692,11067142,1380.72802734,OLIVER ST NW & WESTERN AVE NW,13,9279e216749caec16fe8693e72dd3c4f,6235,,4963086
-8574609.96805164,4707407.98554072,11001102_47089432,47089432,89.88600159,PALMER ALY NW & 11TH ST NW,13,070704abfcf4a5deaa406d0f96ff4aff,2274,,4963096
-8566306.47819076,4706023.13531321,12010272_12031912_12061162_36003512,12010272,410.04501343,AMES ST NE & Ramp-36003512 & EAST CAPITOL ST NE & MINNESOTA AVE NE,13,ea18e97ca9b8d5ca83e7a96186afc9ae,4230,,4963146
-8575026.26249574,4706715.56160662,11001352_11069812,11069812,1670.39001465,PENNSYLVANIA AVE NW & 13 1/2 ST NW,13,3839ef5f581fcfe942f310576883766a,1007,,4963148
-8568191.69842716,4701813.47656651,13002502_13059032,13059032,2125.72705078,MARION BARRY AVE SE & 25TH ST SE,,864fd4818301eb3bb97f72539f54dfe4,4117,,4963152
-8574906.56592765,4716160.29422676,11001302_11061362,11061362,1932.68505859,MISSOURI AVE NW & 13TH ST NW,,cf69bd6ae7e4b9a7cb35eb7cb8347383,5045,,4963181
-8569459.61974974,4705583.60855562,13001702_13047972,13001702,245.39399719,17TH ST SE & INDEPENDENCE AVE SE,13,b79ff0bb5e94e6943567f19f6e79be43,4052,,4963204
-8576549.14941898,4708950.7512067,11072862_21025151,21025151,206.34599304,CONNECTICUT AVE NW Service Rd & Q ST NW,13,f62106aebf9ae797473afeafd61f25bf,1130a,,4963205
-8573816.34906155,4709162.02540959,11000602_11074162,11000602,2279.24389648,6TH ST NW & R ST NW,13,8308fb3f3766d29238855a14035fd968,3019a,,4963213
-8573038.46121143,4707387.24617111,11042442_11064282,11064282,936.33398438,NEW JERSEY AVE NW & H ST NW,,19e79ec7ea8098958d454e828e6bf4ae,2152,,4963216
-8575992.30402911,4707550.33187087,11001702_11047772,11001702,1272.3470459,17TH ST NW & I ST NW,13,c92445aa1ee6ecd6ed173f387c12b949,1070,,4963223
-8573707.97623251,4707547.74465719,11000502_11047772,11000502,723.74499512,5TH ST NW & I ST NW,13,309823f2ea8ca3c9a7d9cc106e1d00ce,2035a,,4963227
-8569621.62264339,4705583.70594516,13001602_13047972,13001602,245.31500244,16TH ST SE & INDEPENDENCE AVE SE,13,afff4a2c58b6ae42913dccac87295456,1393,,4963235
-8574493.92818321,4707567.87391012,11001002_11064672,11001002,1041.4909668,10TH ST NW & NEW YORK AVE NW,,a33b04ad0af2a742dc6c158f18e12226,2096,,4963244
-8573816.66491736,4704961.47712252,14000602_14031332_36001862_36003842,14031332,749.05102539,E ST SW & Ramp-36001862 & Ramp-36003842 & 6TH ST SW,13,0dec0a307e13d998d73d431f305d20df,1200,,4963256
-8574898.4825539,4709790.461764,11001302_11087232,11087232,1394.59594727,U ST NW & 13TH ST NW,,e22b6cf4c8b492df313019a6f36f2f04,2146,,4963259
-8567372.93296754,4704184.9395294,13061162_13074492,13074492,295.39099121,RANDLE CIR SE & MINNESOTA AVE SE,13,90f41b0c581ffa84db58e947e08a7f6f,4266,,4963261
-8568146.67082976,4703465.95315102,13002702_13069812,13069812,3423.81103516,PENNSYLVANIA AVE SE & 27TH ST SE,13,96cc274acba5726e1663fdeedddfd576,4140,,4963262
-8572609.22784357,4704701.22061869,15081252_36002222,15081252,684.77502441,SOUTH CAPITOL ST BN & Ramp-36002222,13,b7d9eca0c778c8aa343af9f8bfc939c4,2222,,4963263
-8574898.45488107,4708950.29088616,11001302_11072862,11072862,1614.81604004,Q ST NW & 13TH ST NW,,469f493fd7200f0c81f1b71f8516598c,2142,,4963295
-8570779.60810348,4712002.58387024,12001002_12061422,12061422,449.875,MONROE ST NE & 10TH ST NE,13,e5e572afc3d44cb645b0a5d71ebd1a57,3168,,4963296
-8575278.04176084,4705946.89177307,11001502_11058242,11058242,1552.96594238,MADISON DR NW & 15TH ST NW,13,97202e7111006aed7957456c4be302d7,1243,,4963297
-8572455.40942119,4697236.31523558,13022552_14022552_15081252,15081252,7024.94091797,SOUTH CAPITOL ST BN & CHESAPEAKE ST SE & CHESAPEAKE ST SW,13,e41f0d0d95c24d018d6a52655b9ad315,4184,,4963304
-8572257.49977838,4705586.87990285,13000102_13047972_58011892,13000102,244.28300476,1ST ST SE & INDEPENDENCE AVE SE & Driveway-58011892,13,60732cc894df0d564188ee24fb027691,2208,,4963328
-8575656.2394457,4713959.05070471,11001602_11018782,11001602,5155.47509766,16TH ST NW & BUCHANAN ST NW,13,b90bccc56a94661f8755b99030e7b8b2,5278,,4963339
-8579748.32569351,4711104.44737908,11038412_11094052,11038412,960.79699707,FULTON ST NW & WISCONSIN AVE NW,13,6899807641bdaef4658a98cfa6da32bc,6280,,4963351
-8569997.51598631,4710873.22007203,12001402_12033932_12061552_12075462,12001402,1969.41601563,14TH ST NE & EVARTS ST NE & MONTANA AVE NE & RHODE ISLAND AVE NE,13,e511c5e4fa25ee17665736f480b74a5a,3189,,4963352
-8573121.10288896,4705363.28360977,14000202_14019822_36002582,14019822,267.34500122,C ST SW & Ramp-36002582 & 2ND ST SW,13,a359213dfe02affc43d1d2e9ef1151a2,2175,,4963395
-8574038.20163284,4709684.92966253,11000702_11036722_11040042,11036722,1268.43798828,FLORIDA AVE NW & 7TH ST NW & GEORGIA AVE NW,13,aa205ed493bcbe9cd86470c5178f5a46,2056,,4963397
-8575159.13578562,4707550.07152244,11001402_11047772,11047772,1782.96203613,I ST NW & 14TH ST NW,13,9c82b143451d141daf9c1946e579506e,1015,,4963399
-8575444.94065908,4709949.81766221,11001502_11088462,11088462,1878.80200195,V ST NW & 15TH ST NW,13,f6598f9229e00ac352f5a7a5470d9ac2,5080,,4963418
-8575244.22505827,4713349.05171412,11001402_11088012,11088012,1685.67004395,UPSHUR ST NW & 14TH ST NW,13,a207b32fcb13981ea28669a7ea48ab8f,5072,,4963425
-8573808.49883163,4711694.70354235,11052322_11090872,11052322,372.76098633,KENYON ST NW & WARDER ST NW,13,447642b85bc658f44bae5a79522a3b84,5179,,4963427
-8574269.02031731,4709020.19935255,11000902_11075462,11000902,2442.39794922,9TH ST NW & RHODE ISLAND AVE NW,13,2f3c62686bcc6e99f50f44079d40b612,2083,,4963465
-8569756.1765692,4709154.00123464,12035292_12092622,12092622,1476.00195313,WEST VIRGINIA AVE NE & FENWICK ST NE,,c2e802efd31b24b46e3b5126155baae6,3432,,4963479
-8574908.3456043,4712629.05141643,11001302_11051352_11073252,11051352,59.00299835,KANSAS AVE NW & QUEBEC PL NW & 13TH ST NW,13,35fdbec9c87e678b07ae1ebada8a5db8,5042,,4963520
-8580550.97077029,4714468.01952605,11004102_11017482_11094052,11004102,573.87298584,41ST ST NW & WISCONSIN AVE NW & BRANDYWINE ST NW,13,266feef429be0161a0848ff4734176ad,6131,,4963529
-8571374.69119205,4699396.89577326,13059452_13074292_13074552,13074292,0,RALEIGH PL SE & MARTIN LUTHER KING JR AVE SE & RANDLE PL SE,13,31e9b5fc1626d772f81f58034136f6ea,4126,,4963557
-8573816.93418337,4707116.88247706,11000602_11038612,11000602,692.15997314,6TH ST NW & G ST NW,13,5a4597f25615cf746ef50d706116e93c,2043,,4963584
-8576597.92269793,4708950.2839113,11002002_11072862,11002002,2007.06896973,20TH ST NW & Q ST NW,,2560adb79e337afdc219135a18443b02,1130,,4963590
-8580009.87653192,4709164.05320113,11003902_11075332,11075332,981.44799805,RESERVOIR RD NW & 39TH ST NW,13,fd576600b64dd2a9e617914d5b5d835d,6038,,4963597
-8573669.25011385,4718573.39606408,11031982_11070522,11031982,1020.77197266,EASTERN AVE NW & PINEY BRANCH RD NW,13,e21034fc22dd653c99c27964dc277389,5164,,4963617
-8578517.01175097,4716090.06786547,11003102_11060642_58024772,11003102,1795.79504395,31ST ST NW & MILITARY RD NW & Driveway-58024772,13,c7ef8f0993239a4be5f6382c019d1a9f,6017,,4963658
-8574418.94686613,4709790.25995937,11087232_11089442,11087232,1021.00799561,U ST NW & VERMONT AVE NW,13,890a5844dca57698a2b29bb5e0cfc347,2156,,4963661
-8571998.33449968,4707718.38458569,12000202_12050892,12050892,476.67401123,K ST NE & 2ND ST NE,13,818cb9e9c20bae6a05710ba2c213799f,3048,,4963704
-8572588.44741542,4704396.22214543,13047772_25081251_36001382_36004472,36001382,0,Ramp-36001382 & SOUTH CAPITOL ST SE Service Rd & Ramp-36004472 & I ST SE,13,c6b5ccc2bcf35b940a5137d403e2e9e9,2226,,4963715
-8563965.41753205,4708805.76135925,12009132_12031982_12061162,12061162,2697.95410156,MINNESOTA AVE NE & ADDISON RD NE & EASTERN AVE NE,,33643ce618314df828e7e0462f48b031,4082,,4963720
-8577846.70742166,4707720.68256048,11002702_11050892_11093212_11093212A_11093212A_11093212A_36000182,11093212A,0,WHITEHURST FWY NW & 27TH ST NW & WHITEHURST FWY NW & Ramp-36000182 & K ST NW,13,646753ea51b01ff0b3ea826d549e77fe,1237,,4963732
-8581483.2072575,4709937.43790478,11028292_11037892,11037892,1664.23999023,FOXHALL RD NW & DEERFIELD RD NW,13,1d0d2d21837437ea1281e84114cbc179,6208,,4963742
-8570754.68208904,4712534.4145156,12060582_12069942,12060582,1859.96203613,MICHIGAN AVE NE & PERRY ST NE,13,caabb34b7b07686dd84e8f79320fa0e8,3465,,4963753
-8570277.95014217,4711018.47941841,12001302_12038092,12001302,1834.32897949,13TH ST NE & FRANKLIN ST NE,,4900d7c8a92c11ed54c30782e5317306,3154,,4963763
-8575198.48248802,4711007.03419192,11001402_11040432*1,11001402,3918.66088867,14TH ST NW & GIRARD ST NW,13,680a387e0d7c74dde4ab18bb2d672e8e,5061a,,4963768
-8577037.5362073,4707119.63342215,11002202_11038612,11038612,2689.1809082,G ST NW & 22ND ST NW,13,ebc95d6a1c6236a80a70e28120cf5eaa,1147,,4963769
-8561643.41999046,4706202.10124528,12012932_12059512_12081512_36003332,12059512,0,MARYLAND PARK DR NE & BANKS PL NE & SOUTHERN AVE NE & Ramp-36003332,13,bfe19b2ffd847468951666f4f3e80347,4243a,,4963771
-8577985.78420709,4709799.14751385,11059602_11091582,11091582,636.60498047,WATERSIDE DR NW & MASSACHUSETTS AVE NW,13,588f3750b5a1075c5e28d5d299f72bf7,6109,,4963786
-8574722.59531361,4704872.74476035,14001202_36002312,36002312,66.27600098,Ramp-36002312 & 12TH ST SW,14,3e281716d85a95be1a658544aa1ddec6,1218,,4963804
-8568266.82058774,4700598.54466709,13009362_13049662,13009362,2875.00805664,ALABAMA AVE SE & JASPER ST SE,13,dc3e3dd470e83e52c3895643c0347838,4097a,,4963805
-8576601.2746539,4706704.91901423,11002002_11031332_11031422A,11002002,264.1289978,20TH ST NW & E ST NW & E STREET EXPY NW,,5f4722423961a424083cf0011dd531fd,1118,,4963813
-8580414.32421753,4708210.37596104,11020212_11037892,11037892,0,FOXHALL RD NW & CANAL RD NW,14,c03f01d44053ee6af8083f6ee952ca87,6059,,4963815
-8576243.5058611,4710171.05329757,11001802_11051152,11051152,557.97900391,KALORAMA RD NW & 18TH ST NW,13,106e3a01ef973228381b3927f5b27c8c,1234,,4963844
-8566988.51586538,4702861.53623177,13003302_13020732_13069812,13069812,4441.36376953,PENNSYLVANIA AVE SE & 33RD ST SE & CARPENTER ST SE,13,22a9ee1fd1c042283aaa38c8dc0f1505,4198,,4963848
-8572609.92467579,4708166.474086,11057852_12057852_15065322,12057852,0,M ST NE & M ST NW & NORTH CAPITOL ST BN,13,6f5ac909a4c8b911763abd5b6fc01e42,2221,,4963859
-8573121.55374686,4706804.21426494,11000202_11031332_11061392,11061392,149.68200684,MITCH SNYDER PL NW & E ST NW & 2ND ST NW,13,7e21c19450b2740775928c8f4fdacfb0,2012,,4963875
-8573404.85950345,4707328.40506775,11000402_11042442,11042442,712.02801514,H ST NW & 4TH ST NW,13,6ed433856b0a3cd5518e2340d36c8407,2027a,,4963880
-8579566.9282682,4715184.88138287,11035552_11063762,11035552,919.49597168,FESSENDEN ST NW & NEBRASKA AVE NW,13,0611cbdde83acb9984010d561c3f233a,6112,,4963890
-8576627.86870773,4709162.02976791,11025152_11074162_21025151_21025153,11025152,1363.20495605,CONNECTICUT AVE NW & R ST NW & CONNECTICUT AVE NW Service Rd & CONNECTICUT AVE NW Service Rd,13,d8101b60504ddfc20a1eda7e195abedf,1116,,4963899
-8573294.09377328,4703991.9236747,14000302_14057852_58013312,14000302,1263.47302246,3RD ST SW & M ST SW & Driveway-58013312,13,cb88392992f0b43b6823843ed2c9ea61,2184,,4963907
-8576246.09784337,4706701.40454081,11001802_11031332,11031332,2494.07910156,E ST NW & 18TH ST NW,13,69ef42c86588eff1645842fb9f9c96a3,1086,,4963913
-8580538.30697025,4716387.05491039,11004102_11056292,11004102,2062.64404297,41ST ST NW & LIVINGSTON ST NW,13,4cda4e79ee6b8a36a79d720891647247,6039,,4963924
-8573137.78141557,4718060.93662374,11020862_11031982_11093532,11020862,0,CARROLL ST NW & EASTERN AVE NW & WILLOW ST NW,13,95dd1334a28f10e027e25818badf78bb,5116,,4963946
-8579439.15960945,4715376.78796487,11025152_11063762,11063762,3496.06201172,NEBRASKA AVE NW & CONNECTICUT AVE NW,13,c6872def31b852ce8ffa2b286bea8e16,6075,,4963966
-8575663.35274998,4709790.93116355,11001602_11064222_11087232,11001602,1922.10095215,16TH ST NW & NEW HAMPSHIRE AVE NW & U ST NW,13,81390be33abd49f204cae187d73395fb,1061,,4964011
-8576496.45473527,4708803.53810454,11031202_36005692,11031202,279.39099121,DUPONT CIR NW & Ramp-36005692,13,dad42427dbb2a671dfc219be1b3219bb,1195g,,4964032
-8571564.30899646,4713187.90142022,12043812_12084892,12084892,408.48400879,TAYLOR ST NE & HAWAII AVE NE,13,0369cf0e69f44789915792bfa0cfbd5b,5244,,4964041
-8573817.63786141,4705483.05403794,14000602_14059472,14000602,75.57800293,6TH ST SW & MARYLAND AVE SW,13,573f5b3798e12d733e4b109555404b33,1202,,4964053
-8572607.75958198,4710559.37682684,11021972_12021972_15065322,11021972,0,CHANNING ST NW & CHANNING ST NE & NORTH CAPITOL ST BN,13,06003923d78662f546c82feecc556cd8,5194,,4964064
-8572608.33265576,4709161.16872497,11074162_12074162_15065322,12074162,0,R ST NE & R ST NW & NORTH CAPITOL ST BN,13,4925dee2c9dfeacae1ba95f0ae30f5bc,3041,,4964065
-8569987.53548563,4705900.12492481,12001402_13001402_15031912,12001402,0,14TH ST NE & 14TH ST SE & EAST CAPITOL ST BN,13,79b89464c06c01b858ac6df9cd397d35,3221,,4964074
-8573816.24075572,4706322.90600622,11000602_11069812,11069812,675.32897949,PENNSYLVANIA AVE NW & 6TH ST NW,13,ddf8e633ee3ddc780e5842fd8fc310f0,2051,,4964094
-8572610.31977879,4707892.22282153,11053492_12053492_15065322,12053492,0,L ST NE & NORTH CAPITOL ST BN & L ST NW,13,70de50c955ed08bd927ecc6d8260e04c,2220,,4964114
-8573632.00962186,4718056.21877795,11016382_11021322,11021322,315.16900635,CEDAR ST NW & BLAIR RD NW,13,faf5355b3ab912dc062f77d277133556,5009,,4964122
-8571413.85029035,4708939.92880352,12000402_12064672,12000402,2418.76806641,4TH ST NE & NEW YORK AVE NE,,af8af1c50ef2f0458559493f655a3187,3178,,4964124
-8562448.39406607,4705894.08361423,12005802_13005802_15031912,13005802,0,58TH ST SE & 58TH ST NE & EAST CAPITOL ST BN,13,11aa337d83407432041e557f90bbf270,4177,,4964128
-8571991.87531729,4706613.0734089,12000202_12026912,12026912,481.59100342,D ST NE & 2ND ST NE,13,cba53ac0cf1e0a71d79872a840f7f4b9,3047,,4964154
-8576599.88054013,4707298.398159,11002002_11042442,11002002,724.73400879,20TH ST NW & H ST NW,,4d9d9e72603177ff4fca9aeeeb34ef09,1238,,4964167
-8579562.64414332,4714813.29984275,11027492_11075272,11075272,1803.24499512,RENO RD NW & DAVENPORT ST NW,13,c775c1e212a4dd22f46ca12e964fc7f7,6247,,4964173
-8572956.1888937,4706226.85948942,11000102_11025352,11000102,210.43400574,1ST ST NW & CONSTITUTION AVE NW,13,0a6508817906fde6e0e91150c8c2b486,2002,,4964204
-8561959.22680256,4705892.5910204,12081512_13081512_15031912,12081512,0,SOUTHERN AVE NE & SOUTHERN AVE SE & EAST CAPITOL ST BN,13,48f6f64309c8cc629964f95ae43adb16,4180,,4964233
-8569836.90052709,4707388.89167384,12036722_12042442,12036722,2458.95092773,FLORIDA AVE NE & H ST NE,13,cf268e50bac3582a4569156f96c2e01c,3449,,4964272
-8572411.62270593,4715253.27334444,12016382_12076052_12076702,12016382,0,BLAIR RD NE & ROCK CREEK CHURCH RD NE & RIGGS RD NE,13,c417810eca3629bc46fe28f50e76a778,5188,,4964279
-8572256.1435872,4703350.9838726,13000102_13071892,13000102,1678.89001465,1ST ST SE & POTOMAC AVE SE,13,2656a8a8a4054b3c47312623754d20c4,2267,,4964287
-8580341.64793624,4714023.3698928,11063762_11085182*1,11063762,2232.82397461,NEBRASKA AVE NW & TENLEY CIR NW,13,bf813d5c47ae46e02646e6f8fe686783,6156d,,4964294
-8576793.65836288,4708163.25140037,11002102_11057852,11057852,3137.99609375,M ST NW & 21ST ST NW,13,6dfd853c6a7561632679363daf02f2e8,1140,,4964296
-8574898.38006872,4709949.95895786,11001302_11088462,11088462,1453.00402832,V ST NW & 13TH ST NW,,9b488bc86fd8573a53d86b5fde19d221,5051,,4964297
-8572259.58586987,4705901.44307394,12000102_13000102_15031912,13000102,0,1ST ST SE & 1ST ST NE & EAST CAPITOL ST BN,,e3c32fe8a6837bc258cb5808c5aebca6,2230,,4964313
-8571665.32169903,4706613.22249698,12000402_12026912,12000402,552.91900635,4TH ST NE & D ST NE,,7b1cabb52c09dc1f8576198f89d23201,3057,,4964322
-8570659.77466007,4705817.61275853,13001102_13034462_13065392,13065392,1316.4119873,NORTH CAROLINA AVE SE & 11TH ST SE & EAST CAPITOL ST SE,13,53fb11ecd4e9f6ae306eee9c6a281c1f,4221,,4964327
-8573816.39194907,4709223.57500517,11000602_11075462,11000602,2327.00292969,6TH ST NW & RHODE ISLAND AVE NW,13,69a27ed9aecddb748689b8bdc327b189,3019,,4964333
-8575555.62387065,4711228.5998705,11001502_11024632,11024632,1577.70605469,COLUMBIA RD NW & 15TH ST NW,13,532dd51fea1e9418a61ac231f7465562,5076,,4964341
-8571665.32800257,4705584.72373995,13000402_13047972,13000402,245.37199402,4TH ST SE & INDEPENDENCE AVE SE,13,63f50a9c7863d8115a2c6a5a13397da6,4011,,4964342
-8576793.95508635,4707719.96443865,11002102_11050892,11050892,3258.08691406,K ST NW & 21ST ST NW,13,25194deb7086f73963bb64fa1fb74ee7,1138,,4964359
-8575690.26384771,4708365.94506545,11078712_21001601_36005192,21001601,121.65499878,16TH ST NW Service Rd & SCOTT CIR NW & Ramp-36005192,13,bfd06a69d411c64b064b0b29bdb81366,1059e,,4964362
-8573293.06372092,4706019.14501009,11000302_11058242,11000302,92.63500214,3RD ST NW & MADISON DR NW,,83647607322955cae8fa63f74c96181b,2022,,4964368
-8571828.95652559,4704606.76503226,13000302_13089892_36002932,36002932,0,Ramp-36002932 & 3RD ST SE & VIRGINIA AVE SE,13,15be4137a9520dd715f56a51e8eaeb45,4009,,4964377
-8574040.6880293,4705579.80469108,14000702_14047972,14047972,1115.05505371,INDEPENDENCE AVE SW & 7TH ST SW,13,e9fe775938006f5e646a48f3246e4b9c,1208,,4964381
-8574673.75869194,4716822.63925349,11040042_11079882,11079882,1433.84301758,SHERIDAN ST NW & GEORGIA AVE NW,13,1fbcefe0a49b56b80ce18ed38ab05e0c,5264,,4964383
-8576462.46766944,4710710.57190064,11009102_11054082,11054082,594.20898438,LANIER PL NW & ADAMS MILL RD NW,13,4e502dd068dbb04fbbb73f8cb214b210,6052a,,4964386
-8577178.28198208,4708395.22067268,11002302_11063182,11002302,1774.35302734,23RD ST NW & N ST NW,13,21f8b83f85c4ca247fe2449330db534d,1162,,4964406
-8562773.58781694,4705892.56101257,13005632_15031912,13005632,0,56TH PL SE & EAST CAPITOL ST BN,,e3c8ab5cdbb6a9a65753a82b6668f6e2,4176,,4964423
-8566569.58812135,4706754.99210487,12003602_36003072,36003072,0,Ramp-36003072 & 36TH ST NE,13,319fafe07a7d1424c56e711a05d6aab8,4068,,4964429
-8574659.7535748,4717023.431751,11040042_11070522,11040042,5732.22314453,GEORGIA AVE NW & PINEY BRANCH RD NW,13,07497bb7298b21eddb9d8717649d2e8f,5142,,4964442
-8570286.91138851,4702890.9020076,13001102_13059452_36005522_36005592,36005592,0,Ramp-36005592 & 11TH ST SE & MARTIN LUTHER KING JR AVE SE & Ramp-36005522,13,9cac1e345180317440391973b261040b,4118,,4964445
-8581480.20862774,4710100.45128885,11037892_11090152,11037892,1790.73999023,FOXHALL RD NW & W ST NW,,73cafed6cbb71d0292bf3e9abc83d209,6263,,4964452
-8577180.09550956,4706789.95731309,11002302_11031332,11002302,645.35699463,23RD ST NW & E ST NW,13,c318b50f20d1f174e6acbf2098f2d494,1156,,4964455
-8568954.04888413,4711512.33232719,12002002_12048752_12075462,12002002,1527.69299316,20TH ST NE & IRVING ST NE & RHODE ISLAND AVE NE,13,b1b816d3c14baf7eac5e4b47a50be38f,3191,,4964483
-8569933.70535813,4697908.84198285,13001302_13081512,13081512,1991.32202148,SOUTHERN AVE SE & 13TH ST SE,,2a36a159cc447db1a0deefb3555316bb,4192,,4964546
-8570003.18893253,4713448.23939422,12001402_12060582,12001402,3974.82104492,14TH ST NE & MICHIGAN AVE NE,13,a0e07728d39c471a205c970da0e4d828,3162,,4964549
-8566182.40534772,4702438.4792455,13009362_13069812,13069812,5150.48486328,PENNSYLVANIA AVE SE & ALABAMA AVE SE,13,8c0b751a54616f36184859333bb16513,4100,,4964575
-8579943.82991904,4714617.86966131,11022552_11063762,11063762,2788.37304688,NEBRASKA AVE NW & CHESAPEAKE ST NW,13,b3b5e7a34025efb2da0b9cf84e70ce4a,6206,,4964583
-8572954.97193403,4708949.43593183,11000102_11072862,11000102,2198.93896484,1ST ST NW & Q ST NW,13,f05ad48437e01aa6ae67d726c4e0f364,3005,,4964597
-8580175.83953125,4713534.43059225,11003902_11088922_11094052,11003902,2884.19897461,39TH ST NW & VAN NESS ST NW & WISCONSIN AVE NW,13,5d47e08b895bf1a150ac05549dff11b4,6152,,4964600
-8574532.82938498,4713806.10551222,11009882_11040042,11009882,1019.31799316,ALLISON ST NW & GEORGIA AVE NW,13,a20a0075962323a6507e3e41ab4a3c7d,5253,,4964636
-8574559.84138038,4719356.99918291,11040042_11051022,11040042,7545.046875,GEORGIA AVE NW & KALMIA RD NW,13,00874b1fa6f8ea85c52b6b93e6847596,5117,,4964647
-8574610.90384606,4710758.78553953,11001102_11033862,11033862,394.25900269,EUCLID ST NW & 11TH ST NW,13,0715cec5282261f33e49e1245285c30b,5024,,4964656
-8567885.29323488,4703331.33606679,13002832_13068382_13069812,13069812,3652.83398438,PENNSYLVANIA AVE SE & 28TH PL SE & P ST SE,13,3d986313059aef52244d30c4e154a65c,4202,,4964660
-8573814.89544746,4715436.29604414,11000502_11052062,11000502,4907.79101563,5TH ST NW & KENNEDY ST NW,13,8a1a526afcb9f88fc334128c803bb708,5016,,4964661
-8572765.54509113,4716330.48186852,11051352_11069682_58015172,58015172,0,Driveway-58015172 & KANSAS AVE NW & PEABODY ST NW,13,e31bb5b3aa23ca37aa8d777c29de2f93,5152a,,4964675
-8571827.9267829,4703994.96754389,13000302_13057852,13057852,612.63397217,M ST SE & 3RD ST SE,13,c9c5c18b2a42a47085241179ee91ffe5,2243,,4964683
-8573259.76891319,4708167.11005924,11057852_11064282,11064282,1565.93896484,NEW JERSEY AVE NW & M ST NW,,e720811e5a8fe78bd1efdbaed20195ce,3045a,,4964691
-8572954.34908528,4709091.9470364,11000102_11036722,11036722,306.77600098,FLORIDA AVE NW & 1ST ST NW,13,4eac6116567377179ff307382e19a3fe,3006,,4964710
-8576812.49753514,4712023.20335475,11009102_11052972,11052972,140.75700378,KLINGLE RD NW & ADAMS MILL RD NW,13,5daaa16cfc7a5a784266207f538c0da6,6203,,4964730
-8570658.4813284,4705900.42992903,12001102_13001102_15031912,13001102,0,11TH ST SE & 11TH ST NE & EAST CAPITOL ST BN,13,56b4a9c7030e30b3b0fbab1fcb694616,4219,,4964735
-8571663.31357971,4711850.1652255,12000402_12060582_58001402,58001402,0,Driveway-58001402 & MICHIGAN AVE NE & 4TH ST NE,13,dc3dd735e5825ac7e27b260ba7de47ea,3231,,4964745
-8570658.19542412,4704897.62551777,13001102_13031332_13069812,13069812,1170.35900879,PENNSYLVANIA AVE SE & 11TH ST SE & E ST SE,13,296dd32547acced6d25d443232c3f71e,4035,,4964747
-8583503.65069083,4711687.99768759,11020992_11057912,11020992,4350.72705078,CATHEDRAL AVE NW & MACARTHUR BLVD NW,13,daab3e7c5fbbb9c7ab4c7c8e5e7d8e1b,6095,,4964756
-8575662.96942824,4711117.32702305,11001602_11043742_36001172,11001602,2951.18701172,16TH ST NW & HARVARD ST NW & Ramp-36001172,13,76b6747385f0e234917a37bcf56a9f30,5091,,4964758
-8579553.17066025,4710239.0485757,11042642_11094052_58015422,58015422,0,Driveway-58015422 & HALL PL NW & WISCONSIN AVE NW,13,a0020d4a844d41e1285cd434edba6211,6139,,4964761
-8574269.32238513,4708585.13488679,11000902_11065842,11000902,2104.80688477,9TH ST NW & O ST NW,13,94b07a1d2d02d13155bb9db52a9deac5,2078,,4964791
-8570299.15977713,4713149.31478138,12001302_12060582,12001302,3492.54003906,13TH ST NE & MICHIGAN AVE NE,13,3700cec79fa68f7af0efcae152b9b706,3161a,,4964800
-8568145.90649795,4703488.00456708,13002702_13065842,13065842,553.78900146,O ST SE & 27TH ST SE,13,d5b9088469520ac966df88aaa659d941,4140,,4964810
-8573144.52805812,4703991.72603824,14028662_14057852,14028662,549.31402588,DELAWARE AVE SW & M ST SW,13,237de793fd5ce6a2385769c4e48f0d91,2242,,4964812
-8572984.63741772,4714843.51946124,11039062_11064222,11039062,296.82699585,GALLATIN ST NW & NEW HAMPSHIRE AVE NW,13,35fad87f686bb630b68a2ca6fe4741e8,5250,,4964815
-8578114.28332962,4712447.29273531,11025152_11067732,11067732,345.24700928,ORDWAY ST NW & CONNECTICUT AVE NW,13,0e64a9d7c7ad1d320baea8e37bf2743b,6077,,4964822
-8581675.90163175,4715364.78216643,11004602_11039712_11076312,11076312,1198.9329834,RIVER RD NW & 46TH ST NW & GARRISON ST NW,13,8328114479369bf49691520370416038,6048,,4964848
-8571631.66357449,4715270.93382796,12052062_12081442,12081442,5719.07177734,SOUTH DAKOTA AVE NE & KENNEDY ST NE,13,086a6f92e9da9bd7c68e768ed83141c3,5209,,4964851
-8571513.49297127,4701895.52042751,13035682_13083722,13035682,309.43099976,FIRTH STERLING AVE SE & SUMNER RD SE,13,e364fd18f23cd5659f8b2ad867cf93ce,4268,,4964855
-8575886.95089765,4708167.13734387,11001702_11057852,11001702,1881.80505371,17TH ST NW & M ST NW,13,955ca77a5f9762bda7d3bd1144904e3b,1074,,4964859
-8578142.63813563,4712623.48876043,11071632_11073322,11071632,792.21002197,PORTER ST NW & QUEBEC ST NW,13,a09b54513196b69d4500fcf0f10c2e64,6245,,4964874
-8575997.06104988,4705786.521817,14001702_24046182_36000092_36003742,36003742,75.28399658,Ramp-36003742 & 17TH ST SW & HOME FRONT DR SW Service Rd & Ramp-36000092,13,482ad05d483b295187d89878da1ae109,1213,,4964888
-8570895.91257451,4698865.694022,13025092_13092882_58019532,13092882,346.15899658,WHEELER RD SE & CONGRESS ST SE & Driveway-58019532,13,ca32c9e0beb4441e8529a7293c8c08ca,4237,,4964890
-8580516.71328416,4716090.68326012,11060642_11075272,11060642,4338.2578125,MILITARY RD NW & RENO RD NW,13,296b9b1d1d7d1495b6114a3946f381f8,6040a,,4964903
-8574731.68745673,4705352.00802252,14001202_14019822,14019822,1011.94396973,C ST SW & 12TH ST SW,13,e011b670aa6c9f8a46a0f36aef426511,1216,,4964914
-8574040.51725766,4708165.92489372,11000702_11057852,11057852,1072.05102539,M ST NW & 7TH ST NW,13,f0b7b0d37a63465dc70c321ea5fd5a2b,2063,,4964919
-8577784.5582721,4711717.39326499,11025152_58013622,11025152,3580.55004883,CONNECTICUT AVE NW & Driveway-58013622,13,aab9acbc8e6c1579846327ff1ccc16ff,6087,,4964954
-8579796.48827643,4714838.8255545,11037052_11063762,11063762,2994.59790039,NEBRASKA AVE NW & FORT DR NW,13,1602634c2a2736bc76341eb181de0e79,6251,,4964986
-8573943.86653774,4712355.43260384,11067992_11090872,11090872,777.71899414,WARDER ST NW & OTIS PL NW,13,f6e89e0a81aea465b8e73deb615bcb78,5180,,4964990
-8574040.61426702,4707659.2314877,11000702_11050892_11059602,11050892,1114.92700195,K ST NW & 7TH ST NW & MASSACHUSETTS AVE NW,13,ff9d7ae9f76593885fcb0612370c9385,2061,,4964991
-8571710.35459334,4711824.56305325,12043292_12060582,12060582,909.17901611,MICHIGAN AVE NE & HAREWOOD RD NE,13,140bf8c0cd2bbb9c1907174553272beb,3231a,,4965024
-8575266.8069315,4705069.27580448,14031822_14058502A,14031822,0,EAST BASIN DR SW & MAINE AVE SW,13,aec98f8da130ed6a90a0ad481ad62148,1228,,4965038
-8573551.54069644,4703363.77484688,14000402_14068382_64010532B_64010532B,14068382,732.690979,P ST SW & 4TH ST SW & ANACOSTIA RIVER TRAIL SW,13,39c30357483f55ef12acb064c6f98882,2195,,4965074
-8572612.33169182,4703358.92369729,14068382_15081252,15081252,1726.90698242,SOUTH CAPITOL ST BN & P ST SW,13,cd3776d30da39fe3e46cabc139d5c246,2263,,4965081
-8575661.59209899,4711462.90734965,11001602_11048752,11001602,3219.2800293,16TH ST NW & IRVING ST NW,13,0c3a1b982269a1bfede3e22a3b05ed38,5075a,,4965102
-8564653.79347994,4707751.67675049,12004532_12079952,12079952,298.99398804,SHERIFF RD NE & 45TH PL NE,13,34aa3d54397621f5bb85be6c6866e0f8,4084,,4965107
-8571349.38280345,4701977.3027275,13035682_13035682_13083422_13083422A,13083422A,567.34197998,SUITLAND PKWY SE & SUITLAND PKWY SE & FIRTH STERLING AVE SE,,c69def71cbf0bce6209ee2965c88cbea,4159,,4965116
-8568306.92278656,4707050.19067285,12002602_12015342,12015342,1159.09997559,BENNING RD NE & 26TH ST NE,13,e3d31bc39a58282145b396eeecf94bc5,3136,,4965117
-8572248.65711092,4706784.95095948,12024732_12059602,12059602,131.32299805,MASSACHUSETTS AVE NE & COLUMBUS CIR NE,13,5b91fc0f95fa1004f0bdd4291b2b3c0c,2165,,4965129
-8569757.86313045,4707377.35276214,12001502_12015342_12015992_12042442_12059472,12059472,1943.54296875,MARYLAND AVE NE & 15TH ST NE & BENNING RD NE & BLADENSBURG RD NE & H ST NE,,04eab17816b0ebe7fe88f4688908ed7c,3114,,4965158
-8579954.07699249,4713016.68126441,11076892_11094052,11076892,935.96600342,RODMAN ST NW & WISCONSIN AVE NW,13,255b542bcd5fbbd60209fdeb3f23fbad,6151,,4965160
-8573290.00314471,4705668.7408062,14000302_14059472,14000302,179.38299561,3RD ST SW & MARYLAND AVE SW,13,422b746e6baf211886eaeef8955cfcb9,2185,,4965164
-8575355.51453,4705150.88737646,14058502A_14074702,14074702,356.5329895,RAOUL WALLENBERG PL SW & MAINE AVE SW,13,fac76db005b9f9eba4024b97a4878bec,1225,,4965182
-8569069.31272772,4705899.51434385,12001902_13001902_13001902_15031912A_15031912A_15031912A,13001902,0,19TH ST SE & 19TH ST NE & EAST CAPITOL ST BN & EAST CAPITOL ST BN,13,ef43c4c396b97c6841be066d8d43a407,3224,,4965207
-8575274.86820711,4705764.16567712,14001502_14049792_64063402A_64063402A,14001502,71.81500244,15TH ST SW & JEFFERSON DR SW & NATIONAL MALL TRAIL SW,13,b150949f10201cf7692ad3b20a95e26a,1242,,4965214
-8579151.86408943,4708083.16689997,11003402_11057852,11057852,4984.96484375,M ST NW & 34TH ST NW,13,1b5eb0a2e4b6d11caa9305c205535814,6024,,4965217
-8569621.11846408,4708646.10734365,12062462_12086642,12062462,972.29699707,MOUNT OLIVET RD NE & TRINIDAD AVE NE,13,e64839fe513d03e68967a02d9fac6b27,3251,,4965218
-8574907.3341791,4714329.93450238,11001302_11011052_47065182,11011052,1232.85998535,ARKANSAS AVE NW & Alley-47065182 & 13TH ST NW,13,dd0e9c72035c0b8af465035423b4f3f8,5031,,4965221
-8574954.17523493,4704902.85031686,14058502A_36004802,14058502A,175.86199951,MAINE AVE SW & Ramp-36004802,14,dc000609d6553045ab862cff0da315bd,1387,,4965226
-8571767.52748879,4716652.58971155,12031982_12076242,12031982,8872.06542969,EASTERN AVE NE & RITTENHOUSE ST NE,13,d5d2213a5739c09a65fce99047b62452,5181,,4965230
-8569262.87078471,4705583.5263736,13001802_13047972,13001802,245.48300171,18TH ST SE & INDEPENDENCE AVE SE,13,9bbdd26a59e4efb1a083d94d1f9f40d4,4264,,4965238
-8576599.23824774,4707459.50766621,11002002_11047772_11069812,11069812,3295.98608398,PENNSYLVANIA AVE NW & I ST NW & 20TH ST NW,13,7017cfabaae3a8e69d6a603f5e2ff18a,1129,,4965275
-8567917.44507767,4701626.7819964,13009362_13059032_58014092,13009362,3769.62402344,ALABAMA AVE SE & Driveway-58014092 & MARION BARRY AVE SE,,34caed4f9679d8a2589eff9e0432d2ab,4096,,4965281
-8565841.85904203,4705898.0443861,13012092_13083132_15031912_36000372,36000372,0,Ramp-36000372 & B ST SE & STODDERT PL SE & EAST CAPITOL ST BN,13,297288e8f297fac010ab639b904f6910,4181,,4965286
-8574906.64166386,4715403.03711196,11001302_11052062,11001302,6626.71484375,13TH ST NW & KENNEDY ST NW,,0f43b1ff20fad66fbb0f07f303c4afc7,5043,,4965304
-8576244.45219709,4706784.79406411,11001802_11031332_11064672,11031332,2771.24609375,E ST NW & 18TH ST NW & NEW YORK AVE NW,13,8431f62e3aec6a0bd9e9a36a088d8c24,1087,,4965307
-8575451.9161699,4707549.68601164,11001502_11047772_11089442,11047772,2011.12097168,I ST NW & 15TH ST NW & VERMONT AVE NW,13,5999548982c6caea51a926e8d2d45d7a,1036,,4965326
-8572955.05933371,4708737.63195004,11000102_11068382,11000102,2034.5880127,1ST ST NW & P ST NW,13,5033d7671b6a0173b73bbf3176a5dc80,3004,,4965331
-8571162.22300843,4700933.91870802,13021202_13059452_58022452,58022452,0,Driveway-58022452 & MARTIN LUTHER KING JR AVE SE & CEDAR DR SE,13,ce06e04057a105dba997ef65e76e0c08,4127,,4965338
-8574269.1477567,4709586.01764352,11000902_11084562,11084562,1205.67797852,T ST NW & 9TH ST NW,13,fe408eaa596ff47aacc599cdd598b2c3,2241,,4965346
-8578912.25357693,4714211.8247095,11009492_11025152,11009492,1134.47094727,ALBEMARLE ST NW & CONNECTICUT AVE NW,13,c1eb3d310353d96182473164da2d14fc,6062,,4965362
-8574898.60029547,4709161.92392278,11001302_11074162,11074162,1784.85705566,R ST NW & 13TH ST NW,,42c0ef37c68aa962fb7fec87b4770295,2143,,4965366
-8571664.43911407,4711166.80282634,12000402_12055642_47032122,12000402,3808.56103516,4TH ST NE & LINCOLN RD NE & Alley-47032122,,1efaf31e1d1166bbc99b8850b8a2e7e6,3227,,4965373
-8574391.50265603,4713351.17937772,11000902_11088012,11088012,1021.55499268,UPSHUR ST NW & 9TH ST NW,13,6d97cbb3ccd04869442daad7de7cee4f,5260,,4965392
-8568825.5931815,4709379.73829831,12015992_12061552_12077672,12015992,1724.64501953,BLADENSBURG RD NE & MONTANA AVE NE & S ST NE,13,950ef0244426392440fbbea0cdcb3e5c,3142,,4965419
-8576928.5012524,4706788.76575272,11031332_58018132,58018132,0,Driveway-58018132 & E ST NW,13,6da956c372269b8c20298dd9e838034a,1193,,4965471
-8569262.66789566,4707477.20923239,12001702_12047772_58013612,58013612,136.76899719,Driveway-58013612 & 17TH ST NE & I ST NE,13,d27d53bbdbbe5979192cd5867a413e38,3122,,4965490
-8573816.4146051,4708949.6319524,11000602_11072862,11000602,2114.43994141,6TH ST NW & Q ST NW,13,e5a2e37deae888101a6282fbcb865411,3018,,4965495
-8572954.72066231,4708255.36025005,11000102_11064672,11000102,1660.34899902,1ST ST NW & NEW YORK AVE NW,13,463efc5e5b0229dac099c6333e8a48fd,3002,,4965497
-8566048.96359815,4706476.29694725,12029702_12061162,12061162,519.73901367,MINNESOTA AVE NE & DIX ST NE,,4b2ff13f1a7acc007564809c9371fcb6,4081,,4965500
-8574349.55729563,4712893.52457723,11040042_11074682,11074682,733.82897949,RANDOLPH ST NW & GEORGIA AVE NW,13,feac1217b06fa51dc7c8fa838512fd2c,5144,,4965508
-8574155.63606434,4707332.02655259,11000802_11042442,11000802,418.51400757,8TH ST NW & H ST NW,13,50d41659bda45a9341ae779645712d0c,1388,,4965534
-8573387.03564824,4715299.10749937,11000302_11049922,11000302,3945.68310547,3RD ST NW & JEFFERSON ST NW,,3d1a56708c2015f58abb9564b2b27896,5004,,4965547
-8571174.49288106,4706245.35269865,12000702_12059602,12000702,245.26400757,7TH ST NE & MASSACHUSETTS AVE NE,13,342fb69440a3faa8767d6e62d5ea58d9,3078a,,4965554
-8571933.11407029,4713188.15903505,12043292_12084892,12084892,121.26000214,TAYLOR ST NE & HAREWOOD RD NE,13,4105ef4ed7b5df59fc2ac68bbdec1276,5205,,4965576
-8572843.64614924,4706439.99454116,11019822_11057132,11019822,55.76399994,C ST NW & LOUISIANA AVE NW,13,c9cd68dc7a731a0c5509e59a265a046d,2073,,4965579
-8577034.81171118,4708112.26181289,11002202_11057852,11057852,3334.80200195,M ST NW & 22ND ST NW,13,291db0527cb0f0fe7607553a3b597800,1150,,4965580
-8576190.04253115,4709791.73325045,11036722_11087232,11087232,2400.79492188,U ST NW & FLORIDA AVE NW,13,a5e2c0fec31d78191d8cc11b626c9e33,1374,,4965581
-8563984.49881375,4704307.22587102,13015342_13042442,13015342,1343.15197754,BENNING RD SE & H ST SE,13,663a9729bcdd1dac58b7c7dac9a72749,4112,,4965583
-8570611.88735363,4709301.15723596,12064672_36005422,12064672,1702.60498047,NEW YORK AVE NE & Ramp-36005422,13,a6c3d963987908aab225e8d9a649cb5f,3246,,4965599
-8574899.13993167,4707893.16216025,11001302_11053492,11001302,920.315979,13TH ST NW & L ST NW,,76dabc33dd0443a36a09d751e00487d5,2138,,4965605
-8571427.68169532,4708165.80129649,12000602_12057852,12057852,921.18597412,M ST NE & 6TH ST NE,13,a9b8939d1e67c1c3e0f80f950e8213a8,3077,,4965610
-8571546.3870769,4707718.14742412,12000502_12050892,12000502,1299.92004395,5TH ST NE & K ST NE,13,94a7b095e5e7433815866cceae12f8f7,3068,,4965626
-8576242.87541818,4707549.89789503,11001802_11047772,11047772,2627.59106445,I ST NW & 18TH ST NW,13,451726c880216272c7e96357b108ec2b,1091,,4965628
-8577184.7669422,4706228.01489544,11002302_11025352_11025352A_11025352A,11002302,209.14700317,23RD ST NW & CONSTITUTION AVE NW & CONSTITUTION AVE NW,13,50b03698cb3f10e4e90d84290ed0e96d,1155,,4965650
-8576435.85890668,4709162.18260651,11001902_11074162,11001902,2145.38208008,19TH ST NW & R ST NW,13,19f438bdec93ade7553505dd898b101e,1115,,4965655
-8573555.48227357,4704961.54382454,14000402_14031332,14031332,545.48101807,E ST SW & 4TH ST SW,13,a6ffd13fc65fe44b1209225542e7d2c7,2188,,4965659
-8579745.39366518,4711452.01432281,11059602_11094052,11059602,6205.67578125,MASSACHUSETTS AVE NW & WISCONSIN AVE NW,13,595cf3a189d72fd612e11f2a9fab991f,6144,,4965673
-8570658.49327918,4706215.72304526,12001102_12025352,12025352,1524.26098633,CONSTITUTION AVE NE & 11TH ST NE,13,b3029bc2fbed6050869e2c9ac40f35a3,3095,,4965707
-8574277.50053028,4707777.54464304,11000902_11059602_11062592,11062592,184.28900146,ALLEN Y LEW PL NW & 9TH ST NW & MASSACHUSETTS AVE NW,13,4eacb8c761c857b6f0063f1e106b9d8c,2077,,4965732
-8577253.48807397,4707698.20768108,11091262_36003302_36004842,11091262,296.43499756,WASHINGTON CIR NW & Ramp-36003302 & Ramp-36004842,14,4405fcab726efa341c4497d610129634,1382,,4965736
-8570958.2403844,4699306.95550287,13009362_13092882,13092882,0,WHEELER RD SE & ALABAMA AVE SE,13,a54fb33e055b4e099531f0d2cdfe40f1,4105,,4965747
-8574721.22361868,4715402.96702577,11040042_11052062,11040042,4472.68017578,GEORGIA AVE NW & KENNEDY ST NW,13,099433219972b77930d61e39ed126b40,5135,,4965773
-8568812.82075812,4703263.33687336,13002202_13061162_13063502,13063502,352.0039978,NAYLOR RD SE & 22ND ST SE & MINNESOTA AVE SE,13,e48d1ffbdaf258af121ffe585d07f453,4132,,4965777
-8574367.72551675,4704543.11280623,14000902_14029602_14029602A_14029602A_14029602A_14058502,14000902,1052.06604004,9TH ST SW & DISTRICT SQ SW & DISTRICT SQ SW & MAINE AVE SW,13,800ace3a2cdc5115f702b57ca1b05ff4,2233,,4965779
-8576723.83856534,4709373.36262488,11025152_11077672,11025152,1543.43701172,CONNECTICUT AVE NW & S ST NW,13,ba899816bfd1ee09df7b962e9845652c,1144a,,4965830
-8574685.71776718,4716653.84908576,11040042_11076242,11076242,1349.22900391,RITTENHOUSE ST NW & GEORGIA AVE NW,13,12800671291ae714f21ae7e88cb00fbe,5145,,4965848
-8574899.75931571,4718987.57860527,11001302_11009422_11044202,11009422,918.76898193,ALASKA AVE NW & HEMLOCK ST NW & 13TH ST NW,13,35f6b9856ea90d5385812f241c8e6cfb,5030,,4965849
-8575826.19328889,4707387.47898311,11025152_11042442_11049202,11049202,161.43099976,JACKSON PL NW & CONNECTICUT AVE NW & H ST NW,13,8a106c7d18f1f70f87946d3c346eae21,1177,,4965859
-8569840.96996097,4705550.71762006,13059602_36000682_36000692,36000692,0,Ramp-36000692 & Ramp-36000682 & MASSACHUSETTS AVE SE,13,f563c17a3f27777840bb79f2f2efb232,4046d,,4965879
-8570600.94581186,4702128.8484953,13023142_13059452,13023142,174.2749939,CHICAGO ST SE & MARTIN LUTHER KING JR AVE SE,13,3ab0e1e02855fb561b1f38c0e811c3f7,4123,,4965937
-8576438.98568384,4707719.69837286,11001902_11050892,11001902,1157.22497559,19TH ST NW & K ST NW,13,a3824894d12d4c51dc65e5bcb3dc99bf,1111,,4965945
-8574728.68277556,4706646.13488444,11001202_11069812,11069812,1429.42602539,PENNSYLVANIA AVE NW & 12TH ST NW,,673ab05b16e188c798602054ffec06d9,2127,,4965949
-8582140.01654762,4709594.42483263,11057912_11075332_11093082,11075332,2586.80810547,RESERVOIR RD NW & MACARTHUR BLVD NW & WHITEHAVEN PKWY NW,13,3356450c6ae50778f95bc0824bfe128a,6100,,4965956
-8564212.06319143,4704823.35801891,13015342_13034382,13015342,904,BENNING RD SE & F ST SE,13,63f9c5101466ec25ade857b0a55f65ee,4110,,4965981
-8568726.07624003,4712193.8274908,12002202_12081442,12081442,2423.10205078,SOUTH DAKOTA AVE NE & 22ND ST NE,13,95af3d7706724a418918f3671e1e935a,3204a,,4965996
-8573291.50769806,4704395.87146481,14000302_14047772,14000302,949.7869873,3RD ST SW & I ST SW,13,f9fb8d1576c5d5c1d6610cb809b6b4e3,2181,,4966013
-8580406.67487266,4713929.68899581,11063762_11085182,11063762,2232.82299805,NEBRASKA AVE NW & TENLEY CIR NW,14,71a86b3800600cf1f4c9bf3f6edb6dca,6156,,4966043
-8578992.31828328,4711645.60062348,11003402_11023922,11023922,1062.26501465,CLEVELAND AVE NW & 34TH ST NW,13,38726f0d0e888a6084bbf9f8b2d164b3,6022,,4966076
-8567341.51942466,4711361.42341005,12015992_12031652,12031652,129.44599915,EARL PL NE & BLADENSBURG RD NE,13,2cdd7c9b37343061067d37645c98a54b,3140,,4966090
-8572955.09034404,4708584.49401246,11000102_11065842,11000102,1915.75695801,1ST ST NW & O ST NW,13,3cbb8fd5fe6730a5a805b16f171d22b0,3003,,4966117
-8575662.54479311,4711243.84550332,11001602_11010792,11001602,3049.33789063,16TH ST NW & ARGONNE PL NW,13,c7607310c4409e4369e1e6512074bfab,5092,,4966131
-8570737.74903001,4702033.98219273,13059452_13084632,13084632,103.79199982,TALBERT ST SE & MARTIN LUTHER KING JR AVE SE,13,f76abb8f5d8d190d809828fe2f20f914,4224,,4966149
-8576760.15758399,4709645.96974242,11024632_11025152_11055122_11084562,11024632,3184.04492188,COLUMBIA RD NW & CONNECTICUT AVE NW & LEROY PL NW & T ST NW,13,a01e1581f0c54c313d7af7e6d6ee2e24,1179,,4966217
-8571040.25342725,4705900.5986972,12000802_13000802_15031912,12000802,0,8TH ST NE & 8TH ST SE & EAST CAPITOL ST BN,,3ca1fc6b46829399018b1922a3700fbf,4065,,4966224
-8575885.02660519,4709162.52872638,11001702_11074162,11001702,2654.19897461,17TH ST NW & R ST NW,13,645e238458a0caa60a906555d6c10dcf,1081,,4966232
-8579717.04933134,4710583.77279333,11020022_11094052,11020022,1473.67199707,CALVERT ST NW & WISCONSIN AVE NW,13,ffdec7134c196e0c1c65b0fd3ef41591,6132,,4966246
-8563582.25241332,4705894.85990851,12029642_15031912,12029642,0,DIVISION AVE NE & EAST CAPITOL ST BN,,9b53b42d23c238180d1cb70db3d0d0da,4187,,4966257
-8575885.66985899,4708738.18149356,11001702_11068382,11001702,2324.92797852,17TH ST NW & P ST NW,13,d0818414493dcb3e27e9ed0f6b12382f,1078,,4966265
-8574726.95642464,4707331.64714083,11001202_11042442,11042442,1742.32495117,H ST NW & 12TH ST NW,,4c03024a0c7d01f4f653016d4f7bbcff,2120,,4966267
-8574546.46007036,4718721.06174246,11040042_11040172,11040172,355.46099854,GERANIUM ST NW & GEORGIA AVE NW,13,9813df9e37177acb314594315574fd0a,5129,,4966277
-8573082.59846776,4707547.31693054,11000202_11047772_11064282,11064282,1065.23095703,NEW JERSEY AVE NW & 2ND ST NW & I ST NW,,6e28669b82b76b5a23072d85a706bc71,1391,,4966287
-8573827.23489768,4709597.90443125,11000602_11084562,11084562,910.14898682,T ST NW & 6TH ST NW,13,e6c3db4c6802019a537dbf843a7d842b,3021,,4966292
-8573473.26089669,4709375.8844435,11036722_11075462,11036722,767.20202637,FLORIDA AVE NW & RHODE ISLAND AVE NW,13,ce6e2f4fe999a1e9a45563e5c4339d8c,3013,,4966316
-8569987.13385279,4707255.47097553,12001402_12059472,12059472,1741.37597656,MARYLAND AVE NE & 14TH ST NE,,002262425ca7ce7bd1a2cf21d5510024,3111,,4966332
-8570654.63584375,4703727.01637075,13001102_13063182,13001102,1687.23095703,11TH ST SE & N ST SE,13,5d6605e6390d77ff0e51efb9cec09f71,4040,,4966338
-8576241.49530951,4708395.25930518,11001802_11063182,11063182,2591.68896484,N ST NW & 18TH ST NW,13,23dc3b30d968779984fa11434bbd0557,1096a,,4966339
-8579633.14695285,4715805.19014767,11025152_11049982,11025152,7062.53515625,CONNECTICUT AVE NW & JENIFER ST NW,13,938c2e4c669b7a951b502ddcb09cf7d4,6070,,4966346
-8576439.83751016,4706980.31103944,11001902_11034382,11001902,583.4050293,19TH ST NW & F ST NW,13,5f3885ce5ef302749b341148a370fab2,1107,,4966352
-8569236.06286615,4708392.57286836,12015992_36001752_36003692,12015992,888.2880249,BLADENSBURG RD NE & Ramp-36001752 & Ramp-36003692,14,11862382341eb851d47f8cf011e50790,3252,,4966363
-8575668.49573147,4707893.48911055,11001602_11053492,11001602,449.70001221,16TH ST NW & L ST NW,,4996d9c807fb909ec515bfaf2295341c,1053,,4966387
-8568434.10968922,4711834.80274842,12075462_12081442,12081442,2063.53295898,SOUTH DAKOTA AVE NE & RHODE ISLAND AVE NE,13,12124139fb7af9a04b45137cc4be352f,3197,,4966389
-8577422.3618465,4710916.64432577,11002402_11025152,11025152,2898.29003906,CONNECTICUT AVE NW & 24TH ST NW,13,88a3a9205e2a6f5c8b7352162a277711,6004,,4966399
-8570463.31839346,4702334.0146505,13059452_13090152,13090152,154.48300171,W ST SE & MARTIN LUTHER KING JR AVE SE,13,2aa5714c10c839a1a138234d8cc359df,4131,,4966400
-8572457.03715108,4713540.84952638,12023852_36005332,12023852,96.46299744,CLERMONT DR NE & Ramp-36005332,,795bcded07c73ac66fb6efc453ea9cb1,5196a,,4966423
-8568589.67132631,4703716.47668858,13034512_13069812_36005072,36005072,0,Ramp-36005072 & FAIRLAWN AVE SE & PENNSYLVANIA AVE SE,14,bab0627e3974628730209d498841088e,4236,,4966426
-8575666.16249063,4708949.88273668,11001602_11072862,11001602,1269.44897461,16TH ST NW & Q ST NW,13,f7e4d3cd2ae5bae1d401a9a544b892f1,1056,,4966467
-8576633.8525033,4706575.79516221,11002002_11089892,11002002,156.44200134,20TH ST NW & VIRGINIA AVE NW,,810324ecc028bb6edb22eb1bad279823,1131,,4966476
-8572256.27089926,4708567.3218459,12000102_12064672,12000102,1996.22302246,1ST ST NE & NEW YORK AVE NE,,5550184a53d9dd124c0f9b81fea894c1,3031,,4966487
-8578618.23725278,4708334.91920497,11063182_11094052,11063182,4224.14990234,N ST NW & WISCONSIN AVE NW,13,97ca3451e8a51238ef097eb84ceec72a,6145,,4966511
-8570634.22796065,4703539.54143711,13001102_13065842,13065842,407.56201172,O ST SE & 11TH ST SE,13,5b97127c6aa9687c42fcfcf2d522ce9b,4259,,4966533
-8576793.72280506,4707893.96781675,11002102_11053492,11002102,1292.32299805,21ST ST NW & L ST NW,,d8e74e9ab2e15b35747c4a271c68060e,1139,,4966559
-8574945.70874418,4716571.98592143,11001302_11037572,11037572,0,FORT STEVENS DR NW & 13TH ST NW,,c0b6721abb932b5e5a92dadef59e7159,5037,,4966563
-8572256.6675723,4706612.68605428,12000102_12026912,12000102,552.17999268,1ST ST NE & D ST NE,,6cf5971ff99cf967bc55c42d705f575d,2160,,4966568
-8575244.45027203,4713044.83246169,11001402_11079562,11079562,1537.10205078,SHEPHERD ST NW & 14TH ST NW,13,4361fd26c25950192a3f367a95c73a8e,5234,,4966570
-8568958.21712565,4707196.56962541,12001902_12015342*1,12015342,638.99401855,BENNING RD NE & 19TH ST NE,13,c7c105ea8bfbbdcc181603c0904657df,3129,,4966571
-8570907.46867711,4703994.10521686,13000902_13057852,13057852,1330.13696289,M ST SE & 9TH ST SE,13,7f17737e2fa2e7d7bd40f7a33c68c5a5,4031,,4966580
-8572395.25126013,4709857.35835606,12055642_12075462,12055642,725.62097168,LINCOLN RD NE & RHODE ISLAND AVE NE,13,a6d22609e3a7544f668a4b12cf778f54,3035,,4966587
-8572603.70318872,4714857.71009187,11039062_12039062_15065322,11039062,0,GALLATIN ST NW & GALLATIN ST NE & NORTH CAPITOL ST BN,13,2a1eaeb17b60a7184db5e8a72061f849,5195,,4966597
-8576348.66192473,4708738.06379808,11031202_11068382,11031202,120.94200134,DUPONT CIR NW & P ST NW,13,e9582486b8823b2b2ff4a372424b407f,1195d,,4966611
-8574612.22355339,4707923.46201587,11001102_11059602,11059602,1513.77404785,MASSACHUSETTS AVE NW & 11TH ST NW,13,fe86de764cf50b6d7b378434cab13800,2109,,4966612
-8574040.15332063,4706482.84807912,11000702_11048162,11048162,627.08300781,INDIANA AVE NW & 7TH ST NW,13,66ef4cbd78c8a6b8c175555e128f69b7,2060,,4966616
-8568954.3313774,4712096.30101734,12002002_12061422,12002002,1980.69897461,20TH ST NE & MONROE ST NE,13,10d1e493ae4915f8ef865fed6022ae79,3173,,4966628
-8572269.13239419,4696506.47795762,13000102_14039392_15081252,15081252,7624.80322266,SOUTH CAPITOL ST BN & 1ST ST SE & GALVESTON ST SW,13,279f59f2d73d4fe01e0090cf11b71d68,4182,,4966633
-8582471.86634867,4709932.4493411,11057912_11088462,11088462,2615.61499023,V ST NW & MACARTHUR BLVD NW,13,802f7f009424c3636f38bae99059276b,6101,,4966661
-8582154.12819106,4713712.81294056,11004802_11036852_11059602,11036852,1130.17297363,FORDHAM RD NW & 48TH ST NW & MASSACHUSETTS AVE NW,13,9f06c464795d29480ae42e50b0153773,6242,,4966665
-8577335.4962171,4710724.85554566,11020022_11025152,11025152,2734.83496094,CONNECTICUT AVE NW & CALVERT ST NW,13,b3108bec25eddeb24db84dd2dc5f6864,6064,,4966673
-8571040.94309855,4703994.22425645,13000802_13057852,13057852,1226.09399414,M ST SE & 8TH ST SE,13,bdecb8d2b809ae843d9755c859e39d72,4027,,4966688
-8576243.60382868,4707300.56125253,11001802_11069812,11069812,2992.64599609,PENNSYLVANIA AVE NW & 18TH ST NW,13,71e97dc5369f0ec2adcdc955402a1ab6,1098,,4966710
-8574039.83256606,4706005.32283849,11000702_11058242,11058242,582.10699463,MADISON DR NW & 7TH ST NW,13,85283dd465118b009593d9a14095ed28,1001,,4966719
-8574978.58418348,4707355.68277508,11042442_11064672,11042442,1944.01403809,H ST NW & NEW YORK AVE NW,13,d1d95452db0f5bf677473cff8353670a,2135a,,4966722
-8570906.6914037,4706104.94060303,12000902_12059602,12000902,158.83399963,9TH ST NE & MASSACHUSETTS AVE NE,,2d90dbf6b731f2a97fda9dd07b08c9cf,3090,,4966731
-8574568.5626849,4718208.38028834,11027042_11040042,11027042,592.50799561,DAHLIA ST NW & GEORGIA AVE NW,,4403721da1d2506077ffe4d25dd0e009,5122,,4966744
-8567140.00946265,4704531.71948933,13038612_13061162,13038612,2176.57592773,G ST SE & MINNESOTA AVE SE,13,2092f3a606d47e59b86184ea3add8468,4240,,4966746
-8568502.81400994,4707094.39448852,12002402_12015342,12002402,327.90701294,24TH ST NE & BENNING RD NE,13,bfe4fc8e43744023ec5f289cef0f7eda,3135,,4966760
-8573264.66260231,4715472.71048328,11051352_11061362,11061362,553.00299072,MISSOURI AVE NW & KANSAS AVE NW,13,794dce8cef025bad624eca070a873b5a,5153,,4966764
-8577226.23079894,4707658.49172692,11064222_11091262,11091262,334.57000732,WASHINGTON CIR NW & NEW HAMPSHIRE AVE NW,14,b50d0b2072e00c27c792c77852f9b75f,1197a,,4966770
-8569391.49731523,4713021.18326392,12001802_12079562_12081442,12081442,3248.26293945,SOUTH DAKOTA AVE NE & 18TH ST NE & SHEPHERD ST NE,13,73137ac5903a97c55cb812e93c6ddb75,3202,,4966775
-8570782.28930142,4707387.53042441,12001002_12042442,12042442,1424.18798828,H ST NE & 10TH ST NE,13,69f16f776b126a78a042178018446694,3092,,4966777
-8570658.58260362,4703997.42652206,13001102_13057852_36005502,13057852,1524.21594238,M ST SE & 11TH ST SE & Ramp-36005502,13,d724e44c26e2f7bb110cde79dd4ad448,4039,,4966787
-8575242.98717808,4711820.29096622,11001402_11061422,11001402,4551.24023438,14TH ST NW & MONROE ST NW,13,48da34982e996543c90dbd3ebed46cbd,5070,,4966794
-8573625.08958069,4710414.59600995,11000402_11024372,11024372,102.27700043,COLLEGE ST NW & 4TH ST NW,13,359d8a89455578b847907d0ded6a48c8,3459,,4966809
-8580951.33239232,4711690.43139851,11020992_11064412,11020992,3012.18798828,CATHEDRAL AVE NW & NEW MEXICO AVE NW,13,9e38c32f1d63c0193a59a668104852a3,6120,,4966814
-8570300.30008516,4705584.13797446,13001302_13047972_13052262,13052262,221.33900452,KENTUCKY AVE SE & INDEPENDENCE AVE SE & 13TH ST SE,13,b8c627c1d26d27f96e7a235c6a1da28a,4044,,4966840
-8576796.91147357,4706428.86490893,11002102_11019822,11019822,1271.51000977,C ST NW & 21ST ST NW,13,7404129baf31a8f495261f5c4f4aedd6,1132,,4966851
-8575210.30949529,4711158.36067839,11001402_11043742,11043742,1052.19897461,HARVARD ST NW & 14TH ST NW,13,ccdbfccb5bdfc7deeff1d87d59e7828d,5062,,4966868
-8570510.07908721,4714169.76777975,12001202_12081442,12081442,4497.54101563,SOUTH DAKOTA AVE NE & 12TH ST NE,13,bed0dacff672db8446692c285ee47ba3,3200,,4966883
-8578974.64612989,4716089.65966443,11017812_11060642_11063762,11063762,4157.57421875,NEBRASKA AVE NW & BROAD BRANCH RD NW & MILITARY RD NW,13,b40f9b88e3d48f296b2b387a27964dce,6114,,4966887
-8574610.61910192,4709314.96172964,11001102_11089442_47050102,47050102,47.55400085,Alley-47050102 & 11TH ST NW & VERMONT AVE NW,13,f0f093f4fb14a0e47ddbb8f407c47685,2116a,,4966938
-8574493.53402567,4707870.53956232,11001002_11059602,11001002,1276.37097168,10TH ST NW & MASSACHUSETTS AVE NW,,0767042ced621609ea08449be35aeba7,2095,,4966945
-8568688.45047279,4706011.5882081,12002202_15031912A,15031912A,332.97000122,EAST CAPITOL ST BN & 22ND ST NE,13,bdf11f38a8644c425516c85b14b9248e,3435,,4966959
-8569262.80646466,4711018.02515612,12001802_12038092,12001802,1782.96105957,18TH ST NE & FRANKLIN ST NE,,2c8f4765b9d5032484311d742a63d6c7,3156,,4966962
-8569210.78575635,4709821.65210934,12061552A_12061552A_12064672_36004822,12061552A,51.80400085,MONTANA AVE NE & NEW YORK AVE NE & Ramp-36004822,13,be28cd7533a0503bf283c1926dcda44f,3185,,4966963
-8569691.3714596,4698152.57166818,13081512_58013302,58013302,0,Driveway-58013302 & SOUTHERN AVE SE,13,747a78ce658dc641dadd59856297763f,4274,,4966995
-8574906.36456451,4716331.66497333,11001302_11069682,11069682,1666.77502441,PEABODY ST NW & 13TH ST NW,,313c7fcb1441dce12ca58a149b68c41f,5048,,4967020
-8575179.23753083,4710758.32985297,11001402_11033862,11033862,837.01000977,EUCLID ST NW & 14TH ST NW,13,c31763b13d07804ca343fad9da1b7f2a,5057,,4967025
-8569416.88206884,4713491.18016824,12001802_12089112,12001802,3708.31396484,18TH ST NE & VARNUM ST NE,13,b5465a6ad5d74dda61c37fdfe74cbc9f,3163,,4967042
-8573124.1172723,4705022.71988334,14000202_14089892_36000312,36000312,457.88000488,Ramp-36000312 & VIRGINIA AVE SW & 2ND ST SW,13,d575fe61463502bc7ed641100aff0d1e,2177,,4967054
-8569459.44246514,4706611.96545608,12001702_12026912,12026912,2456.57397461,D ST NE & 17TH ST NE,13,ee962bd39f1e95fdf1fb19878a4e6501,3120,,4967057
-8569274.1156559,4711314.55325313,12001802_12075462,12001802,2014.9050293,18TH ST NE & RHODE ISLAND AVE NE,13,e1e2a9d8902d17cecdd3a22000df51fc,3190,,4967065
-8574907.74525922,4710567.06243002,11001302_11024112,11024112,231.40600586,CLIFTON ST NW & 13TH ST NW,,a34a471c6a35061586ca060c4eb3ad2d,5032,,4967069
-8573816.42665257,4708165.86947879,11000602_11057852,11000602,1506.26000977,6TH ST NW & M ST NW,13,7d944cc9b76329737b3f2a0d1a0d8b67,2048,,4967070
-8577112.07497045,4707693.23052518,11069812_11091262,11069812,3734.86401367,PENNSYLVANIA AVE NW & WASHINGTON CIR NW,13,b6ee9d200c1be536ec51d57fabf455d5,1378,,4967099
-8578595.62691464,4708220.65331763,11072472_11094052,11072472,0,PROSPECT ST NW & WISCONSIN AVE NW,13,b4c803909179586dc6e0a6b596e35095,6158,,4967109
-8569531.06074705,4713185.05976824,12081442_12084892,12084892,1991.97900391,TAYLOR ST NE & SOUTH DAKOTA AVE NE,13,bb1c1f89339ba3ef085eb80713e72c26,3213,,4967110
-8574537.71218572,4711622.38200367,11052322_11080082,11052322,947.79199219,KENYON ST NW & SHERMAN AVE NW,13,e3659eab37c7fb65f4a2598d56b359ef,5174,,4967111
-8570430.43349025,4697845.57328073,13013262_13092882,13092882,1274.33496094,WHEELER RD SE & BARNABY ST SE,13,8ee9a95652bd8a9808751a3a43e21a00,4163,,4967114
-8574612.62897564,4706605.79749693,11001102_11069812,11069812,1333.7220459,PENNSYLVANIA AVE NW & 11TH ST NW,13,d0d77eb12ce7b3e153df8a287d7980b1,2111,,4967115
-8569128.16482614,4709823.91612329,12061552A_12064672,12061552A,156.79200745,MONTANA AVE NE & NEW YORK AVE NE,13,4e712a2872af9c63ac453b74c3161adc,3185b,,4967138
-8574910.26012362,4712304.80757364,11001302_11067992,11067992,822.39398193,OTIS PL NW & 13TH ST NW,,423e83e0abf7cb21cf9f15505a49fc57,5243,,4967147
-8571873.10275177,4711020.28944202,12038092_12055642,12038092,568.36602783,FRANKLIN ST NE & LINCOLN RD NE,,b5f1b182a64bfdef0b6343bedd963593,3230,,4967154
-8570782.22855397,4704960.97039488,13001002_13069812,13069812,1061.88598633,PENNSYLVANIA AVE SE & 10TH ST SE,13,ddad4cfb432b18ba38cbf2a35064bf03,4260,,4967157
-8579262.6447749,4714986.62052655,11025152_11032762,11025152,6365.28613281,CONNECTICUT AVE NW & ELLICOTT ST NW,13,30eac75e5e3db1e0f2d8b00c6b1a24da,6270,,4967159
-8573273.97761548,4715455.45970055,11051352_11052062_36001842,36001842,0,Ramp-36001842 & KANSAS AVE NW & KENNEDY ST NW,13,d44e59f6f5b6e026db2e8c9da0783a3b,5153,,4967185
-8575659.50432319,4712023.80878074,11001602_11061422,11001602,3654.40087891,16TH ST NW & MONROE ST NW,13,8f7d38b87601413f9a755eb93d58dfe0,5098,,4967205
-8570534.30140086,4703996.68768627,13057852_36005492,13057852,1621.09802246,M ST SE & Ramp-36005492,13,3a0a308018a885d212d9705e18b981a3,4245,,4967214
-8575244.69198938,4712103.80312933,11001402_11060452_47061092,47061092,0,Alley-47061092 & 14TH ST NW & MERIDIAN PL NW,13,92401b589cf18b451650f23dc7dedc68,5068,,4967230
-8573296.63970053,4706226.70508925,11000302_11025352,11000302,254.47999573,3RD ST NW & CONSTITUTION AVE NW,,94815cc9de4e47657f31b25e1cfba78a,2016,,4967248
-8576464.9270079,4710683.02028303,11020022_11054082,11054082,615.76702881,LANIER PL NW & CALVERT ST NW,13,ccb8c6920b387ca8ed30ab11ccaa4df0,6052,,4967252
-8575887.36936335,4708039.00723229,11001702_11029122_47018522,47018522,59.79800034,Alley-47018522 & 17TH ST NW & DE SALES ST NW,13,256b661ecd991d0d52e0dd63d977cf2f,1066,,4967253
-8576870.87833615,4710684.63447586,11015732A_11020022,11020022,355.94198608,CALVERT ST NW & BILTMORE ST NW,13,9e1a3e08a048b1843af6a57a84ae17e4,6236,,4967273
-8576785.64741538,4709365.7594285,11002102_11036722_11077672,11036722,3689.96899414,FLORIDA AVE NW & 21ST ST NW & S ST NW,13,19c6759ef515711c53bb389b570fb40c,1370,,4967285
-8572623.07086801,4709756.45899188,11075462_25065321,25065321,803.99298096,NORTH CAPITOL ST NW Service Rd & RHODE ISLAND AVE NW,13,ce6563a6c96383bb27f046b253a92f39,3043,,4967328
-8574275.10776828,4712295.5328378,11040042_11067992*1,11067992,426.81100464,OTIS PL NW & GEORGIA AVE NW,13,b6e63f58915627ff2731bee85d65ecb9,5256,,4967335
-8571428.34961085,4706613.05373952,12000602_12026912,12026912,920.79797363,D ST NE & 6TH ST NE,13,8eb9f466f26f1925fc730097ebc58012,3071,,4967343
-8574663.4540526,4711465.38559359,11001102_11048752,11048752,1864.68994141,IRVING ST NW & 11TH ST NW,13,0531213ab0dd7e5d7426f2d2c25802a1,5027,,4967344
-8570517.7855158,4703996.27888366,13001202_13057852,13057852,1633.97705078,M ST SE & 12TH ST SE,,d8d29adfec1e84d473d2d25fb3bae9c3,4245,,4967346
-8576599.24958796,4707893.94460505,11002002_11053492,11002002,1186.91503906,20TH ST NW & L ST NW,,374ea36ad86cfa9a2ec57964bf14fb38,1124,,4967347
-8573607.7956891,4710271.43853963,11000402_11018722,11018722,795.35400391,BRYANT ST NW & 4TH ST NW,13,c18ac1a00e2c8c520424cae0f97daa2c,3239,,4967353
-8563951.69279583,4703898.49883575,13081512_36005152,13081512,8107.96484375,SOUTHERN AVE SE & Ramp-36005152,14,f35be09ac5a5c83cd96f00b3af7bb456,4248,,4967372
-8576238.18398999,4709759.17804932,11001802_11036722,11036722,3163.83300781,FLORIDA AVE NW & 18TH ST NW,13,16c9aaba29b4e6e4beb84d0e9a6ecf56,1101,,4967384
-8571664.44066834,4710184.74933142,12000402_12075462,12000402,3046.66699219,4TH ST NE & RHODE ISLAND AVE NE,,560e3f8b82beb291ff05775c457f820d,3032,,4967401
-8574494.27089844,4709790.23741459,11001002_11087232,11087232,1079.69104004,U ST NW & 10TH ST NW,,f3292e567c431abdcaf382ec5bfe480b,2240,,4967412
-8578195.90508426,4712627.36694546,11025152_11071632,11071632,833.8449707,PORTER ST NW & CONNECTICUT AVE NW,13,e27f638339d196ded9138304032f9d07,6079,,4967420
-8573288.07634048,4707331.6594682,11000302_11042442_11059602,11000302,1114.67895508,3RD ST NW & H ST NW & MASSACHUSETTS AVE NW,,d3175c65382a020776b29c0a57048abf,2020,,4967431
-8576601.7188225,4708511.93439413,11002002_11064222_11083982,11002002,1666.69604492,20TH ST NW & NEW HAMPSHIRE AVE NW & SUNDERLAND PL NW,,00594e0c923f93d475f45a13c73295c7,1127,,4967461
-8574494.20832407,4709162.23578226,11001002_11074162,11001002,2090.0480957,10TH ST NW & R ST NW,,d6e4b59104eb48aeae09e87e0e4ea961,2098,,4967488
-8571176.30206767,4704395.95230315,13000702_13047772_13089892,13000702,1144.64196777,7TH ST SE & VIRGINIA AVE SE & I ST SE,13,ca3b91c0a5b87b654f0779ff3a5e188e,4022,,4967526
-8572070.01198856,4698838.09108504,13059452_13078322_13086512,13086512,196.7230072,TRENTON PL SE & MARTIN LUTHER KING JR AVE SE & SAVANNAH ST SE,13,9aefe0fe24993900a29a7f0bdca94de0,4130,,4967533
-8570017.33295056,4708856.99972592,12062462_12092622,12092622,1168.53100586,WEST VIRGINIA AVE NE & MOUNT OLIVET RD NE,,1b8e2af26d41cd9cc08c2b646b9ee053,3177,,4967566
-8568954.18749272,4711017.51090182,12002002_12038092,12002002,1143.82104492,20TH ST NE & FRANKLIN ST NE,,b323c19354d41dc707be72168ca770ea,3157,,4967571
-8565333.77911634,4702514.76346963,13004102_13081512,13004102,505.84399414,41ST ST SE & SOUTHERN AVE SE,13,11e3c08ea9f1b913b27fbd47f9b9d2d6,4256,,4967576
-8569264.03641174,4710204.74659322,12001802_12061552_12090152,12001802,1151.96398926,18TH ST NE & MONTANA AVE NE & W ST NE,13,0f2fd96d41d4f17ac4daa0430d97c382,3128,,4967596
-8577180.68864156,4706729.45013261,11002302_58013072,58013072,0,Driveway-58013072 & 23RD ST NW,13,6e7bad81a7d9e8f2e08ab381f4c23869,1156a,,4967616
-8574610.99548377,4707719.45362509,11001102_11050892,11050892,1557.05895996,K ST NW & 11TH ST NW,13,413b135951aedea4bd299d36fc3ed39b,2107,,4967621
-8568333.59698348,4703563.60583743,13061162_13069812,13069812,3259.49194336,PENNSYLVANIA AVE SE & MINNESOTA AVE SE,13,4408d7b3e15a2b8c4779622f65926d85,4146,,4967625
-8570657.67928503,4707387.26187163,12001102_12042442,12042442,1521.28796387,H ST NE & 11TH ST NE,13,c50d4bb6612e005aa4a3d2424897bfb1,3096,,4967673
-8582889.28108704,4710928.19745618,11027172_11057912,11027172,101.28900146,DANA PL NW & MACARTHUR BLVD NW,13,6063b62fe1989231006a4a9cf140b75c,6096,,4967680
-8565429.71337673,4705896.95373987,12004102_15031912,12004102,0,41ST ST NE & EAST CAPITOL ST BN,,8b09b18892e745bbe80a0251acb91d2a,4273,,4967681
-8574562.76377753,4708889.17149553,11072862_11075462*1,11072862,1329.80395508,Q ST NW & RHODE ISLAND AVE NW,14,2c033e347d89bf6dd3364269de5eec2c,2099a,,4967687
-8579418.88463026,4708077.17814796,11003602_11057852_11093212,11093212,1315.85900879,WHITEHURST FWY NW & 36TH ST NW & M ST NW,13,14d8df72d4fbaa2ef5a5810b4b634556,6033,,4967688
-8569069.57467556,4706400.53835392,12001902_12019822,12019822,2821.42700195,C ST NE & 19TH ST NE,13,ee426337b5a6579a798a3d7904276bc4,3130,,4967692
-8575347.28131082,4706227.20116942,11001502_11025352,11001502,303.21499634,15TH ST NW & CONSTITUTION AVE NW,13,b5200211b010a5a36176e74e321e11a9,1030,,4967693
-8564289.4068179,4704942.11276014,13004602_13015342_58000812,13004602,199.16600037,46TH ST SE & BENNING RD SE & Driveway-58000812,13,e7d79e9c33c91fbac4e5e4e943111d2b,4234,,4967698
-8574040.86307043,4706805.36149315,11000702_11031332,11031332,1115.49304199,E ST NW & 7TH ST NW,13,29ee8ec1cf2fb569b63df40b6f21ccac,2054,,4967710
-8572608.22866422,4715557.49372199,15065322_36003662,15065322,6470.75097656,NORTH CAPITOL ST BN & Ramp-36003662,13,43081d91f3c3df083b33131c9f748e72,5201c,,4967712
-8574610.11808292,4707516.3640608,11001102_11064672,11001102,706.69799805,11TH ST NW & NEW YORK AVE NW,13,69a8646da964886c6ade7338f860bb6a,2106,,4967713
-8571177.57547542,4705554.42653582,13000702_13065392,13000702,245.36500549,7TH ST SE & NORTH CAROLINA AVE SE,13,5cc26b4ca524fe7620404937e35e3604,4021a,,4967721
-8575157.93003229,4708950.62829772,11001402_11072862,11001402,2320.6550293,14TH ST NW & Q ST NW,13,530ec8b8175ec176c6a25ffb8fa2df40,1022,,4967731
-8572560.6924826,4714137.85924322,12018782_15065322,12018782,0,BUCHANAN ST NE & NORTH CAPITOL ST BN,13,1319ed15450297feb7d3e8c16ad6aaba,5197a,,4967733
-8578852.27228105,4708904.43858116,11072862_11094052,11072862,4692.99804688,Q ST NW & WISCONSIN AVE NW,13,a66f8e5a0225bea8948f5ee05221d1d8,6149,,4967745
-8568799.91210677,4711608.68292274,12060902_12075462,12060902,614.99200439,MILLS AVE NE & RHODE ISLAND AVE NE,13,c0969fc46af4862e2078233df4ce17bb,3194,,4967755
-8571664.59713146,4697487.92813424,13000402_13011702,13000402,3374.9519043,4TH ST SE & ATLANTIC ST SE,13,c0bd032c12377dfe1213917812a84d75,4107,,4967758
-8574139.82998293,4711098.95251253,11040042_11040432*1,11040432,107.52999878,GIRARD ST NW & GEORGIA AVE NW,13,edeb079e2a285f3d611f6e174c7662df,5276,,4967763
-8569633.01388554,4707606.8992473,12015992_12063702,12015992,204.36300659,BLADENSBURG RD NE & NEAL ST NE,13,cb3b440a059dc11b719c1f5ee782bf59,3440,,4967769
-8573707.84589077,4706804.79206907,11000502_11031332,11000502,147.13400269,5TH ST NW & E ST NW,13,9076c3ac6bab1d9ea287fc2ad4afff84,2032,,4967774
-8573817.08426758,4707719.19345062,11000602_11050892,11000602,1159.61901855,6TH ST NW & K ST NW,13,dbe347a270c0f437d48c441f15643bcf,2046,,4967777
-8574493.66582567,4706805.53853706,11001002_11031332,11031332,1468.35900879,E ST NW & 10TH ST NW,,fdfe162f4b15e58404611b747e8e8532,2087,,4967780
-8578593.18856091,4708099.13899194,11057852_11094052,11057852,4549.47021484,M ST NW & WISCONSIN AVE NW,13,e0b401a28f71743b52fef498ad622a8f,6142,,4967794
-8578826.15012961,4708840.71483462,11072862_11094052_41050532,41050532,0,JONES CT NW & Q ST NW & WISCONSIN AVE NW,,fce249aabe3b521d8a5753c05acf15b1,6149a,,4967805
-8575658.27646697,4712713.61029922,11001602_11081832,11001602,4189.47412109,16TH ST NW & SPRING RD NW,13,974d2181beffde507faf26dd554fd715,5104,,4967819
-8574610.11492151,4707479.5393436,11001102_11047772,11047772,1306.77294922,I ST NW & 11TH ST NW,13,ea52d226bbcb397de99041364c3bbf99,2106,,4967824
-8581683.65749927,4713300.96475862,11004602_11092172,11092172,149.852005,WESLEY CIR NW & 46TH ST NW,13,cc235904660b0db371db340d873c4e6d,6047,,4967836
-8574039.58042407,4704961.27126701,14000702_14031332,14031332,922.79602051,E ST SW & 7TH ST SW,13,7e4865d868fb71fe0c8bbf8ecfb1e417,1231,,4967844
-8573824.75764121,4709568.83412715,11000602_11036722,11000602,2596.13598633,6TH ST NW & FLORIDA AVE NW,13,9a1b196779446d678e2d740ce1a79c84,3021,,4967848
-8573590.5667348,4710129.66214036,11000402_11090152,11090152,763.16400146,W ST NW & 4TH ST NW,,36b7f47fe4bbb7e228e0fec7360f0740,3241,,4967864
-8576913.74678254,4708950.72746426,11059602_11072862,11072862,3184.98388672,Q ST NW & MASSACHUSETTS AVE NW,13,ac2c50f7c52dd57de13f4ba07686fa2a,1184,,4967879
-8574268.56672637,4708394.86342843,11000902_11063182,11063182,1250.67199707,N ST NW & 9TH ST NW,13,12381b95b91bf587b88bfab3392ac9f2,2238,,4967891
-8570814.67882291,4712405.46151421,12001002_12060582,12060582,1748.63793945,MICHIGAN AVE NE & 10TH ST NE,13,e1cdf2d07841e3e8feea805883c9c9de,3159,,4967913
-8573291.01711772,4706135.39685336,11000302_11069812,11069812,240.90800476,PENNSYLVANIA AVE NW & 3RD ST NW,,73a1a45c1bfb64e55cb0704369e6df3d,2023,,4967921
-8575449.12564088,4708296.7940676,11001502_11059602,11001502,2040.73205566,15TH ST NW & MASSACHUSETTS AVE NW,13,d82a34f30acf61590376a249f8d30a8b,1041,,4967924
-8575659.29912824,4712121.21642637,11001602_11064612,11064612,521.11798096,NEWTON ST NW & 16TH ST NW,13,36b72231a3c8e9f308d9c19eeac7762b,5099,,4967931
-8574610.58525126,4709374.25685402,11001102_11077672,11077672,1451.51599121,S ST NW & 11TH ST NW,13,47c289854f0abeb0ddf3c65abc520d86,2116,,4967958
-8566201.28393014,4705668.06903151,13012092_13075662,13075662,221.2559967,RIDGE RD SE & B ST SE,13,1e4a0e93a807063ad3929b18794144dc,4148,,4967962
-8575665.82357938,4709162.34850431,11001602_11074162,11001602,1434.31005859,16TH ST NW & R ST NW,13,cd1c8616fed712b52eac6872543a00c1,1057,,4967988
-8575602.16499555,4711859.21028752,11068902_11070392,11068902,1591.45202637,PARK RD NW & PINE ST NW,13,e28377e9193c94179580797e4be8d820,5101a,,4968000
-8579748.33559838,4710891.77400657,11032432_11094052,11032432,461.58599854,EDMUNDS ST NW & WISCONSIN AVE NW,13,6551e980a79084df044089741494aa97,6135,,4968012
-8575883.77587616,4709791.09805089,11001702_11087232,11087232,2162.1940918,U ST NW & 17TH ST NW,13,e0575ee8f4d36e5dc6c775689b064988,1083,,4968050
-8573336.15391424,4711200.82254357,11060582_58020982,11060582,587.9039917,MICHIGAN AVE NW & Driveway-58020982,13,bd9e4236571d2a263870c82f609d46e9,5154,,4968054
-8575450.12075193,4707893.1776327,11001502_11053492,11001502,1727.52001953,15TH ST NW & L ST NW,,5898e67980b5fa26ec9056758ec73cfd,1039,,4968058
-8577182.16537151,4706428.68554462,11002302_11019822,11002302,364.94500732,23RD ST NW & C ST NW,13,3619a8fe163fe973d670988d9740b8db,1155,,4968073
-8576440.56885851,4706430.89693898,11001902_11019822_11089892,11001902,156.84700012,19TH ST NW & C ST NW & VIRGINIA AVE NW,13,2c8cc9f3186c6f0d4ebc9ac49cf5aef4,1103,,4968087
-8574040.70934058,4708738.38208328,11000702_11068382,11068382,1115.80200195,P ST NW & 7TH ST NW,13,ad45ac66e49970845cc0ab3dfb9744d8,3023,,4968139
-8575663.02647935,4710357.79868952,11001602_11026392,11001602,2361.93188477,16TH ST NW & CRESCENT PL NW,13,8578410cf7dc8df762598876b089c766,5086,,4968151
-8574269.11386722,4709161.96255346,11000902_11074162,11074162,1294.41394043,R ST NW & 9TH ST NW,13,59e670cb92ff1ac51b7857e1b87fcdef,2082,,4968159
-8574135.3679227,4717893.11965132,11019632_11070522,11019632,495.01699829,BUTTERNUT ST NW & PINEY BRANCH RD NW,13,0ed4889698c47ecc1339ad885ca73bc2,5163,,4968185
-8580353.5249048,4713945.3494451,11085182_11094052*1,11085182,0,TENLEY CIR NW & WISCONSIN AVE NW,13,12b8866e9e011a8404d7af55a88a6ba4,6156a,,4968232
-8575344.89788681,4707718.85822015,11001502_11050892_11089442_21050891,11050892,2128.93896484,K ST NW & 15TH ST NW & VERMONT AVE NW & K ST NW Service Rd,13,cd59fc49ee847141a76378cb1c46ddf4,1038,,4968254
-8571427.61787572,4707387.89704964,12000602_12042442,12042442,921.32598877,H ST NE & 6TH ST NE,13,60a2fd61a69a46bcdbfa2a11edf9a767,3075,,4968256
-8571165.5416548,4696674.32654644,13016772_13068342_13081512,13016772,130.16299438,BONINI RD SE & OWENS RD SE & SOUTHERN AVE SE,13,fcf150e3545864dcd5ba8600d658ba97,4156,,4968258
-8576246.50881924,4706228.6926589,11001802_11025352,11001802,0,18TH ST NW & CONSTITUTION AVE NW,13,ff3b966cd81154c6f85227308c53743b,1085,,4968271
-8568646.10487657,4712095.44353686,12061422_12081442,12081442,2324.59106445,SOUTH DAKOTA AVE NE & MONROE ST NE,13,008fc29a3d68f1a6814e45bb7b7be1ed,3210,,4968273
-8574898.66450752,4708050.21000063,11001302_11059602,11059602,1757.68005371,MASSACHUSETTS AVE NW & 13TH ST NW,,c126181ad33af92f80b2943c568b69a2,2140,,4968277
-8575129.85726946,4713806.19858919,11009882_11011052,11011052,785.49798584,ARKANSAS AVE NW & ALLISON ST NW,13,5ae3eae2591f504d11d3e8502ac657c8,5110,,4968330
-8576091.48379832,4710824.46472692,11024632_11067402*1,11024632,2100.78710938,COLUMBIA RD NW & ONTARIO RD NW,13,251869001fc0b7643d4a1cef5f5e2dda,6061,,4968333
-8575159.01586942,4706801.45716225,11001402_11069812,11069812,2121.61791992,PENNSYLVANIA AVE NW & 14TH ST NW,13,03dc8234a2c3740142585db99c22af48,1011,,4968337
-8573758.78677782,4711446.9275039,11024632_11060582_11090872,11060582,986.41101074,MICHIGAN AVE NW & COLUMBIA RD NW & WARDER ST NW,13,ff5a7753a39525b7109a71ba737ef559,5176a,,4968355
-8566024.16618184,4702355.52787012,13037312_13069812,13069812,5289.65185547,PENNSYLVANIA AVE SE & FORT DAVIS ST SE,13,90d79f9d70ab86dce1793d24a441dd1b,4258,,4968367
-8573814.6468364,4703992.26629963,14000602_14057852_14058502,14000602,1015.65899658,6TH ST SW & M ST SW & MAINE AVE SW,13,83739ce11f1813e96f8b4066b8f51306,2198,,4968392
-8572472.78568111,4714852.98979066,12037632_12039062,12037632,982.54400635,FORT TOTTEN DR NE & GALLATIN ST NE,13,072c11e5aa9a2e25398f4ece18ab1814,5268,,4968394
-8578629.08290341,4710420.97839262,11040322_11059602_11066432,11040322,0,GILLS AVE NW & MASSACHUSETTS AVE NW & OBSERVATORY CIR NW,13,17157d1f53541ae497f77cb05267964b,6108,,4968415
-8573719.77670858,4712709.48329289,11000502_11068832_11076702,11000502,2913.66601563,5TH ST NW & PARK PL NW & ROCK CREEK CHURCH RD NW,13,5c1970816aa4d2b21522ba8735a966a8,5018,,4968418
-8573707.70057835,4707890.8206355,11000502*1_11053492,11000502,989.98901367,5TH ST NW & L ST NW,,3c10c537bab1bb4300b7fd7c24b2fd0b,3238b,,4968420
-8575663.71874022,4710097.56732834,11001602_11036722_11090152,11001602,2160.02197266,16TH ST NW & FLORIDA AVE NW & W ST NW,13,7bb24cb85f0e583b7bffd2e3e856d24e,5089,,4968421
-8574610.54834478,4709162.12452438,11001102_11074162,11074162,1560.42700195,R ST NW & 11TH ST NW,13,33b397b437352dd32886bc9ca2ebd161,2114,,4968433
-8569098.95970254,4707227.8690669,12001802_12015342,12015342,526.63500977,BENNING RD NE & 18TH ST NE,13,18a28cb509f5852d065fa4cedfcf8bf6,3462,,4968440
-8574586.6333653,4712043.88277777,11061422_11064222_11068902_11080082,11068902,713.39398193,PARK RD NW & MONROE ST NW & NEW HAMPSHIRE AVE NW & SHERMAN AVE NW,13,829bac1f5d03b4317c9904e392f266d6,5175,,4968441
-8575649.67435002,4717365.71908556,11001602_11088792*1,11001602,7797.17919922,16TH ST NW & VAN BUREN ST NW,13,82cfa33cf8ad6f37947a808b9cd61e9c,5107a,,4968446
-8573783.29556293,4714570.62960936,11000502_11051352,11000502,4236.02294922,5TH ST NW & KANSAS AVE NW,13,96dbaf7ca873116e750d6f7b8690f053,5015,,4968450
-8576238.81139442,4709374.52317742,11001802_11077672,11077672,2720.05102539,S ST NW & 18TH ST NW,13,79ed7de5c875e31efbeb65f14948d70e,1236,,4968454
-8573816.03193961,4709374.43877255,11000602_11077672,11000602,2444.06103516,6TH ST NW & S ST NW,13,2d0ada6528c356cb754299cf3fab651c,3020,,4968460
-8571175.03811459,4711018.47955252,12000702_12038092,12000702,1734.05700684,7TH ST NE & FRANKLIN ST NE,,db586a05a95080eca3693d207551e8ab,3229,,4968461
-8564467.2265109,4705353.61153275,13015342*1_13019822,13019822,4435.73583984,C ST SE & BENNING RD SE,13,be730538f7cb7a55d1bd5188a7549464,4109,,4968468
-8574380.00393704,4713045.14545383,11040042_11079562,11079562,863.86102295,SHEPHERD ST NW & GEORGIA AVE NW,13,efd685362331e5babe54256f3e8597a4,5010,,4968491
-8572608.14864435,4715007.29168002,11042902_12042902_15065322,12042902,0,HAMILTON ST NE & HAMILTON ST NW & NORTH CAPITOL ST BN,13,42329ad0f8a4ece3188fc671cdda5cbd,5263,,4968511
-8571040.08439213,4706174.76719011,12000802_12059602,12000802,212.81300354,8TH ST NE & MASSACHUSETTS AVE NE,,d7943497985924ac54094f59f7cdc56e,3078c,,4968513
-8573394.26741985,4715451.45433914,11000302_11052062,11000302,4063.97412109,3RD ST NW & KENNEDY ST NW,,823e5807c6e3a90f770da0d0c943caf3,5005,,4968514
-8568761.69282182,4712237.79789372,12064612_12081442,12064612,1638.72802734,NEWTON ST NE & SOUTH DAKOTA AVE NE,13,3d8032ee530a5168d6a8d32474fd966c,3204,,4968529
-8571665.69251599,4703994.90419358,13000402_13057852,13057852,739.09997559,M ST SE & 4TH ST SE,13,1c9a07f86a6d82f141a4187d76984d15,2259,,4968531
-8580628.0119698,4708340.38031157,11004402_11037892_36001472,11037892,213.1269989,FOXHALL RD NW & 44TH ST NW & Ramp-36001472,13,570a9184004741b855422cb98938250a,6045,,4968543
-8565212.52396086,4706348.69965791,12004202_12015342,12015342,3652.18408203,BENNING RD NE & 42ND ST NE,13,c726219d385c08b013e04c1f71e46954,4069,,4968551
-8581980.85318041,4709522.33636887,11057912_11075332_58016702,11075332,2586.80688477,RESERVOIR RD NW & MACARTHUR BLVD NW & Driveway-58016702,13,e372d50e5684eb792f0608df6f9bbf72,6099,,4968564
-8573887.93872462,4718311.02932669,11016382_11070522,11070522,2563.14892578,PINEY BRANCH RD NW & BLAIR RD NW,13,20c3823f6824b819c1c5dbeebfd81c48,5162,,4968579
-8576517.92397957,4711614.15754666,11009102_11048752_11052322,11052322,2078.09790039,KENYON ST NW & ADAMS MILL RD NW & IRVING ST NW,13,3a7b79d0cf1a5667a3e3fef4454cfed2,6054,,4968582
-8578991.581788,4711860.66722704,11003402_11094252,11094252,1237.84399414,WOODLEY RD NW & 34TH ST NW,13,dd14e4edaf09dd877d1bf55219549fb8,6031,,4968596
-8570389.82054943,4709397.16550642,12034642_12064672,12034642,176.26899719,FAIRVIEW AVE NE & NEW YORK AVE NE,13,bb559c55f6f8e2bae766257ad9af6e3c,3181,,4968606
-8572609.44347118,4706804.40711823,11031332_12031332_15065322,11031332,0,E ST NW & NORTH CAPITOL ST BN & E ST NE,13,80ba30a3042a758dd0b3c888b695a205,2214,,4968615
-8574124.03036184,4710958.40269831,11034582_11040042*1,11034582,98.42299652,FAIRMONT ST NW & GEORGIA AVE NW,13,8213fa83c8c5be2ddeb94cb69c27545d,5127,,4968619
-8570265.1305611,4713185.11362664,12060582_12084892,12084892,1420.28894043,TAYLOR ST NE & MICHIGAN AVE NE,13,66733aa3ba55013bf2c52ad1f77a2484,3161,,4968630
-8575156.66846365,4710229.0071487,11001402_11036722,11036722,2365.88989258,FLORIDA AVE NW & 14TH ST NW,13,872a7a70204b9dc55227e7f6ac426abd,5059,,4968632
-8563920.03317547,4703930.17549978,13015342_13081512,13015342,1643.87402344,BENNING RD SE & SOUTHERN AVE SE,13,878ee355c5d44cb23fa9469f657aad60,4248,,4968648
-8573816.14692084,4716822.9278163,11000502_11079882,11000502,5983.46582031,5TH ST NW & SHERIDAN ST NW,13,183923646fba5c4c045712aaa4177e7b,5019,,4968666
-8561686.16158114,4706209.46522492,12006302_12012932,12006302,54.31600189,63RD ST NE & BANKS PL NE,13,3bbdc02b6b2615aa135187c853f1f54d,4243,,4968668
-8575159.17675443,4706979.44819841,11001402_11034382,11001402,868.36901855,14TH ST NW & F ST NW,13,d42bace30a7cc66dea49df9674242486,1012,,4968674
-8575160.20348244,4705729.17772246,14001402_14049792,14049792,1470.95495605,JEFFERSON DR SW & 14TH ST SW,13,7226e34caa94b47ad79dacd9acfea6bb,1224,,4968678
-8572952.64292995,4705360.80177106,14000102_14019822_14091202_36001392_36003022,36001392,0,Ramp-36001392 & C ST SW & WASHINGTON AVE SW & Ramp-36003022 & 1ST ST SW,13,d5dc2e089b7be3068e38a0dfb582b478,2172,,4968688
-8571039.8327845,4707717.93874664,12000802_12050892,12000802,1410.47302246,8TH ST NE & K ST NE,,61771ad8a9ad92515ebbca2bd21dc21f,3084,,4968689
-8583651.51555911,4712472.06422219,11057002_58023412,58023412,0,Driveway-58023412 & LOUGHBORO RD NW,13,674c30cb2a6308f5b120ef6a2a6fde4a,6093,,4968711
-8579809.27330147,4711511.29852288,11020992_11059602,11020992,2087.58203125,CATHEDRAL AVE NW & MASSACHUSETTS AVE NW,13,fbe45f6521154e5b317fe0987884f307,6102,,4968712
-8583182.15058254,4711272.7737274,11010922_11057912,11057912,3218.88793945,MACARTHUR BLVD NW & ARIZONA AVE NW,,bc6587b53ba140e009ba8d3c90939651,6094,,4968713
-8572866.77340497,4716331.82902834,11065452_11069682,11069682,78.83000183,PEABODY ST NW & NORTH DAKOTA AVE NW,13,9216d166969fc03084ca188e06bc2194,5207,,4968733
-8575992.39473655,4707388.37464292,11001702_11042442,11001702,1146.65905762,17TH ST NW & H ST NW,13,ce1485bc241287fdc1b2d405424f4a80,1069,,4968743
-8571173.9655438,4708116.61892595,12000702_12036722,12036722,1273.51000977,FLORIDA AVE NE & 7TH ST NE,13,1f0dd4ed00d64c869607c4f9784a9264,3250,,4968747
-8565674.30942629,4702173.64566477,13069812_13081512,13069812,5596.81103516,PENNSYLVANIA AVE SE & SOUTHERN AVE SE,13,3efde069e2f0e33bc7a05295cf692808,4147,,4968756
-8571415.85992713,4708249.82156467,12000602_12036722,12036722,1058.54699707,FLORIDA AVE NE & 6TH ST NE,13,3e4d653bcc5a8e5d9fb3486f59542ae0,3074,,4968768
-8561673.76289604,4706501.68489303,12006302_12031982,12031982,172.19599915,EASTERN AVE NE & 63RD ST NE,13,892dfb446812cb8628414c89def156dd,4002,,4968769
-8575531.58433659,4710711.11290219,11001502_11033862,11033862,1113.59094238,EUCLID ST NW & 15TH ST NW,13,7153f2b147a8643a87c61e6f59c66c1e,5077,,4968773
-8573293.16271975,4705223.62470022,14000302_14026912,14026912,283.85501099,D ST SW & 3RD ST SW,13,672df9d95afb948aee3fbc539d846f2a,2180,,4968780
-8568055.14974532,4701669.86035923,13059032_13063502,13063502,1618.56994629,NAYLOR RD SE & MARION BARRY AVE SE,,5b65b9f5290a184d9fea0c05356eb68a,4120,,4968781
-8577512.69034465,4707180.47790471,11002502_11089892,11002502,167.40299988,25TH ST NW & VIRGINIA AVE NW,13,49511547c2eb97df4f3287330651a94f,1187a,,4968794
-8567303.59330021,4712165.36174253,12003402_12031982_12061422,12003402,504.92599487,34TH ST NE & EASTERN AVE NE & MONROE ST NE,13,08b1acb18a42c6a91f60f2d78717e0d2,3452,,4968803
-8571199.02815589,4712090.79917109,12000702_12060582_12087692,12060582,1357.8260498,MICHIGAN AVE NE & UNIVERSITY DR NE & 7TH ST NE,13,f3c0fdd0e05533c44ca677e187da8299,3232,,4968809
-8577535.04226744,4707720.32889661,11002502_11050892,11002502,607.24499512,25TH ST NW & K ST NW,13,971dca54c31c794ad8718940d5d21736,1169,,4968815
-8573353.34650807,4709429.72651574,11000302_11075462,11000302,2167.5690918,3RD ST NW & RHODE ISLAND AVE NW,,8dff7352862691f4c913eb6d89b69985,3010,,4968854
-8571685.50124915,4698249.82814582,13000402_13061292,13061292,818.11901855,MISSISSIPPI AVE SE & 4TH ST SE,13,7398a6621902a3c940d01ab40f98dcd5,4138,,4968858
-8570898.71577708,4711994.81936133,12000902_12061422,12000902,2809.70507813,9TH ST NE & MONROE ST NE,,efe6d5b91945882fd326d1ffa1fb5ba7,3167,,4968873
-8574294.58785905,4715905.35939163,11000802_11061362,11000802,4582.08007813,8TH ST NW & MISSOURI AVE NW,13,385f58ce2543fa75df8d8384e115aa48,5022,,4968882
-8570658.12263797,4705227.27801963,13001102_13081382,13001102,522.55297852,11TH ST SE & SOUTH CAROLINA AVE SE,13,544848303bf55c5d02157948193eabd8,4041,,4968902
-8571890.17162694,4705542.61729499,13069812_36004012,13069812,87.34999847,PENNSYLVANIA AVE SE & Ramp-36004012,13,ebea76f3c1208268740f09bbe631ccfe,4008b,,4968931
-8574818.87415544,4708737.61040084,11056552_11068382_36001442,36001442,0,Ramp-36001442 & LOGAN CIR NW & P ST NW,13,b134c1992c28e4c01fcab34a16a035ea,2157b,,4968941
-8572610.07541633,4707718.33303484,11050892_12050892_15065322,12050892,0,K ST NE & NORTH CAPITOL ST BN & K ST NW,13,2a8cb69759af6b41935564a72d0b25fb,2219,,4968947
-8565564.39391897,4704622.59672079,13037212_13075662_13085542_63037192,13037212,0,FORT DAVIS DR SE & RIDGE RD SE & TEXAS AVE SE & FORT CIRCLE TRAIL SE,13,ea34be9afa47aebee3e84949afab5de2,4161,,4968959
-8572961.2871899,4707114.07653074,11038612_11064282,11064282,715.9699707,NEW JERSEY AVE NW & G ST NW,,ff7ad16ff52741b551b14e74f4532b55,2151,,4968965
-8569539.52155093,4704357.93043542,13013522_36001732,36001732,0,Ramp-36001732 & BARNEY CIR SE,13,ec47c553b4bfd2f2d6326ce3029c3a59,4060,,4968968
-8571041.97322519,4711989.11742824,12000802_12061422_62060522H,12000802,2413.95410156,8TH ST NE & MONROE ST NE & METROPOLITAN BRANCH TRAIL NE,,3b58d020527ff837907dd6834aa41ce6,3464,,4968970
-8570083.24113694,4712048.4611243,12001402_12061422,12001402,2884.83911133,14TH ST NE & MONROE ST NE,13,d6360f4d79770e22bbb8ea5a577d901c,3171,,4968972
-8578952.71003941,4708089.61886061,11003302_11057852,11057852,4829.70410156,M ST NW & 33RD ST NW,13,5f8b066032ed304acc189685749b0848,6020,,4968978
-8574410.79849924,4713197.94162451,11040042_11084892,11084892,943.97698975,TAYLOR ST NW & GEORGIA AVE NW,13,4def1f561e6ddea2f2f1db86a414cae4,5257,,4968986
-8566025.89458045,4701821.45308437,13081512_13083462,13083462,628.53399658,SUITLAND RD SE & SOUTHERN AVE SE,13,ad461468a50802cadf5eda3af3caff11,4157,,4969003
-8579119.87144094,4715857.07875656,11063762_11064022,11063762,3943.85205078,NEBRASKA AVE NW & NEVADA AVE NW,13,f2507a773bbd12c07beb6f26b1690c14,6115,,4969009
-8571828.2210361,4705223.64772859,13000302_13026912_13065392,13065392,294.26599121,NORTH CAROLINA AVE SE & 3RD ST SE & D ST SE,13,acd901ede96ca29b8e7ad07203a377e0,4006,,4969014
-8573291.98292358,4707116.03289368,11000302_11038612,11000302,944.86297607,3RD ST NW & G ST NW,,21c0fc07a46137737f347b35ec1cf225,2019,,4969026
-8571125.58897428,4713186.16270285,12000702_12084892,12084892,750.16400146,TAYLOR ST NE & 7TH ST NE,,be8f2ad9a9c97f5b5508c83326491d0d,3215,,4969030
-8578856.89273065,4708092.04494056,11057852_11071952*1,11071952,178.81900024,POTOMAC ST NW & M ST NW,13,3eb05fae9bd48a248b835b7a9e267336,6238,,4969033
-8570672.42266741,4699369.76562626,13001132_13009362,13001132,0,11TH PL SE & ALABAMA AVE SE,13,73de6d2e81aa06c1085daf6d4d08c8d1,4087,,4969044
-8574039.73991819,4705875.40454867,11000702_14000702,14000702,0,7TH ST SW & 7TH ST NW,13,5d3bac15279853b7319c2c4c31b66374,1203,,4969058
-8578361.94815806,4712994.45718676,11025152_11079042,11025152,4668.45507813,CONNECTICUT AVE NW & SEDGWICK ST NW,13,bcaa33742e964afe3b227b19630da83b,6080,,4969061
-8569780.43841939,4705899.88366064,12001502_13001502_15031912,13001502,0,15TH ST SE & 15TH ST NE & EAST CAPITOL ST BN,13,dc7db23b7e96de1ed5ce1d05fc1f52f6,3222,,4969068
-8580870.59067787,4715365.45509368,11039712_11094052,11039712,1158.67700195,GARRISON ST NW & WISCONSIN AVE NW,13,bd8643a024c69781e12462098cd5f4e7,6271,,4969092
-8571174.78921672,4706216.45367445,12000702_12025352,12025352,1121.875,CONSTITUTION AVE NE & 7TH ST NE,13,d9fbdcec0576a56e504b1ddd14006ce9,3078d,,4969096
-8569247.13703515,4713833.4750716,12009882_12060582,12009882,783.690979,ALLISON ST NE & MICHIGAN AVE NE,13,42175c3fb511b1057e452d67ff969bed,3164,,4969102
-8572793.59292715,4716282.08751085,11016382_11051352_11065452,11065452,0,NORTH DAKOTA AVE NW & BLAIR RD NW & KANSAS AVE NW,13,ab42295ffdb452d830ff388388f2b1d2,5152,,4969115
-8573128.62654566,4707718.19973179,11050892_11064282,11064282,1202.66101074,NEW JERSEY AVE NW & K ST NW,,58f6cf0d65c496898562dd52cc8a3b77,2153,,4969139
-8572508.5995655,4699507.90586523,13058542_36003942_36003952,13058542,17.50799942,MALCOLM X AVE SE & Ramp-36003942 & Ramp-36003952,13,01e1d1f569a8833e7b3d385dc82bf891,4249,,4969143
-8570906.84793711,4709823.89660821,12000902_12017612_12088462,12000902,2153.12695313,9TH ST NE & BRENTWOOD RD NE & V ST NE,,15faba2839cd08bfc4a06c3d88f59f9f,3147,,4969162
-8575658.8040805,4712361.46505537,11001602_11066042,11001602,3916.32202148,16TH ST NW & OAK ST NW,13,0659f1f30e52d5e33de7e3e006e2bba5,5100,,4969166
-8575158.27086067,4707719.51056711,11001402_11050892_21050891,11050892,1983.51293945,K ST NW & 14TH ST NW & K ST NW Service Rd,13,145a0ebe84fccceb275b3c1c05f87c41,1016,,4969186
-8574579.83143405,4711982.95126353,11068902_11080082,11068902,713.39501953,PARK RD NW & SHERMAN AVE NW,13,5b6df772a9e421824b96011d59462306,5175a,,4969189
-8575106.83094047,4708166.67479148,11057852_11085732_21059603,11085732,63.22499847,THOMAS CIR NW & M ST NW & MASSACHUSETTS AVE NW Service Rd,13,c8a562f30a455dab489272974a26f7d1,1367a,,4969199
-8577136.67319884,4707783.40743282,11064222_11091262*1,11091262,151.16400146,WASHINGTON CIR NW & NEW HAMPSHIRE AVE NW,14,9bcbe55f5217c56b6a24919d2ae6a7bf,1196a,,4969212
-8576439.06552233,4707549.76605783,11001902_11047772,11001902,1025.34997559,19TH ST NW & I ST NW,13,77cb5a2300da0f1d155b8859d6a5d722,1110,,4969218
-8573554.41173709,4704396.0946432,14000402_14047772,14000402,1156.60095215,4TH ST SW & I ST SW,13,4c75aa377a158b9d9f2c9732160792d8,2190,,4969229
-8575234.63633545,4711479.97190178,11001402_11048752,11048752,2314.75488281,IRVING ST NW & 14TH ST NW,13,192e3a6b09842b3993685739c360d04f,5063,,4969240
-8570906.12935104,4707387.55256474,12000902_12042442,12000902,1010.53900146,9TH ST NE & H ST NE,,13c69c62581fcdb51d164c3b0b8f4aef,3088,,4969257
-8574898.24096927,4706978.02130229,11001302_11034382,11034382,1694.93005371,F ST NW & 13TH ST NW,,5ff99dbad89ec95960f1da84330ad221,2133,,4969271
-8570906.63699537,4705584.23635973,13000902_13047972,13047972,1327.81103516,INDEPENDENCE AVE SE & 9TH ST SE,13,b437878d09c933b9d07902651ccc48ca,4030,,4969304
-8575322.03533041,4714781.20224739,11001402_11039062,11001402,6783.92382813,14TH ST NW & GALLATIN ST NW,13,a66e9b71974df85f36db33ed2c79e2a4,5060,,4969313
-8574567.87314948,4704687.4010702,14058502_44059162,14058502,808.36401367,MAINE AVE SW & MARKET SQ SW,13,fcb1e1907d93df1629755cc9e05fc49b,2277,,4969323
-8574233.20306586,4717712.46782384,11011572_11070522,11011572,817.24200439,ASPEN ST NW & PINEY BRANCH RD NW,13,55deab22b0ca44763d827e59e2971d99,5247,,4969339
-8572592.07023038,4713944.14880232,11076702_36002492,11076702,119.81099701,ROCK CREEK CHURCH RD NW & Ramp-36002492,14,9ab0ca7f179943f08baaf08fd0dd6c20,5204a,,4969364
-8575158.07800339,4708215.43381093,11001402_11085732,11085732,126.53600311,THOMAS CIR NW & 14TH ST NW,13,05522a7060e33a5544e22afe8e6cc93f,1366,,4969371
-8571342.34269379,4699229.60441301,13009362_13074552,13009362,159.73500061,ALABAMA AVE SE & RANDLE PL SE,13,ff90c254fc3ed1093890decd0b9dae51,4101,,4969399
-8574976.67635919,4708741.82080288,11056552_11068382,11068382,1722.10498047,P ST NW & LOGAN CIR NW,13,6e4c25a8ff98837519dd9bc0d51f5a7c,2157f,,4969401
-8571428.45442883,4704963.53471684,13000602_13031332_13081382,13031332,921.92297363,E ST SE & 6TH ST SE & SOUTH CAROLINA AVE SE,13,b0328e3ca546c35da82584bada77aa8a,4019,,4969405
-8579761.79976164,4716090.30133456,11025152_11060642,11025152,7305.25,CONNECTICUT AVE NW & MILITARY RD NW,13,dd0a751cad931798564d44bb97c8a256,6074,,4969409
-8574609.39795639,4717713.38969695,11011572_11040042,11011572,1110.09899902,ASPEN ST NW & GEORGIA AVE NW,13,0659114b9b855aa1a18e68e3f914e26d,5237,,4969411
-8577109.01216991,4707748.96014045,11091262_36001952_36004902,36004902,46.92900085,Ramp-36004902 & WASHINGTON CIR NW & Ramp-36001952,14,7748c6e95869377d2f0e088d7f438951,1379,,4969416
-8570514.58947629,4707387.37638507,12001202_12042442,12001202,1090.74694824,12TH ST NE & H ST NE,13,16d61c141bbba4717740f57eaef17c4d,3100,,4969426
-8575157.86228465,4709374.8190667,11001402_11077672,11001402,2649.79907227,14TH ST NW & S ST NW,13,a7f55334b7ff0ae0be92b18fed26a584,1025,,4969431
-8578377.66276637,4716955.5894567,11063762_11088332,11063762,4976.58203125,NEBRASKA AVE NW & UTAH AVE NW,13,ea70e86ca9778260dfe950d2a8ca8cce,6234,,4969448
-8573530.42339672,4709634.51671434,11000402_11084562,11084562,677.17401123,T ST NW & 4TH ST NW,13,230135b7eab07c16fb24a1a36e9650ea,3014,,4969465
-8570509.5881632,4710666.75389156,12001202_12075462_12078132,12078132,0,SARATOGA AVE NE & 12TH ST NE & RHODE ISLAND AVE NE,13,aac650bba16146c167375f2e19ec57d9,3187,,4969475
-8572607.79455332,4711173.75749019,11060582_12060582_15065322,11060582,0,MICHIGAN AVE NW & MICHIGAN AVE NE & NORTH CAPITOL ST BN,13,0c2b03cfe03960c431ed6e6990a48f86,5199,,4969477
-8575158.267038,4706714.79838682,11001402_11069812*1,11069812,1773.26098633,PENNSYLVANIA AVE NW & 14TH ST NW,13,830cc401d1585e7f4263de81acbec325,1010,,4969489
-8580188.41767371,4716090.83818645,11003902_11060642,11060642,4082.65795898,MILITARY RD NW & 39TH ST NW,13,5c8a9906b22898907311a03a8929cb6c,6243,,4969498
-8571828.12066595,4705900.92085718,12000302_13000302_15031912,12000302,0,3RD ST NE & 3RD ST SE & EAST CAPITOL ST BN,,bb9a5aad22f9adf65b8a197905264e70,4062,,4969500
-8576797.64049837,4706688.69490148,11002102_11089892,11089892,632.80401611,VIRGINIA AVE NW & 21ST ST NW,13,00cb0ddde12994798ef96716cef67752,1145,,4969536
-8579324.67224307,4709894.42145327,11003502_11094052_58011062,11003502,1408.97302246,35TH ST NW & Driveway-58011062 & WISCONSIN AVE NW,13,ca1a8631395d963425c82ea5f80062a3,6265,,4969550
-8574040.49629833,4707954.83162405,11000702_11053492,11053492,1010.34399414,L ST NW & 7TH ST NW,,9ffd9d096463a96d8c0162fbde4837a3,2062,,4969568
-8565654.70037705,4707127.01911348,12041472_12061162_58016162_58017232,12061162,1115.80102539,MINNESOTA AVE NE & GRANT ST NE & Driveway-58016162 & Driveway-58017232,,3e6fca0498042d8c5186f029a80a9675,4083,,4969589
-8576283.60762887,4708395.19866916,11025152_11063182,11025152,710.5,CONNECTICUT AVE NW & N ST NW,13,5f2ec2e6132a9f9b62c0354df60eced7,1096,,4969594
-8574906.53152525,4715974.83073562,11001302_11024502_11064872,11064872,1061.08605957,NICHOLSON ST NW & COLORADO AVE NW & 13TH ST NW,13,b870d7e1aa7f605fa22be0bac4ce957f,5033,,4969608
-8574041.41754449,4704397.48706242,14000702_14047772,14000702,1147.37805176,7TH ST SW & I ST SW,13,6536bfbd7027cd5c44377e0a7168d2ec,1232,,4969611
-8577751.6723584,4709577.59211916,11019892_11059602,11019892,1164.11499023,CALIFORNIA ST NW & MASSACHUSETTS AVE NW,13,3e7859d1c6020663d850062515f5ad1a,6106,,4969612
-8577534.72245775,4707878.77745308,11002502_11053492_11069812,11069812,3980.01708984,PENNSYLVANIA AVE NW & 25TH ST NW & L ST NW,13,969f891704b6371c187e0bd071178dc0,1170,,4969671
-8568713.03332056,4705837.93562635,13002202_15031912_25031912,25031912,246.77600098,EAST CAPITOL ST NE Service Rd & 22ND ST SE & EAST CAPITOL ST BN,13,e78c86802c6f1ab3c73777b263702c20,3433,,4969681
-8571175.20509418,4705166.80628801,13000702_13069812,13069812,716.38397217,PENNSYLVANIA AVE SE & 7TH ST SE,13,e71235e560a81c6a0bf77a9f31390428,4024,,4969704
-8566898.44823176,4711757.90739964,12015992_12031982,12015992,4119.52685547,BLADENSBURG RD NE & EASTERN AVE NE,13,6b559cc9d695054e6d691c592ae5449c,3141,,4969719
-8575641.91411379,4708369.20680058,11078712_21001603_36002662,36002662,0,Ramp-36002662 & SCOTT CIR NW & 16TH ST NW Service Rd,13,a860cca4af2885300d8cc6d1946a4d5b,1059a,,4969747
-8568289.85208674,4710224.4593421,12002532_12015992_12088462,12088462,1190.2130127,V ST NE & 25TH PL NE & BLADENSBURG RD NE,13,075d775cc8a9f4a0640e9fb528b03257,3138,,4969753
-8574610.69285687,4708738.30593355,11001102_11068382,11001102,1654.95495605,11TH ST NW & P ST NW,13,2d320c9afa20ebbea50da1897da6ec3b,2110,,4969758
-8574502.32662129,4713653.71318406,11040042_11092102,11040042,3104.6159668,GEORGIA AVE NW & WEBSTER ST NW,13,e43f022b91b7e71bbad36025cafd562c,5265,,4969771
-8568368.33632687,4699477.75592695,13002302_13002352_13081512,13002302,1509.10498047,23RD ST SE & 23RD PKWY SE & SOUTHERN AVE SE,13,ad8e083fea4dce12b44d4bcb8c16241d,4150,,4969774
-8574621.74759126,4714475.0721991,11033472_11040042,11033472,1219.08398438,EMERSON ST NW & GEORGIA AVE NW,13,09512aa00ffada108c3fe56bbe47d198,5269,,4969795
-8580547.97130592,4716656.73553564,11004102_11021222_11060122_11092692,11004102,2273.52197266,41ST ST NW & CEDAR PKWY NW & MCKINLEY ST NW & WESTERN AVE NW,13,914c5d70353bfd586649cf918e431393,6041,,4969824
-8576946.9889806,4706788.89644765,11031332_11089892,11089892,772.7800293,VIRGINIA AVE NW & E ST NW,13,fa137cfd03d968b99624f92fc44507f9,1193,,4969830
-8579132.16594109,4713146.97513245,11075272_11081962_36002372,11075272,384.04299927,RENO RD NW & SPRINGLAND LN NW & Ramp-36002372,13,f77da0b35d3f4ebd1e99c55a99b982e2,6124a,,4969835
-8576597.8139149,4708809.40900369,11002002_11059602,11002002,1897.75500488,20TH ST NW & MASSACHUSETTS AVE NW,,d35a2b60a10720fc10f48e0534881ff8,1126,,4969852
-8575665.17653645,4709374.66412724,11001602_11077672,11001602,1599.05297852,16TH ST NW & S ST NW,13,8a08ff8afc6ae4afe61dba8296fbaef8,1058,,4969869
-8574721.41441507,4716089.78337573,11040042_11061362,11061362,1784.11096191,MISSOURI AVE NW & GEORGIA AVE NW,13,2f7b1060157bcd9b4342b112fcc17af5,5138,,4969874
-8575992.13559523,4707719.55936442,11001702_11025152_11050892_21050891,11001702,1403.67700195,17TH ST NW & CONNECTICUT AVE NW & K ST NW Service Rd & K ST NW,13,d2b75576a4ed5a284de0fedc3d0e8eec,1063,,4969876
-8575346.43915975,4706711.99764496,11001502_11031332_11069812,11069812,1920.1159668,PENNSYLVANIA AVE NW & 15TH ST NW & E ST NW,13,2dc3ecc59242ba748ed141411dbd5d31,1031,,4969877
-8573708.04668721,4709504.54162402,11000502_11036722,11000502,2242.22192383,5TH ST NW & FLORIDA AVE NW,11,1fad296543c58db82ea739fda1fe5aa6,3015a,,4969888
-8573816.18492923,4708394.35013933,11000602_11063182,11000602,1683.56005859,6TH ST NW & N ST NW,13,7e21f934e974a0a4a521a71348700019,2050,,4969890
-8574899.01191045,4707719.45921323,11001302_11050892_21050891,11050892,1781.49499512,K ST NW & K ST NW Service Rd & 13TH ST NW,,396679e340bfe4d8e78bdaacfbf6d790,2137,,4969922
-8574171.95741966,4711382.13307273,11024632_11040042,11024632,485.20401001,COLUMBIA RD NW & GEORGIA AVE NW,13,f8b0ef8fbafe450a996cc4dddc7a3d98,5121,,4969957
-8574078.8079172,4710554.60317187,11040042_11046672,11046672,342.52398682,HOWARD PL NW & GEORGIA AVE NW,13,bf0be029b41ab72b68b1a0497044f1a6,5131,,4969990
-8576597.81875283,4708738.04565129,11002002_11068382,11002002,1842.38000488,20TH ST NW & P ST NW,,16786621d17f8fcb1a867009f34c9913,1128,,4970005
-8577033.04971418,4708736.85098559,11002202_11068382,11002202,1621.15100098,22ND ST NW & P ST NW,13,e9515b7cba87954bde4ff351a0390261,1152,,4970007
-8575664.21194424,4709950.00266163,11001602_11088462,11001602,2045.5279541,16TH ST NW & V ST NW,13,6a2a2d1c161fc28a26349f908585926f,5106,,4970017
-8570020.17869591,4711035.23826076,12001402_12038092,12001402,2097.29492188,14TH ST NE & FRANKLIN ST NE,,5c5ef7d691e0e6ab34e74f7e6bc2d459,3155,,4970037
-8571176.76820372,4704292.96282864,13000702_13089892,13000702,1224.59301758,7TH ST SE & VIRGINIA AVE SE,13,ee07bca5b194e6d1efddd3bbb126f3d3,4023,,4970050
-8577951.49779344,4708065.47612628,11002802_11069812,11069812,4335.72412109,PENNSYLVANIA AVE NW & 28TH ST NW,13,f00c0cd1d1acf908bd2f63b71518af88,6008,,4970057
-8566662.87376908,4702206.68036608,13003632_13009362*1,13003632,228.60400391,36TH PL SE & ALABAMA AVE SE,13,e899b0d8bb24ce40e29f3d8456f82c0f,4232,,4970073
-8572456.00816974,4709584.91559237,12055642_12084562,12084562,118.38400269,T ST NE & LINCOLN RD NE,13,58dcb0ad92015057a2bf6ffad5276bdd,3034,,4970075
-8572256.21085869,4707892.61663508,12000102_12053492,12000102,1472.65100098,1ST ST NE & L ST NE,,f0f2a1994c7826350de6f01231810b6f,2245,,4970086
-8572256.88467226,4704960.64982885,13000102_13031332_36000802_36001782,13031332,275.72198486,E ST SE & 1ST ST SE & Ramp-36000802 & Ramp-36001782,13,bfdea2bfd8231af018a01947ca31b3ce,4003a,,4970088
-8572821.84868975,4716331.23484991,11016382_11069682,11069682,43.8409996,PEABODY ST NW & BLAIR RD NW,13,8c8d1d90f0179ea39f80e265b1d9bfe4,5207a,,4970089
-8572125.53471225,4716330.86287942,12064222_12069682,12069682,222.72200012,PEABODY ST NE & NEW HAMPSHIRE AVE NE,13,69b3b709313650219ff8666fac262c89,5184,,4970102
-8580224.31897793,4713646.74183621,11089182_11094052,11089182,666.53399658,VEAZEY ST NW & WISCONSIN AVE NW,13,197da344aa2af25f46ddcbc29c644b26,6272,,4970107
-8572625.67783267,4713896.35998717,11009882_11076702,11009882,163.98899841,ALLISON ST NW & ROCK CREEK CHURCH RD NW,14,f6cc18d92f55185a3fbe5318d72b3d7d,5204,,4970109
-8566681.08308058,4705355.8831027,13019822_13061162,13019822,3191.01098633,C ST SE & MINNESOTA AVE SE,13,7aa6799f3118edaeadcd0a28ef246e42,4267,,4970120
-8570658.93371324,4704224.21599328,13001102_13081691_36005872,36005872,515.62701416,Ramp-36005872 & 11TH ST SE & SOUTHEAST BLVD SE,13,4701686106fa72754f7b045984cf0f62,4262,,4970124
-8576080.44917066,4705633.95165141,14047972A_36003722,36003722,63.72999954,Ramp-36003722 & INDEPENDENCE AVE SW,13,d13f9b010ce6477a5160adb5e0c16546,1255,,4970140
-8574943.4442475,4712562.04106362,11051352_11081832,11081832,443.35101318,SPRING RD NW & KANSAS AVE NW,11,34d0400d47c514c252a3c7174ec747c3,5042b,,4970142
-8572612.70221382,4703731.85192122,13063182_14063182_15081252_25081251,15081252,1437.37402344,SOUTH CAPITOL ST BN & N ST SW & SOUTH CAPITOL ST SE Service Rd & N ST SE,13,1a96f68d7723b40ea955320d312e2848,2266,,4970144
-8573708.59438392,4707955.71545372,11000502_11053492,11000502,1040.35498047,5TH ST NW & L ST NW,,b8689765e329ca5dc4234c05f1a86f27,3238a,,4970171
-8576517.8993221,4708774.14851769,11031202_11059602,11031202,307.88900757,DUPONT CIR NW & MASSACHUSETTS AVE NW,13,a36db81e9c623f4836a312b7ef6de753,1195h,,4970188
-8567190.8493621,4702967.03591026,13017352_13069812,13069812,4263.625,PENNSYLVANIA AVE SE & BRANCH AVE SE,13,7b482950dbce0f4bbeadb90a688f2f02,4145,,4970198
-8574899.93320839,4707389.56931846,11001302_11064672,11001302,529.48297119,13TH ST NW & NEW YORK AVE NW,,e7017bc1086461d80283c2d86f95d8e6,2135,,4970203
-8575924.63280221,4712013.04556674,11001702_11062532_11068902_36003542,11062532,697.38897705,MOUNT PLEASANT ST NW & 17TH ST NW & PARK RD NW & Ramp-36003542,13,a6f4fdffe1cab8cd73712b724ac9b343,5109,,4970207
-8571896.53842947,4711697.66004186,12060582_36001582,12060582,733.84399414,MICHIGAN AVE NE & Ramp-36001582,13,142c9356125e6a2d2ef6545f3f7b7df4,3234,,4970282
-8578178.26316855,4709978.53398367,11059602_11076572_11093142,11076572,485.53399658,ROCK CREEK DR NW & MASSACHUSETTS AVE NW & WHITEHAVEN ST NW,13,1d1ca70ddcc30862208b51c074ef2a52,6013,,4970301
-8571428.5102836,4706216.51270421,12000602_12025352,12025352,924.14202881,CONSTITUTION AVE NE & 6TH ST NE,13,6e34c04ce3e75f5d57e58aeadc748abe,3070,,4970330
-8575993.75259714,4707188.93213947,11001702_11069812,11069812,2779.54492188,PENNSYLVANIA AVE NW & 17TH ST NW,13,2e4e04e1391791a6f91e7aaf83f6f596,1079,,4970337
-8579580.33878956,4711296.71158492,11039522_11059602,11039522,1444.18505859,GARFIELD ST NW & MASSACHUSETTS AVE NW,13,5b16259134d375cda009f876f7d1fce4,6107,,4970371
-8570091.4274382,4710832.30137646,12017612_12075462,12017612,1124.22705078,BRENTWOOD RD NE & RHODE ISLAND AVE NE,13,99869302c28627f9f08b7d467c678c22,3442,,4970377
-8572609.96192408,4707388.38551857,11042442_12042442_15065322,12042442,0,H ST NE & NORTH CAPITOL ST BN & H ST NW,13,7b98fcdd9aa07cc62733229807dcf859,2217,,4970380
-8578605.37062532,4713533.27991175,11025152_11088922,11025152,5127.36376953,CONNECTICUT AVE NW & VAN NESS ST NW,13,8fd9a69f03cd13fb426a9f6eb576e073,6082,,4970383
-8570641.57394455,4710115.53136342,12017612_12090152,12017612,521.5960083,BRENTWOOD RD NE & W ST NE,13,abb2d7377fac1214711cff9b7b3e460c,3149,,4970401
-8573291.5245601,4706804.89467055,11000302_11031332,11000302,703.33898926,3RD ST NW & E ST NW,,345ad465e44f960323dfcc4ec1751846,2018,,4970410
-8575666.84812936,4708737.92381997,11001602_11068382,11001602,1104.97802734,16TH ST NW & P ST NW,13,047b07565a0fe62e82ef4bef248992dc,1055,,4970416
-8574858.59431604,4708806.2740264,11056552_11089442,11089442,860.15698242,VERMONT AVE NW & LOGAN CIR NW,14,78dbe9af3a3369aaf9bf8a9cea812bcf,2157d,,4970419
-8579672.24270913,4712314.19670004,11064092_11094052,11064092,1301.48205566,NEWARK ST NW & WISCONSIN AVE NW,13,4443cc5be3e1158b88511fdabc985134,6146,,4970443
-8574494.3256716,4705580.29453257,14047972_14054972,14054972,0,L'ENFANT PROMENADE SW & INDEPENDENCE AVE SW,13,4a4638a52dbc63552670ccc19a1f2d4e,1215,,4970447
-8572790.26991276,4702992.79799171,14000052_14074162,14074162,129.89900208,R ST SW & HALF ST SW,,2f522523d002def245f8b2817b323c5c,2282,,4970468
-8576243.122957,4707388.80650699,11001802_11042442,11042442,2939.18701172,H ST NW & 18TH ST NW,13,f9409e311290b5d9bbefd0ea1c17e380,1090,,4970484
-8571473.79428099,4710272.06728695,12075462_58011592,58011592,78.6740036,Driveway-58011592 & RHODE ISLAND AVE NE,13,b3f8b6db451992d4025c4861e90bded7,3243,,4970542
-8580733.94847621,4714213.98084894,11004202_11009492,11009492,2553.09106445,ALBEMARLE ST NW & 42ND ST NW,13,7bec4829b91436dc68b6f5627137a031,6042,,4970544
-8575668.8885195,4707719.85940363,11001602_11050892,11001602,314.95700073,16TH ST NW & K ST NW,13,eb9ec54c8003b9120b27bb44d03baf01,1052,,4970545
-8570356.3112398,4703034.51127357,13001102_36005532,36005532,0,Ramp-36005532 & 11TH ST SE,13,1f0178cabb6a95c4923bbb291e5708ce,4261,,4970557
-8577182.03755546,4707119.30994479,11002302_11038612,11002302,901.03399658,23RD ST NW & G ST NW,13,7ea79b69278c90cddcdf28bbd84bdda9,1157,,4970562
-8569547.25872654,4709773.13606444,12001602_12064672,12064672,2609.34594727,NEW YORK AVE NE & 16TH ST NE,,b070c4d02d72556b13698252fbd5a715,3179,,4970567
-8575659.7966502,4711887.25141294,11001602_11068902,11001602,3548.4699707,16TH ST NW & PARK RD NW,13,09a005c53c35f8985fa073f9e6927dd2,5101,,4970574
-8576937.65132748,4710021.4197119,11025152_11051152,11051152,1120.73400879,KALORAMA RD NW & CONNECTICUT AVE NW,13,022e1a38c1ee7b839af1a75d060c6926,1181,,4970576
-8575447.78570393,4708950.27740373,11001502_11072862,11072862,2042.80700684,Q ST NW & 15TH ST NW,13,ef9a57af14fe576ad2c42a29f89dee83,1043,,4970610
-8571665.42326109,4706440.89269597,12000402_12019822,12000402,419.16799927,4TH ST NE & C ST NE,,358f8b6728eebb50fc837a8f59a6a17c,3055,,4970630
-8574909.28463666,4711988.99163038,11001302_11061422,11061422,268.26000977,MONROE ST NW & 13TH ST NW,,621c42b3fb2be0271142a259c5689176,5046,,4970632
-8581096.32640861,4716104.79869737,11060642_11092692,11060642,4792.98095703,MILITARY RD NW & WESTERN AVE NW,13,4a7f205de130479e2e4d78d269414070,6252,,4970634
-8574006.72940405,4713073.31870459,11000702_11064222_11079562,11079562,569.5369873,SHEPHERD ST NW & 7TH ST NW & NEW HAMPSHIRE AVE NW,13,dd8415d0fd61f71dd8c2469586d88a5a,5157,,4970654
-8576439.98387897,4707118.46400947,11001902_11038612,11001902,690.625,19TH ST NW & G ST NW,13,d3d8559712a3787163457321970a2cc8,1109,,4970660
-8573295.57845099,4708103.50931893,11064672_58006642,58006642,0,Driveway-58006642 & NEW YORK AVE NW,13,c6fbf38615396f19c030a85bb7251aee,3009,,4970688
-8571138.1818253,4708733.72986925,12000602_12017552_12069742,12017552,0,BRENTWOOD PKWY NE & PENN ST NE & 6TH ST NE,13,594d626514ebd21bac21f63b3c4a99e8,3256,,4970719
-8563369.52314029,4705893.95476703,12005302_13005302_15031912,13005302,0,53RD ST SE & 53RD ST NE & EAST CAPITOL ST BN,13,83420005db7be1c5a0734c260d982f15,4174,,4970732
-8574637.09409788,4711326.11092006,11001102_11024632,11024632,850.20800781,COLUMBIA RD NW & 11TH ST NW,13,1a8b4c09569395337ef82f081c0fff61,5023,,4970735
-8574268.84306248,4707331.40460763,11000902_11042442,11042442,1385.33203125,H ST NW & 9TH ST NW,13,66e5d44c5d3d816dffd9e67d6ca0429d,2072,,4970744
-8573818.10679108,4705220.1737578,14000602_14089892,14000602,279.63900757,6TH ST SW & VIRGINIA AVE SW,13,3c59a425331f7ff640fc596e852632b4,1199,,4970762
-8576440.92211652,4706228.82057662,11001902_11025352,11001902,0,19TH ST NW & CONSTITUTION AVE NW,13,211a34af0939cc76553fbe9ae24f7c2a,1104,,4970771
-8576525.34162261,4708738.20102921,11031202_11068382*1,11031202,336.6579895,DUPONT CIR NW & P ST NW,13,245294b117039f7203164fdfaa66b5a5,1195i,,4970776
-8570341.01251094,4712030.79662584,12001302_12061422,12001302,2621.17797852,13TH ST NE & MONROE ST NE,13,b91960d1453231e900995c60749f1c13,3170,,4970789
-8576796.32774483,4706789.47742144,11002102_11031332,11031332,3201.91308594,E ST NW & 21ST ST NW,13,38420b16495d7a0be2df25a8c50e82b5,1134,,4970792
-8573555.71095606,4704681.91980169,14000402_14038612,14000402,934.71697998,4TH ST SW & G ST SW,13,2a64703cc4ab31a896f4762112952ab2,2189,,4970803
-8575758.89620484,4711469.48074678,11048752_11062532,11062532,256.28500366,MOUNT PLEASANT ST NW & IRVING ST NW,13,5e736990ad6565bc96417792be29108c,5150,,4970818
-8573696.75199507,4711383.22233309,11068832_36000162,36000162,0,Ramp-36000162 & PARK PL NW,13,0a23b49ffd566cbef222cc823c574624,5282,,4970833
-8571065.5673425,4701539.03120328,13059452_13082352_13083722,13083722,532.41998291,SUMNER RD SE & MARTIN LUTHER KING JR AVE SE & STANTON RD SE,13,bdf1e49a201b53f149c03b5d2a5990db,4129,,4970841
-8568204.95066242,4707028.81793776,12015342_12066952,12015342,1240.29602051,BENNING RD NE & OKLAHOMA AVE NE,13,61455e39601d196c294ccd8d196a45e9,3137,,4970845
-8577324.70372775,4707784.55149162,11002402_11069812_36004872_36004912,36004872,73.03900146,Ramp-36004872 & 24TH ST NW & PENNSYLVANIA AVE NW & Ramp-36004912,13,d1cddb02b6642c27b72e490c4125ce2c,1383,,4970856
-8571844.55521985,4696202.67904795,13056222_15081252,15081252,8034.82714844,SOUTH CAPITOL ST BN & LIVINGSTON RD SE,13,e9b95dbe63031a20d36fd7cd16aeb157,4189,,4970860
-8567036.88897086,4701913.57808901,13009362_13017352,13009362,4501.07714844,ALABAMA AVE SE & BRANCH AVE SE,13,5fe3525aa73b2335497c7dc6520bf665,4094,,4970867
-8574509.32735061,4715103.52146402,11047902_11048422,11048422,1481.36999512,INGRAHAM ST NW & ILLINOIS AVE NW,13,7c56ffb0b9cccc2950222294a4ee9ac7,5248,,4970891
-8573471.96243758,4697320.25504781,14022202_14068122,14022202,2647.34399414,CHAPPIE JAMES BLVD SW & OVERLOOK AVE SW,14,ede5e7cd44556d5a0d6e22c70dc6d9b7,4001,,4970899
-8574727.17240176,4708166.35074801,11001202_11057852,11057852,1607.07995605,M ST NW & 12TH ST NW,,d75b2ecc6ce40e90be43d76e10f45044,2124,,4970907
-8575243.87143604,4714264.7160999,11001402_11028212_58016652,11001402,6447.39892578,14TH ST NW & DECATUR ST NW & Driveway-58016652,13,8157b4d230cef825cf71d3a00a57d04c,5056,,4970913
-8575244.0530341,4713550.54584567,11001402_11011052,11011052,566,ARKANSAS AVE NW & 14TH ST NW,13,beeb0b0aa4a799b34850851e905dede4,5053,,4970920
-8573650.86968148,4709473.57018019,11000502_11036722*1,11000502,2242.22290039,5TH ST NW & FLORIDA AVE NW,13,a9cceb05120f9cd13e60cfb2d07cb833,3015,,4970929
-8574494.60071212,4707332.7986299,11001002_11042442,11001002,859.03601074,10TH ST NW & H ST NW,,aa89cf6d9561f6d8819c2afeed4fa44b,2090,,4970949
-8576241.79000013,4707719.81005281,11001802_11050892,11050892,2827.83496094,K ST NW & 18TH ST NW,13,ed64135f167a2c68bb41bbe0727bba05,1092,,4970958
-8576243.57867339,4706980.18135465,11001802_11034382,11034382,2237.85205078,F ST NW & 18TH ST NW,13,bf45a0932409fb0a88b5ddab96cd420a,1088,,4970962
-8572609.41065042,4704396.1041413,13047772_14047772_15081252_36004952,15081252,921.63500977,SOUTH CAPITOL ST BN & I ST SW & Ramp-36004952 & I ST SE,13,f742c7ab6a4fd1c4c76274ae60b400fa,2226,,4970982
-8575659.4842587,4711715.16852176,11001602_11053752,11001602,3414.97900391,16TH ST NW & LAMONT ST NW,13,e0195b330f310fcdff97754a90a4b4aa,5096,,4970993
-8576506.86425555,4709583.78444133,11036722_11084562*1,11084562,2949.1340332,T ST NW & FLORIDA AVE NW,13,5f63d8652a850047729f73f5954ba37a,1108,,4971001
-8571994.88458352,4697488.74453707,13011702_13056222_13088592,13056222,0,LIVINGSTON RD SE & ATLANTIC ST SE & VALLEY AVE SE,13,cbbbd3ba903b7cfb71e0631999056169,4108,,4971033
-8580724.10587914,4714993.11470514,11032762_11094052,11032762,1384.83398438,ELLICOTT ST NW & WISCONSIN AVE NW,13,bca863a988980a9c2cc73d03542793ae,6159,,4971044
-8575649.85373378,4717701.21447202,11001602_11011572_11080242,11080242,0,SHERRILL DR NW & 16TH ST NW & ASPEN ST NW,13,02dec6b7ad4697a4fe8116ffdc20d070,5084,,4971047
-8570298.69038058,4705981.91318015,12001302_12031912,12001302,64.36299896,13TH ST NE & EAST CAPITOL ST NE,,a5a5e32f19e8c7ae17e38d02c8a24cec,4228,,4971048
-8573266.35219617,4717365.22727541,11016382_11088792,11088792,515.79998779,VAN BUREN ST NW & BLAIR RD NW,13,55fe3ccd3fb99c6f22bc78e4f42925d3,5113,,4971054
-8571747.37345555,4696105.36605167,13081512_15081252_58014302,15081252,8141.92089844,SOUTH CAPITOL ST BN & SOUTHERN AVE SE & Driveway-58014302,13,8bfc31f724d6ffed0d03e3c94bf0496b,4190,,4971057
-8581199.69284858,4712819.75517212,11059602_11090702*1,11090702,183.53799438,WARD CIR NW & MASSACHUSETTS AVE NW,13,d4bfdaed6bf7439ac1dfba88b22ca252,6157c,,4971058
-8568534.35721947,4699311.61008865,13061292_13081512,13061292,3463.34399414,MISSISSIPPI AVE SE & SOUTHERN AVE SE,13,bdd375e5a16e562c11f789239c5e96da,4155,,4971070
-8582372.68799696,4713918.28990491,11004902_11059602,11004902,2325.22290039,49TH ST NW & MASSACHUSETTS AVE NW,13,b8007ce6b9006d5849c40b12f2fc1367,6051,,4971072
-8574287.22599178,4712399.65768964,11040042_11072342,11072342,432.5960083,PRINCETON PL NW & GEORGIA AVE NW,13,e12d2c23f97322835ee2fe42ef3a7bce,5143,,4971104
-8574898.38253269,4708166.52192269,11001302_11057852,11057852,1740.48205566,M ST NW & 13TH ST NW,,c48125c0fe5a3d9248d4aee42eed4a3e,2139,,4971118
-8574907.0694202,4714781.04974294,11001302_11039062,11039062,1794.72302246,GALLATIN ST NW & 13TH ST NW,,124e0e8f7d9b23330dfb8d258e746cfa,5038,,4971132
-8574900.50755202,4706804.4734702,11001302_11031332_11069812,11069812,1920.11694336,PENNSYLVANIA AVE NW & E ST NW & 13TH ST NW,13,fe040114dbf0362e20f99eaad3b72072,2132,,4971141
-8574719.12861991,4716124.89989425,11040042_11061362*1,11061362,1784.11206055,MISSOURI AVE NW & GEORGIA AVE NW,13,36e4351b4d5b6029344301d405e9b8d0,5138a,,4971155
-8567788.70878864,4703920.2893901,13061162_13063892,13063892,190.95399475,NELSON PL SE & MINNESOTA AVE SE,13,006f9aee687206b22d7da90de4d48a0d,4136,,4971165
-8571665.61661194,4704565.07467721,13000402_13089892,13000402,1036.86999512,4TH ST SE & VIRGINIA AVE SE,13,c99a8280501fe8859053bcc7e36dcbd1,4014,,4971171
-8578640.87524602,4711295.8618438,11003202_11023922_11039522,11023922,676.79400635,CLEVELAND AVE NW & GARFIELD ST NW & 32ND ST NW,13,8be4e45777351042959cde375c40c6cf,6018,,4971188
-8576239.38107444,4708950.5357878,11001802_11072862,11072862,2659.56201172,Q ST NW & 18TH ST NW,13,07fa4b12e9e891c7e98375c065aa9b89,1371,,4971190
-8571395.35551484,4715037.28221211,12042902_12081442,12081442,5460.83398438,SOUTH DAKOTA AVE NE & HAMILTON ST NE,13,99f69d5315aa9ed1da38c5ef46041233,3209,,4971195
-8574271.87590185,4708166.20538868,11000902_11057852,11057852,1252.32202148,M ST NW & 9TH ST NW,13,47f907bdd457af3840909060bcedb5fd,2076,,4971224
-8582791.23075738,4710075.73700356,11020212_11075332_58011872,11075332,3250.37011719,RESERVOIR RD NW & CANAL RD NW & Driveway-58011872,13,3521553c789ac456a5adf588bef35250,6268,,4971226
-8576239.80559046,4708738.09495053,11001802_11068382,11068382,2706.46801758,P ST NW & 18TH ST NW,13,a498f19178751b8412eef7f3f48fbf0c,1097,,4971234
-8573816.10474351,4707954.13454104,11000602_11053492,11000602,1341.94702148,6TH ST NW & L ST NW,,9eb131a56519e9d01e2cbc8f281e9e4d,2248,,4971235
-8571429.52445917,4705422.88387444,13000602_13065392_13079172,13065392,642.29101563,NORTH CAROLINA AVE SE & 6TH ST SE & SEWARD SQ SE,13,7642b90e43d666bb3ac76bdc17777b78,4017,,4971248
-8574611.60018124,4707894.21309937,11001102*1_11053492,11001102,999.93499756,11TH ST NW & L ST NW,,9379fa31bf984ed8960de0850bf195f0,2109a,,4971275
-8575346.03254034,4707184.40052783,11001502_11064672_11069812,11069812,2273.11303711,PENNSYLVANIA AVE NW & 15TH ST NW & NEW YORK AVE NW,13,c3f9b2301018eae5c38b9708f25c8d37,1033,,4971283
-8572955.90841562,4706337.16085732,11000102_11057132,11000102,296.05099487,1ST ST NW & LOUISIANA AVE NW,13,f1f32f3bccc9e3df13ae5d2acbc6ff64,2008,,4971284
-8576596.30121541,4709161.80310893,11002002_11074162,11002002,2140.16699219,20TH ST NW & R ST NW,,1dfbfb73a5b204e36c069fff29d3b5be,1116a,,4971297
-8574157.3410833,4711253.82500653,11040042_11043742,11043742,221.8999939,HARVARD ST NW & GEORGIA AVE NW,13,fa1c04e3f2e3511965aaf75e8d31f791,5130,,4971303
-8575447.09553425,4709162.33089518,11001502_11074162,11074162,2212.19506836,R ST NW & 15TH ST NW,13,560a1a90768861d85af7d894c5e0bc98,1044,,4971318
-8566281.71109568,4702390.14430466,13003802_13009362,13009362,5229.05322266,ALABAMA AVE SE & 38TH ST SE,13,f3a7c7a0ff5ef2117753ea8b1d0dd199,4092,,4971340
-8572955.93604956,4706612.82271916,11000102_11026912,11000102,510.0249939,1ST ST NW & D ST NW,13,41188d5a07389e4a29923425fcd6de99,2003,,4971343
-8575158.29336348,4707117.85923445,11001402_11038612,11001402,975.78997803,14TH ST NW & G ST NW,13,73cc48060de19dced90b9b1055863420,1013,,4971360
-8569470.62671802,4710388.52505128,12001702_12018722_12061552,12018722,1006.21002197,BRYANT ST NE & 17TH ST NE & MONTANA AVE NE,,b1b2c77f3192e85d5f230d219e202cd5,3126,,4971391
-8570781.67011667,4713185.56054292,12001002_12084892,12084892,1018.00799561,TAYLOR ST NE & 10TH ST NE,13,1f4b17eff1b37c4317c40c93afe8fbdd,3216,,4971398
-8576792.4669642,4708737.58425042,11002102_11068382,11068382,2999.40600586,P ST NW & 21ST ST NW,13,fa7798bc310eed00b0b1d47a33d16478,1143,,4971404
-8576894.60382963,4709162.25590525,11036722_11074162,11036722,3870.75195313,FLORIDA AVE NW & R ST NW,13,613bc615512727576ccc9a0d5f22d4d2,1183,,4971416
-8569262.29098594,4707889.93227414,12001702_12053492,12053492,1603.52001953,L ST NE & 17TH ST NE,13,fc655082737b0e982901ad9a894b89d2,3123,,4971435
-8575884.26776837,4709495.15496666,11001702_11064222_11084172,11001702,2912.29199219,17TH ST NW & NEW HAMPSHIRE AVE NW & SWANN ST NW,13,edab2a3f3cfdadd09bab9ed9855f66f9,1076,,4971437
-8566777.99924092,4702008.89090514,13003602_13009362_13083462,13009362,4718.07324219,ALABAMA AVE SE & 36TH ST SE & SUITLAND RD SE,,e151b67edc42569b7c5119008cb7cc4e,4091,,4971454
-8574118.22801853,4710907.50157028,11034582_11040042,11034582,98.42199707,FAIRMONT ST NW & GEORGIA AVE NW,13,e00ad44d1db3121c833a9cec5ed1e5bb,5127a,,4971462
-8574611.2454306,4706805.05585158,11001102_11031332,11031332,1559.98803711,E ST NW & 11TH ST NW,13,889fd7d1fd5e3bdc945c219c4f927c90,2102,,4971472
-8574041.05331167,4709586.26853969,11000702_11084562,11084562,1027.97497559,T ST NW & 7TH ST NW,13,d74d86e14dbaf93c792a36a8d95f2b3f,2252,,4971475
-8572658.37938341,4706613.24473084,11026912_11057132,11057132,51.61100006,LOUISIANA AVE NW & D ST NW,13,0026469271b914955c210dbb88321ce6,2213,,4971483
-8575159.22339318,4706590.69587849,11001402_11026912,11001402,566.63397217,14TH ST NW & D ST NW,13,f95d2239f07115cd268fe263e7b48c80,1009,,4971550
-8564147.10990665,4704711.50516367,13015342_13038612,13015342,1004.60998535,BENNING RD SE & G ST SE,13,26641be6687f1973a9b80673b9e9f08b,4111,,4971563
-8572609.81356071,4706978.27886814,11034382_15065322,11034382,0,F ST NW & NORTH CAPITOL ST BN,,6f9fc901327d60a621b2728f81f1d835,2215,,4971565
-8569622.57361694,4702531.75964585,13001602_13059032,13059032,861.0869751,MARION BARRY AVE SE & 16TH ST SE,,a8d59d9764e24a30884467ae88b5f2bd,4116,,4971595
-8569988.34699767,4705628.50446334,13001402_13059602,13001402,210.84399414,14TH ST SE & MASSACHUSETTS AVE SE,,bf852c815d92bf9bf40c7ee2c27f9ecc,4046c,,4971599
-8572952.7308512,4711118.70939893,11000102_11060582,11060582,272.17001343,MICHIGAN AVE NW & 1ST ST NW,13,62a29668463f1ad8600bf1bab694fd1a,5003,,4971627
-8573401.47698311,4707548.13886636,11000402_11047772,11047772,251.50700378,I ST NW & 4TH ST NW,13,cc84dc7c5205059f77f9fa07499fcc4a,2271,,4971634
-8572122.82122546,4715337.65702969,12000132_12076052,12076052,392.56698608,RIGGS RD NE & 1ST PL NE,,d48fd362876582f94cf07d8c41172dbd,5186,,4971635
-8570514.70221399,4707714.80339881,12001202_12050892,12001202,1344.85400391,12TH ST NE & K ST NE,13,1354fd5ccf6e717f06990d1d63ca9878,3099a,,4971636
-8574841.96913418,4708793.93331315,11056552_36005162,36005162,64.61699677,Ramp-36005162 & LOGAN CIR NW,14,2cb3c0d797fc09fb60bdf074f4ed0c13,2157d,,4971641
-8572608.05232762,4715202.43503288,11061362_12076052_15065322,12076052,0,RIGGS RD NE & MISSOURI AVE NW & NORTH CAPITOL ST BN,,31d3edd9b5798e9c141ed089f32df22c,5200,,4971648
-8571665.28255379,4706510.95810223,12000402_12019822_12059602,12000402,473.54901123,4TH ST NE & C ST NE & MASSACHUSETTS AVE NE,,a283daa1696439089e946a81d0a284bf,3055a,,4971655
-8573607.1839021,4718018.64021944,11000402_11016382,11016382,1836.2220459,BLAIR RD NW & 4TH ST NW,,90f666adaf6742209c84b7c11990b372,5009a,,4971656
-8572956.27888067,4707387.08613552,11000102_11042442,11000102,985.63702393,1ST ST NW & H ST NW,13,ab948f5d6ab578e484fb3566d54e7ad7,2006,,4971666
-8569988.30035385,4706175.45310208,12001402_12065392,12001402,213.73599243,14TH ST NE & NORTH CAROLINA AVE NE,13,42a0f29948830b6a6275379ae34ed126,3109,,4971678
-8571828.06229268,4705584.81157329,13000302_13047972_36004012,36004012,59.34500122,Ramp-36004012 & 3RD ST SE & INDEPENDENCE AVE SE,13,2d0a24e329b937f7b9f72733ed6e0eb9,4008a,,4971681
-8573816.97001983,4705361.96346271,14000602_14019822,14019822,809.7119751,C ST SW & 6TH ST SW,13,4c383142c64e3f4d20131f9682c39572,1198,,4971682
-8574908.22180833,4711601.58949845,11001302_11052322,11052322,1237.26196289,KENYON ST NW & 13TH ST NW,,8d13c2dd74d58f2943f9cfae293e4378,5044,,4971688
-8573400.87957405,4716822.39112966,11000302_11065452_11079882,11000302,5127.18310547,3RD ST NW & NORTH DAKOTA AVE NW & SHERIDAN ST NW,,66ba7f89f379e17b65272a5161ad5718,5007,,4971692
-8569726.66827484,4704680.53101737,13038612_13052262_13071892,13052262,1054.63793945,KENTUCKY AVE SE & POTOMAC AVE SE & G ST SE,13,646ddeb8cc6a5168c39f1781fc48c36a,4050,,4971702
-8576436.46215889,4708826.34145174,11001902_11031202_36004212,11001902,1884.78796387,19TH ST NW & DUPONT CIR NW & Ramp-36004212,13,8073b2b2b1a83033c86401b7a4558225,1195f,,4971716
-8574726.3839544,4707549.11140885,11001202_11047772,11047772,1445.71496582,I ST NW & 12TH ST NW,,80b3d03177e24be3b10e9600677d3f6d,2121,,4971719
-8564494.3708778,4705434.78099461,13015342_13019822,13019822,4435.73486328,C ST SE & BENNING RD SE,13,f51470abc2354c884bdfb20a02dc9bfd,4227,,4971725
-8569069.59109557,4705149.74731173,13001902_13059602,13001902,581.98498535,19TH ST SE & MASSACHUSETTS AVE SE,,271431e620c170267ebcbd4f3625b7de,4056,,4971734
-8570300.38550524,4705820.03373515,13001302_13034462,13034462,280.09799194,EAST CAPITOL ST SE & 13TH ST SE,,58264ba37a931a3693dc883dc98c9a5c,4226a,,4971758
-8573708.47053923,4707331.3950914,11000502_11042442,11000502,555.82800293,5TH ST NW & H ST NW,13,46bf700526b2ad0bb17146ddd3bb5cac,2034,,4971759
-8575995.10652897,4706980.49458795,11001702_11034382,11001702,830.05999756,17TH ST NW & F ST NW,13,5ee9ae34132e24170f9267dab2a78049,1068,,4971775
-8570536.86239356,4711010.38918334,12001202_12038092,12001202,1808.91894531,12TH ST NE & FRANKLIN ST NE,,84ee1d4a8f29728d2615903e8fe106aa,3153,,4971794
-8575505.7136302,4713161.03629757,11011052_11070502,11011052,201.58700562,ARKANSAS AVE NW & PINEY BRANCH PKWY NW,13,5f5458a25b8469c7e1c48a4131cf61ce,5249,,4971839
-8564983.63210703,4705434.04339734,13019822_13085542,13019822,4054.39404297,C ST SE & TEXAS AVE SE,13,8203e989ba7552694f1a1ca4d83325d1,4160,,4971844
-8578298.23200928,4708102.67349462,11057852_11085862,11085862,289.5039978,THOMAS JEFFERSON ST NW & M ST NW,13,4ef1647f714872f4fd18782d8ab46f5b,6161,,4971846
-8572609.64203738,4706658.26981367,11057132_12057132_15065322_36000232,36000232,48.09500122,Ramp-36000232 & LOUISIANA AVE NW & LOUISIANA AVE NE & NORTH CAPITOL ST BN,13,ee58f49a1b2d6718527073204b8e2e41,2213a,,4971887
-8576599.00387762,4707719.84224761,11002002_11050892,11002002,1051.80297852,20TH ST NW & K ST NW,,1b5c28b574d29166f36007506a2ca55d,1123,,4971900
-8572955.9460312,4708166.1243854,11000102_11057852,11000102,1591.09301758,1ST ST NW & M ST NW,13,782c60fb046c13f94a26166d99e2efe5,3001,,4971909
-8569262.72175448,4707634.22222759,12001702_12059472,12059472,2330.50708008,MARYLAND AVE NE & 17TH ST NE,,910d9bb8eece0e3164635f1fb5553bfa,3125,,4971920
-8574904.63919982,4710291.21181306,11001302_11036722,11036722,2163.7019043,FLORIDA AVE NW & 13TH ST NW,,1c63c6989e4777a74c5c3bb76444ccdf,5036,,4971963
-8581332.49687503,4712942.10391703,11059602_58019442,58019442,53.7879982,Driveway-58019442 & MASSACHUSETTS AVE NW,13,00b72ef0d06111c8f3d4f2c3d829f71a,6104,,4971970
-8566715.1929314,4702717.28311324,13069812_13085542,13069812,4682.09814453,PENNSYLVANIA AVE SE & TEXAS AVE SE,13,0f98247ef4fa293e99191ba88e11ee0a,4239,,4971978
-8571659.79361559,4697779.14236904,13000402_13088592_13094902,13000402,3148.37402344,4TH ST SE & VALLEY AVE SE & XENIA ST SE,13,5fddf080d69d4ccd95f3b0bcbbc0ec44,4162,,4972001
-8573738.40570104,4713375.7578143,11000502_11088012,11000502,3431.26098633,5TH ST NW & UPSHUR ST NW,13,f91a7dcd7a3a64d7e5ef406c9ac9d4ae,5020,,4972003
-8571175.13636413,4705584.35427382,13000702_13047972,13000702,245.36399841,7TH ST SE & INDEPENDENCE AVE SE,13,3b54a1c063c58b216e5017c008fbaed9,4021d,,4972006
-8576179.10689026,4708168.78386822,11025152_11057852_11075462,11025152,516.84802246,CONNECTICUT AVE NW & M ST NW & RHODE ISLAND AVE NW,13,b65dabc465cbcaf51ceba7ff31b265ea,1094,,4972021
-8578664.02829762,4708447.04640195,11030872_11094052,11030872,712.89001465,DUMBARTON ST NW & WISCONSIN AVE NW,13,3976cbea83bfae5bc5264526189c3562,6134,,4972029
-8571664.85669111,4708165.91854748,12000402_12057852,12000402,1757.92504883,4TH ST NE & M ST NE,,a1d0d587efcb348c5b70923b4798a969,3063,,4972054
-8582559.50676615,4714093.73708384,11005002_11059602,11005002,483.16699219,50TH ST NW & MASSACHUSETTS AVE NW,13,3722523e244e3cbe4a8054dd8b37da8d,6253,,4972074
-8571157.08205876,4702070.68827068,13035682_13046732,13035682,0,FIRTH STERLING AVE SE & HOWARD RD SE,13,a5a9b37fc2cb76ff438cd0ef617c1a72,4113,,4972079
-8573816.82110602,4706614.01081312,11000602_11026912,11000602,301.86700439,6TH ST NW & D ST NW,13,3cd0a5f8a317ab6c8454377569829c5b,2040,,4972088
-8575663.22087712,4710684.84327429,11001602_11033862,11001602,2615.6640625,16TH ST NW & EUCLID ST NW,13,bfed15f6155e34c60d2c0c67bc395e5f,5088,,4972089
-8574611.93757471,4707954.63391586,11001102_11053492,11001102,1046.82897949,11TH ST NW & L ST NW,,8438bbcca0006652cd23f9db69e707d2,2109b,,4972092
-8575531.65373298,4710691.31429471,11001502_11033862*1,11033862,1113.59204102,EUCLID ST NW & 15TH ST NW,13,6ae5594a7aa6e487cb2210813b13c93a,5077,,4972105
-8573877.49726005,4711297.83656447,11000502_11043742_11060582A_11060582A_11060582A_11060582A_36005342_36005352,11000502,2861.52587891,5TH ST NW & HARVARD ST NW & MICHIGAN AVE NW & Ramp-36005342 & Ramp-36005352,13,4cdad4a7a24936f1540c04680bc915ae,5014,,4972116
-8570133.57430657,4707546.38361804,12036722_12047772,12036722,2197.14599609,FLORIDA AVE NE & I ST NE,13,e8a73dced51d5b191453545cb117323d,3446,,4972117
-8573402.79374384,4707119.78655798,11000402_11038612,11038612,530.88299561,G ST NW & 4TH ST NW,13,00dcb5f44c05f3d301731acadde682b5,2026,,4972123
-8574898.26258598,4710102.78215076,11001302_11090152,11090152,1610.23400879,W ST NW & 13TH ST NW,,514bf075f169b059602bb30709d007ca,5052,,4972133
-8575652.63262552,4715842.04950461,11001602_11061492,11001602,6615.76904297,16TH ST NW & MONTAGUE ST NW,13,42646d6ee1187fe52a2dfa8a7670b5e9,5203,,4972135
-8572610.22855602,4707203.8080882,11038612_12038612_15065322,12038612,0,G ST NE & G ST NW & NORTH CAPITOL ST BN,,b24e239c9c247f6b61057b916329c319,2250,,4972148
-8575346.86235769,4706844.08072082,11001502_11009682_11069812,11069812,2273.11206055,PENNSYLVANIA AVE NW & 15TH ST NW & ALEXANDER HAMILTON PL NW,13,af9b95744372421fb499bb247d7faa71,1029,,4972162
-8575157.92867461,4707271.7782345,11001402_11064672,11001402,1095.24499512,14TH ST NW & NEW YORK AVE NW,13,7dd9d86bc7747c3efeba6b3a75bf00fb,1020,,4972179
-8574907.35128441,4714263.83879428,11001302_11028212,11028212,1257.22399902,DECATUR ST NW & 13TH ST NW,,5a13f942ad8663dd0d2c1b45de1e5768,5031a,,4972206
-8573822.42921314,4715707.10627785,11000502_11061362,11000502,5117.95605469,5TH ST NW & MISSOURI AVE NW,13,1fa535785f72399a3c70d16eb5dff61e,5017,,4972213
-8567144.71501667,4711541.80636755,12015992_58015132_58018032,12015992,3864.53393555,BLADENSBURG RD NE & Driveway-58015132 & Driveway-58018032,13,462bb094a3805d940a601347f7cb041e,3461,,4972226
-8566378.6119645,4705894.31842927,12061162_13061162_15031912,12061162,0,MINNESOTA AVE NE & MINNESOTA AVE SE & EAST CAPITOL ST BN,,0d88c82e2b1e703df5263cad0bfb3258,4179,,4972254
-8572455.40876471,4697381.50902892,13017482_15081252,15081252,6912.15087891,SOUTH CAPITOL ST BN & BRANDYWINE ST SE,13,e04a3f1dab729827878a4a101c9134e0,1390,,4972259
-8573708.16800314,4707482.08033483,11000502_11047772*1,11000502,672.77099609,5TH ST NW & I ST NW,13,3a4b2a7019cd6ae0d2e0484c38b7de93,2035b,,4972295
-8562906.25917549,4707124.8457133,12005502_12063252,12063252,2086.9230957,NANNIE HELEN BURROUGHS AVE NE & 55TH ST NE,13,abbf6eeac01bce72e9c07ff3269c9869,4075,,4972308
-8577873.56207841,4707103.40792088,11034382_11076632,11076632,1145.42004395,ROCK CREEK AND POTOMAC PKWY NW & F ST NW,13,422d48fcdb59563425cb6a6a6eb34fff,1241,,4972316
-8571548.15800479,4710238.08701401,12000502_12075462,12000502,2702.14404297,5TH ST NE & RHODE ISLAND AVE NE,13,37d91fcce74dc6af4b1d05d679289306,3445,,4972323
-8575448.68519356,4708493.56683135,11001502_11075462,11001502,2193.42504883,15TH ST NW & RHODE ISLAND AVE NW,13,817cd25d0fec850fe8b6c511304ee6f9,1045,,4972334
-8570299.19936678,4707091.95788551,12001302_12059472,12059472,1467.06201172,MARYLAND AVE NE & 13TH ST NE,,8d9cf8958b089a368ac357d8182807ea,3106,,4972340
-8568726.09695348,4707144.63796579,12002102_12015342,12015342,824.32397461,BENNING RD NE & 21ST ST NE,13,6502678282234f56dc28ce8c7c348b84,3132,,4972349
-8573319.88371158,4708393.57031592,11063182_11064282,11064282,1747.82104492,NEW JERSEY AVE NW & N ST NW,,1c560002a6c2eb591f4b285dc37d39fd,3253,,4972350
-8571664.63104748,4706977.42445713,12000402_12034382,12000402,835.58001709,4TH ST NE & F ST NE,,b59e25b0425761a14ef3b4821024443e,3059,,4972357
-8574727.11865533,4708950.13906572,11001202_11072862,11072862,1481.32495117,Q ST NW & 12TH ST NW,,21a95526a59385b7f4bd48d53afeec20,2128,,4972362
-8577190.97166828,4707796.05617495,11002302_11091262,11002302,1307.37695313,23RD ST NW & WASHINGTON CIR NW,13,4414c3960deea94366981a0facd2c47d,1196,,4972371
-8574610.90917225,4708949.46548528,11001102_11072862,11072862,1390.78295898,Q ST NW & 11TH ST NW,13,70ce8103501fd6e26b225162b07110fd,2112,,4972374
-8576230.92896917,4708282.68041327,11001802_11025152_11049852,11025152,614.02001953,CONNECTICUT AVE NW & 18TH ST NW & JEFFERSON PL NW,13,35db0e61b60f9c144a2b2d45823e2300,1084,,4972378
-8568060.49911504,4701482.31594661,13009362_13063502,13063502,1764.38696289,NAYLOR RD SE & ALABAMA AVE SE,13,81daf17ef8cc579d9c4132587255070b,4099,,4972389
-8576453.38517161,4708651.12742013,11001902_11031202,11001902,1884.7869873,19TH ST NW & DUPONT CIR NW,13,ee0c4132cb837fa0a5c568450790a43c,1195a,,4972392
-8572608.34155416,4715400.10958415,15065322_36003682_47021272,36003682,78.40599823,Ramp-36003682 & NORTH CAPITOL ST BN & Alley-47021272,13,221490ea7cd0f9876b0832f8b6872107,5201d,,4972405
-8575649.03126744,4718072.76593632,11001602_11009422,11001602,8345.34179688,16TH ST NW & ALASKA AVE NW,13,d1108cdcc630903ce3165eae2e130d42,5081,,4972416
-8573791.97722703,4714811.37178407,11000502_11039062,11000502,4422.84277344,5TH ST NW & GALLATIN ST NW,13,94db197fc4ddd7b46f83ea19d42dbefe,5013,,4972420
-8580178.413782,4711510.32207687,11003902_11020992,11020992,2375.12011719,CATHEDRAL AVE NW & 39TH ST NW,13,cc6e4dcf3288ff0279ec37017bf6a809,6035,,4972423
-8571664.46194137,4710711.96634574,12000402_12030222,12000402,3455.70092773,4TH ST NE & DOUGLAS ST NE,,8e052f9dbfd5aa934c41487755ff1f8c,3255,,4972436
-8578968.23456785,4709185.20201944,11075332_11094052,11075332,168.87600708,RESERVOIR RD NW & WISCONSIN AVE NW,13,b84950d9c393ea569a3d801017de8a5f,6078,,4972459
-8575886.71630928,4708296.11949475,11001702_11075462,11001702,1981.89501953,17TH ST NW & RHODE ISLAND AVE NW,13,d4a397d0b26ac877920cb31daab93e51,1082,,4972476
-8576794.93229464,4707118.58957627,11002102_11038612,11038612,2500.11694336,G ST NW & 21ST ST NW,13,0bd781821208dd3c2bf5a40cb36f66ca,1135,,4972493
-8575244.27357496,4713197.25041433,11001402_11084892,11084892,1593.08898926,TAYLOR ST NW & 14TH ST NW,13,73435d5fb8f812ed226b15ebaa9a88f0,5235,,4972494
-8579147.92642244,4709613.3918082,11003402_11094052,11003402,1270.38598633,34TH ST NW & WISCONSIN AVE NW,13,7777ca5c109f19f0fa206407796f4488,6030,,4972502
-8576383.36263411,4708667.65114135,11031202_36004172,11031202,57.51499939,DUPONT CIR NW & Ramp-36004172,13,c7cb5b33ab7a80779c1714f3a80681ea,1195b,,4972513
-8572610.44910133,4705049.83120137,13020282_14091201_15081252,15081252,414.15499878,SOUTH CAPITOL ST BN & WASHINGTON AVE SW & CANAL ST SE,13,1e016525e66d0e42e257d552c2ddbb05,2258,,4972543
-8573399.86800239,4715529.38207246,11000302_11061362,11000302,4124.56689453,3RD ST NW & MISSOURI AVE NW,,964c2da2476a4360bde0960d19edecd9,5006,,4972582
-8564891.62202765,4702957.60703088,13059602_13081512,13081512,7073.26904297,SOUTHERN AVE SE & MASSACHUSETTS AVE SE,,b136f5362c8a42cc99c54ad560a44631,4154,,4972588
-8572636.26844274,4715455.9577111,11052062_11064222,11064222,5702.93505859,NEW HAMPSHIRE AVE NW & KENNEDY ST NW,13,bbb8488dcfaec151c15c9379ccdb49f2,5201a,,4972593
-8570903.65948385,4710386.76342644,12091402_58023472_58026062,58026062,0,Driveway-58026062 & WASHINGTON PL NE & Driveway-58023472,,8464520802c424fe6afe50d60f155d38,3453,,4972617
-8574898.33218784,4707117.32234569,11001302_11038612,11038612,1527.74597168,G ST NW & 13TH ST NW,,5a5bae94b542fc4affc99b77940d7035,2134,,4972667
-8574383.31998766,4713198.33600194,11000902_11084892_71000902,11084892,922.57501221,TAYLOR ST NW & 9TH ST NW & 9TH ST WALKWAY NW,13,d02ae90d46f9d299bb8a63690216471b,5257a,,4972680
-8575164.43727957,4710567.19441824,11001402_11024112*1,11024112,431.38699341,CLIFTON ST NW & 14TH ST NW,13,ec9cd0e5262f868ee5cc07b2f6738340,5054a,,4972683
-8575644.83997205,4708423.28256642,11078712_21001603_36005212,21001603,124.98500061,16TH ST NW Service Rd & SCOTT CIR NW & Ramp-36005212,13,b041574e41b0a7ac9c21528e4b1a1056,1059c,,4972698
-8574039.6503957,4705747.81723448,14000702_14049792,14000702,99.03099823,7TH ST SW & JEFFERSON DR SW,13,8a2a5ef36df9128e5953f61146213c07,1209,,4972717
-8564114.79564558,4708956.50114972,12004722_12031982_12067082,12004722,0,47TH AVE NE & EASTERN AVE NE & OLIVE ST NE,13,83290e5ea547b9a69d81bc531ee80037,4207,,4972718
-8567679.44412063,4703223.73280496,13003002_13069812,13069812,3833.74707031,PENNSYLVANIA AVE SE & 30TH ST SE,13,3eadd2d53012060439bb71dabd26870b,4142,,4972727
-8573817.50656947,4706225.24641453,11000602_11025352,11000602,0,6TH ST NW & CONSTITUTION AVE NW,13,c5ddaf5c3a28fac36924d8f1405032c2,2039,,4972749
-8565408.4501152,4707754.4358225,12051802_12063252_36005412,12051802,1521.21203613,KENILWORTH AVE NE & NANNIE HELEN BURROUGHS AVE NE & Ramp-36005412,13,73e78134291226e7b3cb1041ec0eb98c,4194,,4972790
-8571537.66937838,4708317.90334011,12000502_12036722,12036722,949.92401123,FLORIDA AVE NE & 5TH ST NE,13,db8eab1334b4f4d7cad137eb00b138ba,3067,,4972804
-8576428.75988188,4711360.0902473,11009102_11043742_36000172_58016382,11043742,2032.09594727,HARVARD ST NW & ADAMS MILL RD NW & Ramp-36000172 & Driveway-58016382,13,4e6ba8eabad73b6a60a68883d654873f,6053,,4972814
-8563825.44551696,4705894.4235107,13021582_15031912,15031912,5808.20800781,EAST CAPITOL ST BN & CENTRAL AVE SE,,d46f6037eaeaa75f3737b9e1388cfafa,4173,,4972833
-8575186.98965092,4708208.20840982,11044812_11085732_21059603,11044812,0,HIGHLAND TER NW & THOMAS CIR NW & MASSACHUSETTS AVE NW Service Rd,13,45f02019e34e1be8ceba8ca22d2d81cf,1365,,4972851
-8581475.59252551,4709710.43572688,11037892_11093082,11037892,1487.85900879,FOXHALL RD NW & WHITEHAVEN PKWY NW,13,c2bc1652aa8235a4eac10e1a2cf46965,6164,,4972880
-8574038.58658572,4709899.27923232,11040042_11088462_58015992,11088462,843.45202637,V ST NW & GEORGIA AVE NW & Driveway-58015992,13,dcd007ff2857c2273da18d945d9d5fbd,5146,,4972883
-8573361.41399331,4715301.25263644,11049922_11051352,11049922,364.34100342,JEFFERSON ST NW & KANSAS AVE NW,13,3764c6c0d04226408e403891d79c8c1f,5004a,,4972897
-8569069.14989216,4705583.53130764,13001902_13047972_23047973,13001902,245.26400757,19TH ST SE & INDEPENDENCE AVE SE & INDEPENDENCE AVE SE Service Rd,13,5936623320c6e4ed93bd9d023f2e1554,4055,,4972931
-8572607.61742791,4710406.72478361,11018722_12018722_15065322,12018722,0,BRYANT ST NE & BRYANT ST NW & NORTH CAPITOL ST BN,,f324a32602a939fab016e4d78e2e4ec6,5193,,4972948
-8574730.87474114,4705580.28339704,14001202_14047972_36004232,14047972,1652.97802734,INDEPENDENCE AVE SW & Ramp-36004232 & 12TH ST SW,13,e5cacb0b80c4f9e28d294958e95f077b,1219,,4972949
-8575662.8939737,4711153.52286123,11001602_11024632_11062532,11001602,2979.26708984,16TH ST NW & COLUMBIA RD NW & MOUNT PLEASANT ST NW,13,6bc6ee0bbbb59195195d1911c1fed411,5091a,,4972962
-8571664.69986707,4707718.21179568,12000402_12050892,12000402,1410.49304199,4TH ST NE & K ST NE,,c3d95d96413c9795e5b1badc19835cb0,3062,,4972964
-8571828.35057931,4705509.03361637,13000302_13069812,13069812,142.13299561,PENNSYLVANIA AVE SE & 3RD ST SE,13,38234746264393ef7148f700b1e16a0a,4008,,4972980
-8570822.13654273,4712431.90327896,12001002_12060582A,12060582A,211.05099487,MICHIGAN AVE NE & 10TH ST NE,13,06b818c99bc401b51c14c0febb2b9fd7,3159,,4972987
-8574041.4612634,4710218.48492536,11018722_11040042,11040042,414.02200317,GEORGIA AVE NW & BRYANT ST NW,13,01c0b4d5b36ee5cd98839b3ca8b9d667,5118,,4973003
-8573123.71201119,4707387.78391319,11000202_11042442,11042442,400.48901367,H ST NW & 2ND ST NW,,e3f1bbbf4757c5205352eefd15319d8d,2013,,4973007
-8574039.62181603,4704780.18468806,14000702_14020362_36002812,36002812,0,Ramp-36002812 & 7TH ST SW & CAPITOL SQUARE PL SW,13,4b24277b403fb7c223faf3a7d3018941,1210,,4973011
-8579808.54595665,4714821.03374607,11027492_11063762,11063762,2977.90893555,NEBRASKA AVE NW & DAVENPORT ST NW,14,aacda2fd12af6d0b2bcb672a1ab72cce,6251,,4973013
-8572955.9250869,4707718.59802598,11000102_11050892,11050892,269.48800659,K ST NW & 1ST ST NW,13,285fecec91b5f0702bdcb793987f3ce7,2007,,4973026
-8574729.56361081,4704903.08199325,14001202_14058502A,14058502A,0,MAINE AVE SW & 12TH ST SW,13,6b27bd3835ee0a999a10816ab5b72797,1218,,4973027
-8566610.01094458,4702241.46660338,13003632_13009362,13003632,228.60499573,36TH PL SE & ALABAMA AVE SE,13,2ea32e01f6ee7a2ed925915fba90ea3f,4232a,,4973033
-8574269.12262244,4708950.05110005,11000902_11072862,11072862,1227.27294922,Q ST NW & 9TH ST NW,13,6f2a7ea156640a8a6b78dbc58096a30f,2081,,4973045
-8573425.34293608,4706183.31492992,11025352_11069812,11069812,352.00201416,PENNSYLVANIA AVE NW & CONSTITUTION AVE NW,13,79df1f16a2628e1d3dac7f75ec231169,2201,,4973054
-8573816.37148444,4706978.10595809,11000602_11034382,11000602,584.45098877,6TH ST NW & F ST NW,13,73e35fbe70f0e92530e124fab0eb3463,2042,,4973063
-8576240.44851021,4708650.36126495,11001802_11059602,11059602,2838.08398438,MASSACHUSETTS AVE NW & 18TH ST NW,13,8aac86e880ac8396a3b61914ac9197fb,1095,,4973072
-8574594.79550752,4704701.76707396,14001202_14058502,14058502,832.15600586,MAINE AVE SW & 12TH ST SW,13,62ddca0db07322af5cf2cf0ea4afdc67,2277,,4973098
-8570884.44166921,4698609.04857002,13061292_13092882,13092882,545.81896973,WHEELER RD SE & MISSISSIPPI AVE SE,13,f51a10ea9792f6f3b774c20fe7134a39,4164,,4973109
-8572787.79088788,4706493.04372608,11057132_11064282,11064282,215.34300232,NEW JERSEY AVE NW & LOUISIANA AVE NW,,e3c81f7f980314b7b0758e97f6fa0f55,2154,,4973125
-8564237.73216711,4703614.22753333,13004602_13016902_13081512,13004602,1392.4630127,46TH ST SE & BOWEN RD SE & SOUTHERN AVE SE,13,9159f2214e08ba8ccfa7f97d6b383798,4151,,4973130
-8574250.58065189,4712082.48040188,11040042_11068902*1,11068902,449.91000366,PARK RD NW & GEORGIA AVE NW,13,a9d10d8137a6a8ff5682dc01db30f9d8,5140,,4973132
-8569068.08110341,4698777.14478664,13081512_13088732*1,13081512,2945.61889648,SOUTHERN AVE SE & VALLEY TER SE,13,dd7aeacd1b7054c5b7ce98888e7f8ac5,4205,,4973143
-8576794.38818591,4707547.193201,11002102_11047772_11069812,11069812,3462.58300781,PENNSYLVANIA AVE NW & 21ST ST NW & I ST NW,13,5fe5dd6d04a06f682c3aa91051980edc,1137,,4973152
-8578990.89095922,4711296.84979632,11003402_11039522,11039522,985.03497314,GARFIELD ST NW & 34TH ST NW,13,6635c842a11b42906c217c7da475646c,6023,,4973172
-8572713.54121302,4706225.80681791,11025352_11064282,11064282,0,NEW JERSEY AVE NW & CONSTITUTION AVE NW,,2c41ae5a681a92300cfc3b7bebae8b78,2147,,4973183
-8569296.24450087,4707274.34450236,12001702_12015342,12015342,368.69699097,BENNING RD NE & 17TH ST NE,13,759352dd6ee308a14f4368ad4bce80d9,3116,,4973192
-8573816.95024956,4707870.28252315,11000602_11064672,11000602,1276.87194824,6TH ST NW & NEW YORK AVE NW,13,d7a7469c77c590f694b4ddea9ce15da2,2047,,4973195
-8574269.94670714,4706482.79523347,11000902_11069812,11069812,1050.11999512,PENNSYLVANIA AVE NW & 9TH ST NW,13,5c715297f98fe77df73fde8ed1dfc505,2080,,4973206
-8576240.06355961,4707894.09501492,11001802_11053492,11001802,1292.79504395,18TH ST NW & L ST NW,,372540e02e43ea4389b1033f63284126,1093,,4973209
-8568125.19681293,4711452.4648381,12020542_12081442,12081442,1681.58203125,SOUTH DAKOTA AVE NE & CARLTON AVE NE,13,6711ef6c09583a9fbb932b292a480d82,3205,,4973221
-8569157.38324969,4713966.24610765,12031982_12060582,12060582,3666.04003906,MICHIGAN AVE NE & EASTERN AVE NE,13,1fec8615d5ec05c547a9476cd261be26,3165,,4973225
-8572954.18654183,4709608.25480647,11000102_11075462,11000102,2710.1340332,1ST ST NW & RHODE ISLAND AVE NW,13,cef1b5531f24b0673dac9ba1bf9d9505,3007,,4973226
-8572335.40625845,4704960.72688029,13031332_13064282_13065392,13031332,214.52099609,E ST SE & NORTH CAROLINA AVE SE & NEW JERSEY AVE SE,13,5e586e86d09a0ecaa6a6432d3e876d05,4003,,4973231
-8572953.75874181,4705579.91819996,14000102_14047972,14047972,267.85699463,INDEPENDENCE AVE SW & 1ST ST SW,,088920c21bce505a91c15184549bed31,2173,,4973251
-8570334.86519085,4702698.9991299,13059032_13059452,13059032,290.79098511,MARION BARRY AVE SE & MARTIN LUTHER KING JR AVE SE,,d19fcc4a409ff3fa37035e209e6f93e5,4118,,4973269
-8571664.54089592,4711019.84175591,12000402_12038092,12000402,3694.55102539,4TH ST NE & FRANKLIN ST NE,,bc38168e99aba01eb09862f663c4409e,3228,,4973282
-8575449.28306465,4708166.33386542,11001502_11057852,11057852,2089.95605469,M ST NW & 15TH ST NW,13,2969bbc06408ccc52bb761a59ad8b078,1040,,4973284
-8572195.14282838,4709946.71912713,12075462_12083592_12088462,12088462,309.95199585,V ST NE & RHODE ISLAND AVE NE & SUMMIT PL NE,13,8490517847b9e9229f28e9f59051424f,3036,,4973285
-8569860.08285234,4702587.1207431,13059032_13061162,13059032,671.00097656,MARION BARRY AVE SE & MINNESOTA AVE SE,,b0ebfbf4a1815543c9d6e0a40af9aec6,4119,,4973300
-8571431.54164861,4704481.09596795,13000602_13089892,13000602,1102.47998047,6TH ST SE & VIRGINIA AVE SE,13,905a36dbd326bf89f14a37b00fe93d1d,4020,,4973335
-8575157.78635317,4709790.29661603,11001402_11087232,11087232,1596.60803223,U ST NW & 14TH ST NW,13,1c17f0b62ba1344e3cc10c41da9f6285,1028,,4973358
-8571874.99968279,4706611.9305255,12026912_12059602,12026912,572.6920166,D ST NE & MASSACHUSETTS AVE NE,13,ad8cf1feecee94155898b99ff99f2dc3,3051a,,4973360
-8574494.28812757,4706226.11786264,11001002_11025352,11001002,0,10TH ST NW & CONSTITUTION AVE NW,,ee5736a76b66cf08097014ab5c45fd51,2199,,4973361
-8575157.87936576,4709688.90278601,11001402_11090542,11090542,201.89500427,WALLACH PL NW & 14TH ST NW,13,88e20e8b6c7d94b18b5d86ed1f07c1fe,1386,,4973370
-8564648.35515346,4705895.69347676,12015342_13015342_15031912,12015342,4233.85400391,BENNING RD NE & BENNING RD SE & EAST CAPITOL ST BN,13,62f637379c75db9c3643b4c25d2ad117,4178,,4973372
-8571607.62179993,4715964.52488428,12064872_12076052,12064872,417.70001221,NICHOLSON ST NE & RIGGS RD NE,,f2ecf0ea1b46ee651e84f0347d11efa7,5206,,4973389
-8573404.19172208,4707383.87988295,11000402_11042442_11059602,11042442,620.69897461,H ST NW & MASSACHUSETTS AVE NW & 4TH ST NW,13,d7a49743fa11be10b0ea9535aa434775,2027,,4973394
-8574727.08274147,4707974.2634515,11001202_11059602,11001202,1537.25805664,12TH ST NW & MASSACHUSETTS AVE NW,,d5dfdcf34565f851250af45a1c3c6b92,2125,,4973431
-8568258.79058134,4700643.16109029,13009362_13048752_13049502,13048752,524.60101318,IRVING ST SE & JAMES M MCGEE JR ST SE & ALABAMA AVE SE,13,ff6626c42d926820c291ef84c26848b0,4097,,4973442
-8575446.08734112,4709586.42507315,11001502_11084562,11084562,2122.60888672,T ST NW & 15TH ST NW,13,d8d9019d5c5ec0f6fcb972b23e18ba1f,1047,,4973460
-8575445.1503499,4709790.91329502,11001502_11087232,11087232,1820.48205566,U ST NW & 15TH ST NW,13,e6e09304618d6867724677395892b175,1048,,4973463
-8577179.13691454,4708111.46551497,11002302_11057852,11002302,1554.15795898,23RD ST NW & M ST NW,13,b92ddb5b1bcc9d4e3c15f99777bba847,1161,,4973467
-8574726.02840429,4707465.10320304,11001202_11064672,11001202,1142.125,12TH ST NW & NEW YORK AVE NW,,788fb48aa8800b5011dac2dc3c3df4ff,2126,,4973470
-8573293.35264072,4705363.01792971,14000302_14019822,14019822,401.59799194,C ST SW & 3RD ST SW,13,7dcd5cf621adf8f94768759485219b9c,2179,,4973472
-8572522.75045262,4715643.3701104,12016382_12064222,12016382,315.48800659,BLAIR RD NE & NEW HAMPSHIRE AVE NE,13,c5a9d9eec7029922bbab331169b84b10,5241,,4973494
-8571428.2921362,4706977.08818292,12000602_12034382,12034382,558.14398193,F ST NE & 6TH ST NE,,c97c5458ab6f8eec06c5779b21d8333f,3073,,4973526
-8572551.15983884,4709160.00146932,12055642_12074162,12074162,44.55899811,R ST NE & LINCOLN RD NE,11,dd61da280d5f3ad6ab32d6f8d6accc5d,3041a,,4973529
-8577180.36810802,4707642.829845,11002302_11091262*1,11002302,1307.37597656,23RD ST NW & WASHINGTON CIR NW,13,fc06db2863e5f250fa4a088f92845520,1197,,4973530
-8563993.67859918,4707160.29126594,12004902_12063252,12063252,1236.38500977,NANNIE HELEN BURROUGHS AVE NE & 49TH ST NE,13,818029f7e2bdde307a18c8f2fc79fc42,4074,,4973532
-8574269.39166254,4706970.73076806,11000902_11034382,11000902,851.65197754,9TH ST NW & F ST NW,13,0453b0df2d03c5b2e70b4eb1f83ea457,2070,,4973546
-8576827.53420481,4709308.5074626,11036722_11070002,11070002,0,PHELPS PL NW & FLORIDA AVE NW,13,836031ccd42c14ab3996eaa28f1ad58f,1368,,4973565
-8570299.72036538,4704394.74399794,13001302_13047772,13047772,1650.04003906,I ST SE & 13TH ST SE,,48c7548d3fcc525af54488dd795c6767,4043,,4973593
-8574429.22403851,4717365.48499685,11070522_11088792,11070522,1716.64501953,PINEY BRANCH RD NW & VAN BUREN ST NW,13,d0c29edfdb7c6dc01b4d5fae4f68338a,5165,,4973616
-8565941.59873924,4706662.50778961,12015342_12061162,12015342,3030.23095703,BENNING RD NE & MINNESOTA AVE NE,,0790b38e6cf42c98a26dbfd329f61a5c,4072,,4973619
-8577093.63930779,4708736.93813349,11002302_11068382,11002302,2061.17407227,23RD ST NW & P ST NW,13,fba7d986ddfaa52028c962d8a1f1f211,1163,,4973620
-8570906.28607241,4706215.94922213,12000902_12025352,12000902,244.99699402,9TH ST NE & CONSTITUTION AVE NE,,ac47defa54268a820167fd508a418b68,3087,,4973626
-8575177.21026473,4708117.45339399,11085732_11089442*1,11085732,237.14700317,THOMAS CIR NW & VERMONT AVE NW,13,4fd981b97edcb7edbb2fe40598e389c9,1027b,,4973655
-8575643.73444227,4720565.77870137,11001602_11024332_11031982_11065582,11001602,10277.84375,16TH ST NW & COLESVILLE RD NW & EASTERN AVE NW & NORTH PORTAL DR NW,13,17044f1a368bba12facf39a87aff4979,5238c,,4973683
-8571664.79404765,4706369.9413337,12000402_12019822_12059472,12059472,476.09899902,MARYLAND AVE NE & 4TH ST NE & C ST NE,,5b0f7040b8c39e61c873fc24b5526c4e,3055b,,4973701
-8574267.73757176,4709789.20412104,11000902_11036722_11087232,11087232,903.19799805,U ST NW & 9TH ST NW & FLORIDA AVE NW,13,b907ceccaec5936b06ae7c3f52123bfd,2085,,4973707
-8578657.27818755,4712704.49900679,11071632_47077362,47077362,193.59899902,Alley-47077362 & PORTER ST NW,13,14ff2e4e0a14c3ebc4f90e44df1dfe51,6162,,4973714
-8574726.69065601,4707117.62163668,11001202_11038612,11038612,1393.99304199,G ST NW & 12TH ST NW,,5dd2e7f6e9ed920c2f1a14d3b8bae4fb,2119,,4973724
-8575158.51414929,4705351.66084539,14001402_14019822,14019822,1344.60998535,C ST SW & 14TH ST SW,13,2159131dda6ad7b94572f93f2ef58e8f,1222,,4973728
-8576508.81322341,4706479.1830837,11019822_11089892,11089892,354.8380127,VIRGINIA AVE NW & C ST NW,13,6454a4aa1d8786f5e21b5bfe344b48b8,1103,,4973732
-8575345.71987672,4707549.2761532,11001502_11047772,11047772,1928.35900879,I ST NW & 15TH ST NW,13,90dd85f57a902179ad4c2f066b190b19,1035,,4973749
-8568705.2748237,4713512.7782477,12031982_12089112,12089112,2049.32104492,VARNUM ST NE & EASTERN AVE NE,13,f29cb762a1af97c6154c81aebe262b65,3150,,4973767
-8577186.68453576,4705518.8305039,14002302_14047972_14066822_36001302,14047972,3605.17700195,INDEPENDENCE AVE SW & 23RD ST SW & Ramp-36001302 & OHIO DR SW,13,0fcfd86b3f7006576767c7acbd5ef6aa,1227,,4973772
-8575453.72818088,4710095.26886533,11001502_11036722_11064222_11090152,11036722,2627.33105469,FLORIDA AVE NW & 15TH ST NW & NEW HAMPSHIRE AVE NW & W ST NW,13,f650d9b978e8fcd02049c8d485113d82,5079a,,4973817
-8577695.70630796,4708109.81838988,11002602_11057852,11057852,3849.77392578,M ST NW & 26TH ST NW,13,30ea1085414817fed25b519dabebfaff,1172,,4973827
-8572608.21094399,4715456.08950001,11052062_12052062_15065322,12052062,0,KENNEDY ST NE & KENNEDY ST NW & NORTH CAPITOL ST BN,13,89d321d2689f7ee58ac14351845a8e7c,5201b,,4973851
-8575623.86796501,4708396.01594921,11078712_36002592_36003412,36002592,57.26699829,Ramp-36002592 & SCOTT CIR NW & Ramp-36003412,13,1feedcd37ae88b39cced0d9b09a1396c,1059b,,4973852
-8574439.97824246,4710779.47148261,11033862_11080082,11033862,260.14498901,EUCLID ST NW & SHERMAN AVE NW,13,dd0f59a35b628a450607113aa66d0fcb,5169,,4973853
-8574898.49365677,4709586.52810439,11001302_11084562,11084562,1695.98803711,T ST NW & 13TH ST NW,,3ff323f17ce6d0b1acb0efe63e39c33e,2145,,4973855
-8572608.60654023,4708737.3978885,11068382_12068382_15065322,12068382,0,P ST NE & P ST NW & NORTH CAPITOL ST BN,13,5e611998d1935f1ba9666c6ae6b52ee9,3040,,4973856
-8566869.4779338,4705017.41309998,13003402_13033282_13061162,13003402,570.32299805,34TH ST SE & ELY PL SE & MINNESOTA AVE SE,13,b61cffc1a10801ed77464b3753e6905d,4135,,4973862
-8571665.25987983,4704958.91115225,13000402_13031332,13031332,736.88098145,E ST SE & 4TH ST SE,13,ecc8fda7488f58766d262ec94afd84f1,4010,,4973911
-8569780.70911457,4706612.40197533,12001502_12026912,12026912,2206.20092773,D ST NE & 15TH ST NE,13,e33424ba9c660a93b6560e8b006f25fb,3113,,4973921
-8571427.77783379,4707718.00563725,12000602_12050892,12050892,921.25500488,K ST NE & 6TH ST NE,13,6d3b09264fa72c0daff56caa3ced8541,3076,,4973959
-8580480.42081332,4712141.84222005,11057982_11059602,11057982,2135.06005859,MACOMB ST NW & MASSACHUSETTS AVE NW,13,f17466b19165b6a8492d90887927e1c8,6275,,4973969
-8574908.42353691,4710758.60244439,11001302_11033862,11033862,626.05200195,EUCLID ST NW & 13TH ST NW,,b4f823b305f68631b7dfb303ba888c0e,5035,,4973988
-8563016.66584086,4705893.16691286,12005502_13005502_15031912,15031912,6438.54101563,EAST CAPITOL ST BN & 55TH ST NE & 55TH ST SE,,e6ccdb4a1d685fa88d91b5e773e2e8b3,4175,,4973997
-8574494.2809928,4709373.21849076,11001002_11077672,11001002,2253.75292969,10TH ST NW & S ST NW,,1081ffa68c452105e95dccdd45e3018b,2100,,4974006
-8575157.95747646,4709949.76793765,11001402_11088462,11088462,1655.22497559,V ST NW & 14TH ST NW,13,440cd5c413c6a3f6c6cc586c60883a32,5073,,4974014
-8573122.72096933,4706611.42422484,11026912_11061392_36002542,11061392,0,MITCH SNYDER PL NW & D ST NW & Ramp-36002542,13,dc111eed249698877c2d88f078ac4a46,2011,,4974036
-8571941.69946567,4708165.96841448,12028662_12057852,12028662,621.97698975,DELAWARE AVE NE & M ST NE,13,934f18353cdd428b4093a3cdae5f33cb,3233,,4974043
-8574041.06501049,4706399.58265751,11000702_11069812,11069812,860.39398193,PENNSYLVANIA AVE NW & 7TH ST NW,13,3a8aca38973321198d6004f83726c74a,2066,,4974047
-8584039.98078919,4711684.42517174,11020212_11023502_11097372,11023502,0,CLARA BARTON PKWY NW & CANAL RD NW & CHAIN BRIDGE RD NW,14,a1837a908d97055a829552037fcee19a,6058,,4974059
-8566869.38677357,4706863.3614976,12003402_12015342_58012892,12015342,2289.58203125,BENNING RD NE & 34TH ST NE & Driveway-58012892,13,3a840e22d4966abbf2a85f46704fdab7,4067,,4974071
-8576599.52254811,4707549.96898537,11002002_11047772,11002002,919.97302246,20TH ST NW & I ST NW,,af7d2c6714fbc625e1606c5b666bcd73,1122,,4974076
-8575157.90749843,4708738.73408921,11001402_11068382,11001402,2156.23510742,14TH ST NW & P ST NW,13,5885a67de51314e974320adaaf162f44,1021,,4974081
-8569988.1628283,4705584.13170972,13001402_13047972,13047972,2043.64794922,INDEPENDENCE AVE SE & 14TH ST SE,13,12a2b0c005e15d9805affd3d3574b504,4046e,,4974099
-8574041.08079407,4708949.86379582,11000702_11072862,11072862,1049.60205078,Q ST NW & 7TH ST NW,13,67b492b4f962bd3e428afc7ea8f0b005,3024,,4974124
-8575788.74969619,4705489.20684835,14047972_64063402A*1,14047972,2504.86401367,INDEPENDENCE AVE SW & NATIONAL MALL TRAIL SW,,ee58ebcb09cdb100a057b846dce28741,1250,,4974126
-8574268.81774741,4707136.44916559,11000902_11038612,11038612,1031.55895996,G ST NW & 9TH ST NW,13,edb798bb26c65165d313cb6fa4ba02bd,2071,,4974134
-8572592.63769792,4709770.15221191,12075462_25065323,25065323,753.02600098,NORTH CAPITOL ST NE Service Rd & RHODE ISLAND AVE NE,13,934d59ff4fe6fd521ec2c8193f4ed8b3,3043,,4974138
-8575657.67566478,4713350.04705753,11001602_11088012,11001602,4683.12695313,16TH ST NW & UPSHUR ST NW,13,78623bc051f7e05ad251b623f3ccd4e4,5105,,4974150
-8574728.06477789,4706978.56495142,11001202_11034382,11001202,764.51397705,12TH ST NW & F ST NW,,4bc47c3c8d2cc0e66aca6ecef7190227,2118,,4974156
-8574907.58825804,4713806.33812452,11001302_11009882,11009882,1311.16394043,ALLISON ST NW & 13TH ST NW,,d7946a4bcc10ab96eff230e72e2f806a,5251,,4974171
-8580330.68498604,4713981.17523376,11085182_11095222,11095222,1176.93005371,YUMA ST NW & TENLEY CIR NW,13,59561777ec79a4c36f6544499703f00b,6156b,,4974179
-8575887.91149387,4707719.57441417,11001702_11050892_21050891,11001702,1534.48498535,17TH ST NW & K ST NW Service Rd & K ST NW,13,85d9930e0539052b4001513959511122,1072,,4974187
-8574024.26201365,4718065.82340732,11021322_11070522,11070522,2345.43798828,PINEY BRANCH RD NW & CEDAR ST NW,13,08601bebf1694614bd300f5f1eae7f2f,5236,,4974194
-8575889.34217915,4707551.02675587,11001702_11025152_11047772,11001702,1403.67797852,17TH ST NW & CONNECTICUT AVE NW & I ST NW,13,d617b9067d2ee1c386e5c7f68993a0dd,1064,,4974197
-8573610.54671857,4711594.91779695,11048752_11068832,11048752,1034.78405762,IRVING ST NW & PARK PL NW,13,63784d5f07efdf15ed7e629afb2c9d5f,5161,,4974198
-8570983.58687285,4701928.16235987,13046732_36003592_58012282,58012282,50.39899826,Driveway-58012282 & HOWARD RD SE & Ramp-36003592,13,d6ad2d743366d53f5feab1abd3d22f02,4246,,4974205
-8574155.24405706,4709749.24002462,11000802_11036722,11036722,1372.38793945,FLORIDA AVE NW & 8TH ST NW,13,1cca1fa4dbe75d26afef2bdc0437b2ca,2279,,4974211
-8563994.43419296,4707794.1905137,12004902_12079952,12004902,1528.44995117,49TH ST NE & SHERIFF RD NE,13,ee8d0644e80711ed2729ca436d4b1f31,4085,,4974213
-8563096.09755715,4707930.59959405,12029642_12031982_12079952,12029642,1632.49304199,DIVISION AVE NE & EASTERN AVE NE & SHERIFF RD NE,13,0adf21b9bfd6075527b5c522eb16aca6,4086,,4974214
-8570836.85375668,4707930.86820197,12036722_12092622,12036722,1573.15405273,FLORIDA AVE NE & WEST VIRGINIA AVE NE,,a399fb96980f1ec59089851784184f8e,3151,,4974216
-8573818.36059922,4707568.77640708,11000602_11059602,11000602,1042.87695313,6TH ST NW & MASSACHUSETTS AVE NW,13,2a31abc00786f802bf3250a5e0529302,2049,,4974218
-8579748.47956688,4711297.14479832,11039522_11094052,11039522,1575.15795898,GARFIELD ST NW & WISCONSIN AVE NW,13,3a7442c05a3b3cb8b62f6d22413fb5ae,6138,,4974226
-8578987.39956255,4710838.33766886,11003402_11040762_11059602,11040762,258.19500732,GOLDSBOROUGH AVE NW & 34TH ST NW & MASSACHUSETTS AVE NW,13,35e28779f6fc3e63e31193902d268129,6026,,4974230
-8573635.62154896,4711730.28017695,11052322_11068832_61048752,11052322,235.30700684,KENYON ST NW & PARK PL NW & IRVING ST TRAIL NW,13,7ca1dabc0abe6c73ac141b5bd780b669,5160,,4974231
-8574610.75939185,4709790.5127639,11001102_11087232,11087232,1170.44299316,U ST NW & 11TH ST NW,13,5b5ace5bb823f2df5777a1ec26d22504,2115,,4974237
-8579857.4124278,4708142.56757333,11020212_11020222,11020212,235.18499756,CANAL RD NW & CANAL ROAD ENTRANCE NW,13,b107e7674c48dc5042c0ee2dbce2e420,6160,,4974255
-8581133.74138458,4712827.93712028,11063762_11090702,11063762,1207.18200684,NEBRASKA AVE NW & WARD CIR NW,13,269e703d094d5fcc478473e630650b8b,6157b,,4974270
-8570843.77928028,4698309.33025922,13088592_13092882,13092882,783.54199219,WHEELER RD SE & VALLEY AVE SE,13,e0af0c3922dae67451c39ec4bcff9173,4166,,4974284
-8572610.08871572,4706996.66966937,11059602_12059602_15065322,11059602,0,MASSACHUSETTS AVE NW & MASSACHUSETTS AVE NE & NORTH CAPITOL ST BN,13,16668a85716b3a2e27f7f70618514a50,2215,,4974316
-8581236.3532354,4715964.72246593,11004402_11092692,11004402,4277.89306641,44TH ST NW & WESTERN AVE NW,13,b5f1e66399394d868f9da652a712a69d,6046,,4974318
-8564833.45070541,4706146.75233741,12004402_12015342,12015342,3986.7109375,BENNING RD NE & 44TH ST NE,13,5f26d11e4f0d3cf6806caac9bfb87917,4070,,4974323
-8580931.55616237,4715518.5993516,11043552_11094052,11043552,1176.18200684,HARRISON ST NW & WISCONSIN AVE NW,13,c4923f25993769ee6d7154898fe5db73,6140,,4974372
-8577323.75499482,4708111.17085385,11002402_11057852,11002402,819.92401123,24TH ST NW & M ST NW,13,4adb433d630bce95d7666ed3bc1c6680,1168,,4974375
-8576740.22532566,4709415.62330138,11025152_11036722,11025152,1578.6550293,CONNECTICUT AVE NW & FLORIDA AVE NW,13,a7f4b794ccf552ada58a98da9029c298,1144,,4974386
-8575687.29684818,4711238.32490259,11010792_11062532,11062532,68.47799683,MOUNT PLEASANT ST NW & ARGONNE PL NW,13,5438dd56eb6be6ba1f3e6639a6483629,5092a,,4974405
-8575157.7796877,4708394.21237325,11001402_11063182,11001402,1888.89404297,14TH ST NW & N ST NW,13,3ab1b9ca9491a3407458057065766fb6,1019,,4974415
-8569780.77682586,4705585.23027502,13001502_13047972_36000692,13001502,244.23599243,15TH ST SE & INDEPENDENCE AVE SE & Ramp-36000692,13,06b8ab45aab06451774c32a7295758c8,4046a,,4974418
-8571992.29710263,4705900.92871789,12000202_13000202_15031912,15031912,208.31199646,EAST CAPITOL ST BN & 2ND ST NE & 2ND ST SE,,5e1896babe27682f6d4a5bb9e69659d0,4061,,4974419
-8569622.42968735,4702744.86551097,13001602_13061162,13001602,1458.76599121,16TH ST SE & MINNESOTA AVE SE,13,39f1ada9358ba8a5670fbaba99602f33,4229,,4974424
-8574908.20925409,4711840.09838062,11001302_11068902,11068902,992.17102051,PARK RD NW & 13TH ST NW,,33a782bc2348aec07568c2e374e7932f,5047,,4974438
-8577027.35190113,4708950.85018976,11002202_11072862,11072862,3273.50292969,Q ST NW & 22ND ST NW,13,2f08ecd0382d0acc5367679014bda5b7,1153a,,4974445
-8574610.68122627,4708394.33446324,11001102_11063182,11063182,1517.24304199,N ST NW & 11TH ST NW,13,2c7d6a8054899da1e8397d9333c091a3,2246,,4974467
-8576655.67367168,4712110.05499589,11052972_11068902_11090482,11068902,2465.80908203,PARK RD NW & WALBRIDGE PL NW & KLINGLE RD NW,13,c4cfae2928af9df4e82a42cde0862bb2,6205,,4974479
-8576356.18552355,4708701.83558131,11031202_11059602*1,11031202,92.0059967,DUPONT CIR NW & MASSACHUSETTS AVE NW,13,8be80f77e05259df8669b756a463c2dd,1195c,,4974484
-8578412.05760688,4708101.12074172,11003102_11057852,11003102,288.30499268,31ST ST NW & M ST NW,13,34a6cf1d148812ee2aa38863b5393c14,6016,,4974485
-8569459.64471282,4706400.29983419,12001702_12019822,12019822,2517.44189453,C ST NE & 17TH ST NE,13,2c66797161d7c195f4e8a63eea9fa25d,3118,,4974492
-8576175.92371105,4705489.43602506,14047972_36002752,14047972,2806.62304688,INDEPENDENCE AVE SW & Ramp-36002752,13,a254b7f2ff93dd48cb0b62a409304f4c,1004,,4974500
-8574610.58356167,4707332.39240995,11001102_11042442,11042442,1651.63903809,H ST NW & 11TH ST NW,13,94fc78c56af897d45c1cea1887df69ce,2105,,4974502
-8567722.88615026,4710959.36657585,12015992_12081442,12081442,1186.92895508,SOUTH DAKOTA AVE NE & BLADENSBURG RD NE,13,ce0cbea5d9ff3344ef1ef8836fe1b00c,3146,,4974505
-8574268.48722492,4706225.75988259,11000902_11025352,11000902,273.35299683,9TH ST NW & CONSTITUTION AVE NW,13,7bde8540bfc8cd8c277518c9ac127ba6,2037,,4974510
-8569782.41353052,4704436.06261444,13001502_13069812,13069812,1941.36999512,PENNSYLVANIA AVE SE & 15TH ST SE,13,60b99cb00e6167203ea1a575beb0d63c,4051,,4974521
-8569438.37381206,4713509.26105955,12060582_12089112,12060582,3248.91601563,MICHIGAN AVE NE & VARNUM ST NE,13,6e6e8a325b1dd3b442fdc29987a003cd,3163,,4974523
-8569262.69645082,4706400.44565591,12001802_12019822,12001802,0,18TH ST NE & C ST NE,13,0a902731bbedf0e47f91020ca6e207ea,3127,,4974526
-8570184.22040647,4705388.77491965,13052262_13081382,13052262,399.29598999,KENTUCKY AVE SE & SOUTH CAROLINA AVE SE,13,6842a7b8bf04caf8f5ba5fa20afd459b,4058,,4974549
-8574727.23634444,4708814.81723248,11001202_11075462_36000012_36001442,36001442,99.63600159,Ramp-36001442 & RHODE ISLAND AVE NW & Ramp-36000012 & 12TH ST NW,13,17766b176b7d23fa4b0179054616923f,2129,,4974560
-8572772.18090964,4706438.90531889,11019822_11064282,11064282,171.59899902,NEW JERSEY AVE NW & C ST NW,,76ccccc91d05b952fd78f6dc438dd60c,2091,,4974572
-8578227.6462387,4710026.04349557,11003002_11059602,11059602,4537.47998047,MASSACHUSETTS AVE NW & 30TH ST NW,13,2430c0bcc044195e0f255656743ea542,6013a,,4974580
-8573527.6350438,4697114.15981394,14022552_14058432_14068122,14022552,849.45202637,CHESAPEAKE ST SW & MAGAZINE RD SW & OVERLOOK AVE SW,13,fc5e5970564ad2f34bd29677986a2329,4169,,4974591
-8572354.24399603,4706775.0004566,12024732_12028662,12028662,448.66900635,DELAWARE AVE NE & COLUMBUS CIR NE,13,cd5664b3d69718e8be700b7900f81e33,2169,,4974604
-8574493.90184444,4707719.38340067,11001002_11050892,11050892,1465.81896973,K ST NW & 10TH ST NW,,3689680d3d760817f19c3821b58d2185,2092,,4974626
-8571665.5353099,4705900.84590475,12000402_13000402_15031912,12000402,0,4TH ST NE & 4TH ST SE & EAST CAPITOL ST BN,,01c1ef4fc4e902683747a9445f639f0a,4063,,4974639
-8574610.69908785,4708585.39994977,11001102_11065842,11065842,1548.19702148,O ST NW & 11TH ST NW,13,e995e7edd9c553fcf485102c3eb15347,2253,,4974643
-8571041.51189415,4704243.1171877,13000802_13089892,13000802,1286.62304688,8TH ST SE & VIRGINIA AVE SE,14,c681d21febb0f7887b203bc605f3f2a2,4029,,4974647
-8575551.0775784,4711124.88631891,11001502_11043742,11043742,1319.76904297,HARVARD ST NW & 15TH ST NW,13,bca6d8fcb0bd55e616027446a49c391a,5078,,4974649
-8570906.34781189,4706440.10891761,12000902_12019822,12000902,418.97799683,9TH ST NE & C ST NE,,61a3f6624f46e01960ed42a5e1615974,3086,,4974667
-8577036.08261973,4707457.59832908,11002202_11047772,11047772,3397.81591797,I ST NW & 22ND ST NW,13,ba7f86a6f93595a9cd74c2d33eaba6d7,1375,,4974668
-8576197.8834122,4711989.7065592,11001802_11068902,11068902,2087.0769043,PARK RD NW & 18TH ST NW,13,7db3c37feacb21816e58f1f36edabd84,5245,,4974670
-8572851.89606978,4707718.61142265,11000162_11050892,11000162,0,1ST TER NW & K ST NW,13,c09a7502eb3c653d3b65a6976dbbc809,2010,,4974702
-8572791.12170113,4702817.17996933,14000052_14077672,14077672,140.01199341,S ST SW & HALF ST SW,13,b4d12bba4be1900d0e9fc263b0754dbb,2281,,4974717
-8572953.39388835,4710406.75536259,11000102_11018722,11000102,3329.6640625,1ST ST NW & BRYANT ST NW,13,1d89dc09bc99263918c17deab5d7b9a4,5001,,4974721
-8572608.44796954,4709055.14157161,11073972_12073972_15065322,11073972,0,QUINCY PL NW & QUINCY PL NE & NORTH CAPITOL ST BN,13,51e431c47a4aa3457600151faf2e5662,3038a,,4974722
-8567783.65226203,4700901.18868247,13003002_13038742_13063502,13038742,916.92401123,GAINESVILLE ST SE & 30TH ST SE & NAYLOR RD SE,13,f4c423acec1be5cd35d53b983bed63af,4139,,4974733
-8572254.7814955,4703995.17051147,13000102_13057852,13057852,279.9039917,M ST SE & 1ST ST SE,13,81eb553aecf471154e77b516f49541a9,2209,,4974740
-8572948.15556311,4707212.75882556,11000102_11038612,11000102,849.08001709,1ST ST NW & G ST NW,13,5719cf2b0ebf657048ed0e324359dcdf,2009,,4974762
-8574269.64235079,4706614.33960054,11000902_11026912,11000902,575.03900146,9TH ST NW & D ST NW,13,a57df77acff2d16b0e1d9951b6f7df31,2068,,4974765
-8580213.32985664,4714212.96735016,11009492_11063762,11009492,2147.64794922,ALBEMARLE ST NW & NEBRASKA AVE NW,13,ba2d6564026ff123157be29c0d8c4c24,6037a,,4974798
-8575346.23898408,4707117.52727511,11001502_11038612,11038612,1876.78796387,G ST NW & 15TH ST NW,13,c4a3b08a664293daf74f64c87c69ba49,1033a,,4974809
-8568980.1754985,4707201.75007626,12001902_12015342,12015342,621.41601563,BENNING RD NE & 19TH ST NE,13,1ec8fa4bf32e690080fd3e8a82a3050d,3129,,4974818
-8576886.40272747,4708118.10065919,11057852_11064222,11057852,3218.33203125,M ST NW & NEW HAMPSHIRE AVE NW,13,adfd06043d1a3108ecc0d14a1e6b1f71,1185,,4974821
-8570300.88484287,4705899.02078974,12001302_13001302_15031912,12001302,0,13TH ST NE & 13TH ST SE & EAST CAPITOL ST BN,,dd333756efdb78d519314d897c7bb5c5,4220,,4974829
-8579680.39650395,4714212.43977982,11009492_11075272,11009492,1732.63500977,ALBEMARLE ST NW & RENO RD NW,13,d9b5bc37e634e012cc7ee68ac0ae65f8,6122,,4974832
-8575321.77121675,4715444.46073157,11001402_36000272,36000272,0,Ramp-36000272 & 14TH ST NW,13,9f72bdacf266bdeb6a2ce817ddc64ed8,5065b,,4974840
-8574039.59816629,4704681.24665342,14000702_14038612,14000702,926.96002197,7TH ST SW & G ST SW,13,6d5acfabcb553bfe93705ecb6a0f2f2a,1207,,4974856
-8575159.04396462,4705987.90728054,11001402_11058242,11001402,98.73999786,14TH ST NW & MADISON DR NW,13,489fa92a47505c920449d2f65d103ed8,1018,,4974877
-8570116.64973863,4707537.04414205,12036722_12067922,12036722,2212.1940918,FLORIDA AVE NE & ORREN ST NE,13,db1a790f3ac6f0b029942df51e066e4e,3446,,4974909
-8570657.99480166,4705361.10585492,13001102_13019822,13019822,1336.77404785,C ST SE & 11TH ST SE,13,468dac9da8da872b1e40b27d6c98d7fb,4034,,4974915
-8575649.77666587,4717335.45251608,11001602_11088792,11001602,7773.71191406,16TH ST NW & VAN BUREN ST NW,13,a14cb287150d9e45d2345871abf8d64d,5107,,4974935
-8579815.64288508,4712693.55624527,11071632_11094052,11071632,2113.38793945,PORTER ST NW & WISCONSIN AVE NW,13,a764f4160b9ffdcb7e6496a7cd0163cc,6148,,4974936
-8571471.62789625,4715112.63001411,12048422_12081442,12081442,5544.14990234,SOUTH DAKOTA AVE NE & INGRAHAM ST NE,13,8131665f625b4b1f52375e609c7c1e84,5279,,4974948
-8578991.49629351,4712150.3098621,11003402_11057982,11057982,973.92401123,MACOMB ST NW & 34TH ST NW,13,8f93b66a5da58abe2aa35eac036a1af9,6025,,4974971
-8572510.68415606,4706218.70219145,12025352_12028662_58011732,12028662,0,DELAWARE AVE NE & CONSTITUTION AVE NE & Driveway-58011732,13,b352d937149d40c720063e6eaa67e792,2167,,4974975
-8574038.95363586,4706225.56654646,11000702_11025352,11025352,941.97497559,CONSTITUTION AVE NW & 7TH ST NW,13,191ed8e0b8aad4293c9f0d15d87d204d,2052,,4974985
-8569742.30121854,4700680.52016123,13082352_13083422,13083422,2623.98999023,SUITLAND PKWY SE & STANTON RD SE,,5bf73113ddbd196f37a52c1a9abfe82e,4196,,4974992
-8577096.81194571,4707685.9325037,11069812_36003822_36003882,11069812,3721.69091797,PENNSYLVANIA AVE NW & Ramp-36003822 & Ramp-36003882,13,357235c427de22588d500975ee734470,1196,,4975011
-8575322.06029171,4715402.48022788,11001402_11024502_11052062,11024502,1732.94995117,COLORADO AVE NW & 14TH ST NW & KENNEDY ST NW,13,b0ab7fed2762b6c12f9c44f80ecbd48f,5065,,4975020
-8576598.98332395,4708167.80042293,11002002_11057852,11002002,1399.43505859,20TH ST NW & M ST NW,,b926f552dc286cbc9241e13ace25aa86,1125,,4975022
-8570515.72621075,4706979.65747891,12001202_12059472,12059472,1277.14599609,MARYLAND AVE NE & 12TH ST NE,,baa552d7e859906ebdaa4bb3133fcb0f,3098,,4975025
-8575713.05065521,4711119.16298934,11024632_11043742_36001162_36001172,36001162,0,Ramp-36001162 & COLUMBIA RD NW & HARVARD ST NW & Ramp-36001172,13,0db0b1dad0106145386d64f5b0012206,5091b,,4975026
-8572610.18241946,4705583.37237676,13047972_14047972_15081252_58002142,58002142,46.31299973,Driveway-58002142 & INDEPENDENCE AVE SE & INDEPENDENCE AVE SW & SOUTH CAPITOL ST BN,13,8c42f6be7ca13ed403015c0e638f273f,2227,,4975050
-8574493.52886808,4706978.76355944,11001002_11034382,11001002,584.26300049,10TH ST NW & F ST NW,,10942acc2b057fe24a5adc34d30653ea,2088,,4975059
-8579644.34384039,4715068.41473119,11063762_11075272,11063762,3208.45898438,NEBRASKA AVE NW & RENO RD NW,13,dad606a06ae6d77afb1050ead3898e55,6118,,4975085
-8571827.93566237,4707387.70268991,12000302_12042442,12000302,1153.93103027,3RD ST NE & H ST NE,,69bf16a753c5cdaf739caf9394144a85,3052,,4975091
-8580733.38000085,4714511.43981921,11004202_11076312,11076312,210.22399902,RIVER RD NW & 42ND ST NW,13,13a0883223ccb7d2053940d4ebe5f4e6,6043,,4975128
-8578252.47449993,4716090.39994519,11003002_11060642,11060642,2575.2800293,MILITARY RD NW & 30TH ST NW,13,19f3a12b62f065d424226509db37b106,6250,,4975140
-8572747.75147281,4715254.46588995,11061362_11064222,11061362,116.37799835,MISSOURI AVE NW & NEW HAMPSHIRE AVE NW,13,eb49ef9ee3b0a9b0ed1419a62b7e028a,5156,,4975142
-8573815.6581275,4718062.41429973,11000502_11021322,11000502,6944.45117188,5TH ST NW & CEDAR ST NW,13,df9a484fbee1a5fe81fba8f9ad6ea60d,5012,,4975181
-8570917.77864878,4710504.61456599,12075002_12075462_12091402,12075002,0,REED ST NE & RHODE ISLAND AVE NE & WASHINGTON PL NE,13,477b2c81a83048be27f121756beae0bc,3196,,4975198
-8577981.26149232,4712153.02114934,11025152_11057982,11057982,187.05799866,MACOMB ST NW & CONNECTICUT AVE NW,13,954c1d7808a5785d210aea010030aaec,6072,,4975203
-8569228.54831549,4713865.279355,12060582_12073772,12060582,3569.82495117,MICHIGAN AVE NE & QUEENS CHAPEL TER NE,13,29613cc86b32718af7381fd8d842ce65,3164a,,4975205
-8579301.64626029,4716090.22344895,11060642_11064022,11064022,469.20300293,NEVADA AVE NW & MILITARY RD NW,13,d082afc412d72508e452eb8e16166dcb,6110,,4975229
-8583498.04310275,4711656.32869935,11020992_11057912*1,11020992,4350.72802734,CATHEDRAL AVE NW & MACARTHUR BLVD NW,13,dba7f5d56fd34d9633e0f1310cbd43a9,6095,,4975231
-8575652.84371155,4715438.92773675,11001602_11052002,11001602,6303.171875,16TH ST NW & KENNEDY PL NW,13,9e438adf60ede2f67ce270e4cae1ba3a,5095,,4975241
-8565313.86001956,4703178.88848396,13009362_13059602,13009362,6236.97998047,ALABAMA AVE SE & MASSACHUSETTS AVE SE,,6458a8358b344feed2050a40d2291678,4098,,4975243
-8570329.6080735,4710512.05946065,12017612_12078132,12017612,919.9050293,BRENTWOOD RD NE & SARATOGA AVE NE,13,5360160f881016a446aacd1184d0d630,3148,,4975247
-8573560.90921743,4703992.24649251,14000402_14057852,14000402,1472.36096191,4TH ST SW & M ST SW,13,dbd0cf0fecee98bb187bfa563287192f,2193,,4975249
-8571041.65476645,4704679.59407873,13000802_13038612,13000802,947.79199219,8TH ST SE & G ST SE,13,b2e293040e4f3853799e58a0c0f53311,4025,,4975253
-8565439.66446917,4707779.2798014,12051802_12051872_12054662A_12054662A_12054662A_12063252,12051802,1521.2130127,KENILWORTH AVE NE & KENILWORTH TER NE & LEE ST NE & NANNIE HELEN BURROUGHS AVE NE,13,88bd763ab403c0dda4e026da7869b985,4194a,,4975261
-8571040.180981,4705584.27040153,13000802_13047972,13000802,245.53300476,8TH ST SE & INDEPENDENCE AVE SE,13,5b8e32f51eb0c3d591885db87307283d,4021b,,4975301
-8570160.07389258,4702657.07825503,13001302_13059032,13059032,430.90200806,MARION BARRY AVE SE & 13TH ST SE,,e9a26ad2c27578dc95331ce4258c0202,4114,,4975302
-8575647.63619674,4718931.29515781,11001602_11046082*1,11001602,9010.8984375,16TH ST NW & HOLLY ST NW,13,e9e55fa9da465de282dac05afb647684,5093,,4975315
-8575668.82376713,4706228.19279028,11001602_11025352,11001602,0,16TH ST NW & CONSTITUTION AVE NW,13,7c5f191b3fc26dc72c43c609d7bcb771,1049,,4975319
-8571992.28352872,4706215.82244116,12000202_12025352_12059472,12059472,192.44000244,MARYLAND AVE NE & 2ND ST NE & CONSTITUTION AVE NE,,b71cd543f4662cde34eee0080efdef5f,3049,,4975332
-8580505.75340035,4714292.44915452,11094052_47071372,47071372,0,Alley-47071372 & WISCONSIN AVE NW,13,a31fd3718d7f2fbc32bcc42bfe96e568,6130a,,4975338
-8570513.93787352,4712905.04312293,12001202_12060582,12060582,2210.13891602,MICHIGAN AVE NE & 12TH ST NE,13,353f74051dd257fdb73c353859334ee5,3160,,4975356
-8581046.07837079,4715807.36180988,11049982_11094052,11049982,1646.15197754,JENIFER ST NW & WISCONSIN AVE NW,13,1da686117a0ae8791415b19a7c44579c,6141,,4975358
-8570798.76736636,4712284.60517577,12001002_12068052,12068052,23.70400047,OTIS ST NE & 10TH ST NE,13,58b2e3be16ebedadcb3dd6ef9de62166,3093,,4975361
-8577038.66475851,4706981.00172094,11002202_11034382,11002202,256.27700806,22ND ST NW & F ST NW,13,96c6349102c07ecbf132ca2a83827478,1360,,4975376
-8574040.16533603,4707483.11263215,11000702_11047772,11047772,861.62298584,I ST NW & 7TH ST NW,13,c11cf2f38749122ef97a738d0f57f666,2059,,4975395
-8575320.30135385,4719537.43237384,11001402_11051022,11001402,10324.41113281,14TH ST NW & KALMIA RD NW,13,d210bf732c47dc9bf8fee2773d655117,5064,,4975419
-8570190.19148363,4697652.1700806,13081512_13092882,13092882,1514.76501465,WHEELER RD SE & SOUTHERN AVE SE,13,548dbfd27df6b66d2c23465109576763,4165,,4975427
-8573555.53458535,4705167.61452062,14000402_14089892,14089892,355.56698608,VIRGINIA AVE SW & 4TH ST SW,13,af3b295da7513e2c18bf322ec6e2ef2e,2196,,4975441
-8574186.87017356,4711513.47196075,11040042_11048752,11048752,1490.53503418,IRVING ST NW & GEORGIA AVE NW,13,0c7345bf72b8825ca0badbd091d2e19f,5133,,4975444
-8574594.06130402,4717894.20685596,11019632_11040042_11058482,11058482,0,MAIN DR NW & BUTTERNUT ST NW & GEORGIA AVE NW,13,406467f8780e5653833751abeedf9fe6,5120,,4975464
-8573402.20566829,4706805.39096588,11000402_11031332,11031332,617.7880249,E ST NW & 4TH ST NW,13,465eb0480579f45570e75a81203713a3,2025,,4975465
-8571040.08192955,4707387.68972477,12000802_12042442,12000802,1154.18200684,8TH ST NE & H ST NE,,97a89599a3e8c99f13bfb44c889d34b1,3083,,4975468
-8574706.19644768,4709162.11238045,11074162_11089442,11089442,1161.04394531,VERMONT AVE NW & R ST NW,13,1fd7102f55d95ba3ca75e2512a8c88be,2130,,4975478
-8575994.10295363,4706700.20798622,11001702_11031332,11001702,612.51000977,17TH ST NW & E ST NW,13,0ae44b8e7a452ae371d3bf1df6bf9c3c,1067,,4975535
-8572610.22741715,4707296.05063296,12038542_15065322,12038542,0,G PL NE & NORTH CAPITOL ST BN,13,91c139a3cb611d7747ba765c50bf90f0,2216,,4975539
-8574727.01590651,4706805.40471852,11001202_11031332,11031332,1650.20996094,E ST NW & 12TH ST NW,,c71a1e731880db4928c53b1571a30836,2117,,4975541
-8574040.55011331,4707331.9209434,11000702_11042442,11042442,1207.43603516,H ST NW & 7TH ST NW,13,8cb36f025ba8390a745dc7a4693dc976,2058,,4975558
-8574705.60613383,4716331.21268564,11040042_11069682,11069682,1510.47302246,PEABODY ST NW & GEORGIA AVE NW,13,b192305486f39c41ce08b6252667d036,5141,,4975566
-8574495.55422137,4706563.92854838,11001002_11069812,11069812,1236.87194824,PENNSYLVANIA AVE NW & 10TH ST NW,,6d0426cca9a666667e3c4ba4a5498d4b,2086,,4975589
-8573780.80287736,4711559.89692665,11048752_11090872,11090872,147.66099548,WARDER ST NW & IRVING ST NW,13,c44f7f4bf7ac568ecb278f04019c27db,5178,,4975610
-8575644.46465295,4720336.45189431,11001602_11071562,11001602,10100.09667969,16TH ST NW & PORTAL DR NW,13,e7ac8209c2ddb9fa73c4697431ed2c6d,5102,,4975640
-8577034.10061029,4708394.07485831,11002202_11063182,11002202,1355.1619873,22ND ST NW & N ST NW,13,28fee69f3d6148a95a4e45dca31f3c59,1151,,4975662
-8574727.30827762,4707893.57751775,11001202_11053492,11001202,1474.64404297,12TH ST NW & L ST NW,,1fa5242164d63439fcf5541370f45aee,2123,,4975669
-8571546.14500036,4707387.84683876,12000502_12042442,12000502,1043.58996582,5TH ST NE & H ST NE,13,ce636c01dcf627645d9469a6216a1cb1,3451,,4975672
-8574899.74110387,4707331.24953804,11001302_11042442,11042442,1876.9720459,H ST NW & 13TH ST NW,,fc672ac78914d0933a4131f49a1ca8a0,2135b,,4975675
-8574610.70003652,4710329.02377886,11001102_11036722,11036722,1932.08496094,FLORIDA AVE NW & 11TH ST NW,13,9d0aad96fe4285fb14e8c584e806bbc6,5025,,4975682
-8574504.9555132,4711340.84615311,11024632_11080082,11024632,746.62799072,COLUMBIA RD NW & SHERMAN AVE NW,13,4ad6894ff7ae41b5c4c0f5503feb8617,5168,,4975684
-8574733.28906568,4706226.61231805,11001202_11001242_11025352,11001202,180.83200073,12TH ST NW & 12TH EXPY NW & CONSTITUTION AVE NW,,4b58ae9d44efe03f6b40265071ad9ae5,1006,,4975685
-8574408.54782629,4710315.74024611,11013652_11080082,11013652,276.18099976,BARRY PL NW & SHERMAN AVE NW,13,a4f1c969e3860bd910d814c6f6f68863,5167,,4975691
-8575157.99087557,4709161.95979522,11001402_11074162,11001402,2484.63696289,14TH ST NW & R ST NW,13,977e2ff0363caf483470e893a1424438,1023,,4975736
-8574453.26988021,4713410.00607262,11040042_11051352,11051352,760.94000244,KANSAS AVE NW & GEORGIA AVE NW,13,4928c9f326f77fe9a9ff7567826e82ad,5134,,4975744
-8571329.93168753,4702216.69437752,13046732_58023012,58023012,0,Driveway-58023012 & HOWARD RD SE,14,85b98b2c0fe832f5e1fcf153d990daec,4247,,4975771
-8577181.64875409,4707297.68173351,11002302_11042442,11002302,1039.48498535,23RD ST NW & H ST NW,13,ed55ef09722541f993164ffdd5672738,1158,,4975773
-8580664.67957414,4713534.05617441,11063762_11088922,11063762,1865.52099609,NEBRASKA AVE NW & VAN NESS ST NW,13,2011fec97e515e7bbda63b8c17bd1e9b,6119,,4975787
-8570658.49820544,4706440.33368515,12001102_12019822,12019822,1576.81103516,C ST NE & 11TH ST NE,13,7d71344abc91be2510414b67ff5260ad,3094,,4975789
-8575244.86245927,4712005.93158291,11001402_11064612,11064612,161.86000061,NEWTON ST NW & 14TH ST NW,13,43ab2f551789acb4b0f930b677e46132,5212,,4975808
-8574564.10734598,4719477.65619766,11016382_11031982_11040042,11031982,1576.41101074,EASTERN AVE NW & BLAIR RD NW & GEORGIA AVE NW,13,0a98fe2c36503f254edc4b5139ec1ad1,5124,,4975811
-8574489.73544862,4715987.6740677,11000902_11061362,11061362,1587.06396484,MISSOURI AVE NW & 9TH ST NW,13,f71c7e0791c296da67be511240a0f247,5232,,4975815
-8574328.27867998,4712739.77615486,11040042_11074032,11074032,590.01501465,QUINCY ST NW & GEORGIA AVE NW,13,4d8c302ff7f9c88d01aa82d324c9c39d,5011,,4975828
-8576439.26964632,4707387.54720065,11001902_11042442_11069812,11069812,3159.39306641,PENNSYLVANIA AVE NW & 19TH ST NW & H ST NW,13,f391cc709294a08a6c4016d779578c16,1114,,4975846
-8570758.33809928,4711018.81437735,12001002_12038092,12038092,1436.73205566,FRANKLIN ST NE & 10TH ST NE,,43e8d350670b5fdbadc60db424620acf,3152,,4975847
-8575182.62816733,4705008.6121155,14058502A_36001242,14058502A,375.23800659,MAINE AVE SW & Ramp-36001242,13,da68d4efdfbed3b060000434cd432d09,1245,,4975855
-8573708.14655451,4707918.78874452,11000502_11064672,11000502,1011.69702148,5TH ST NW & NEW YORK AVE NW,13,8f9323e74d724d680ff99481b52090ae,3238,,4975879
-8581366.91366107,4712477.97652118,11063762_11064412,11063762,880.58300781,NEBRASKA AVE NW & NEW MEXICO AVE NW,13,5c2443bcd21da3f32d9b4eaa95583471,6117,,4975894
-8575321.89419217,4716172.56554679,11001402_11061362,11061362,2268.45996094,MISSOURI AVE NW & 14TH ST NW,13,67a07f50babf1a701dbce100746f7357,5069,,4975896
-8578991.20273597,4712700.46262701,11003402_11071632,11071632,1470.41503906,PORTER ST NW & 34TH ST NW,13,ef7000b8137879f406942f5d7d682462,6027,,4975917
-8574610.55674404,4709429.91142749,11001102_11089442_47078932,47078932,0,Alley-47078932 & 11TH ST NW & VERMONT AVE NW,13,4ce4173e3df8e7d6461d0495a2b8b5ea,2116b,,4975920
-8574039.93021187,4705190.05938482,14000702_14026912,14026912,723.04699707,D ST SW & 7TH ST SW,13,da31d3bbc19ad66c9906c17faa180df4,1205,,4975932
-8576055.09620703,4707893.75544854,11025152_11053492,11025152,282.56799316,CONNECTICUT AVE NW & L ST NW,,3464fc96825e5d47fe8c4eaa058ccc3f,1178,,4975938
-8570782.24011567,4705760.71677433,13001002_13065392,13001002,108.25,10TH ST SE & NORTH CAROLINA AVE SE,13,30c39b7adaecc7446c7c64e992fca004,4033,,4975943
-8569408.95572468,4699766.49190939,13009362_13082352,13009362,1727.72497559,ALABAMA AVE SE & STANTON RD SE,13,7b9b6129091917f1959c1d610cfbb024,4102,,4975947
-8569941.55105785,4699570.54500954,13009362_13025092,13009362,1285.36206055,ALABAMA AVE SE & CONGRESS ST SE,13,981af507b84a0b706607de62f542c1fd,4095,,4975951
-8577181.31069895,4707458.58364466,11002302_11047772,11047772,3511.0090332,I ST NW & 23RD ST NW,13,8e1cd3bfad127895a602ea68540222db,1159,,4975955
-8574131.13323116,4704302.95681441,14000702_14058502,14058502,351.45401001,MAINE AVE SW & 7TH ST SW,13,c7e2bb80693e1af84ea1b53d1929cfab,2200,,4975982
-8575242.22382635,4711843.42564025,11001402_11061422*1,11001402,4569.19580078,14TH ST NW & MONROE ST NW,13,be7de71dccc555517d09bb172b17830e,5070,,4976004
-8573001.94545561,4697158.70861659,14022552_14059452,14059452,672.9630127,MARTIN LUTHER KING JR AVE SW & CHESAPEAKE ST SW,13,593056615d2c66c36d581928090ca2fb,4168,,4976005
-8569563.52854016,4707741.67983176,12015992_12050892_12066362,12015992,322.16000366,BLADENSBURG RD NE & K ST NE & OATES ST NE,13,776ad3a55e5737fbf4e39d11dcb3204f,3144,,4976008
-8572459.32723651,4706897.41112426,12024732_12024732A,12024732,11.1239996,COLUMBUS CIR NE & COLUMBUS CIR NE,13,a2ffc94113ba7c60d3b7a7c4765cad1c,2164,,4976020
-8577969.15025801,4707498.85143478,11076632_11089892_58015452,58015452,147.01100159,Driveway-58015452 & ROCK CREEK AND POTOMAC PKWY NW & VIRGINIA AVE NW,13,1f57197288ea6471d6af5b717f6223dd,1194,,4976034
-8580526.71834238,4714343.05603923,11076312_11094052,11076312,0,RIVER RD NW & WISCONSIN AVE NW,13,86ac7b491b7069c8eac932ab13925cf8,6259,,4976035
-8573708.06299544,4707719.28116946,11000502_11050892,11000502,856.86602783,5TH ST NW & K ST NW,13,e50871301b50d5b8ace91511120c1dcd,2036,,4976037
-8574270.14413421,4707482.68218778,11000902_11047772,11047772,1040.83996582,I ST NW & 9TH ST NW,13,08a05c9e1e7d1a8b37ed170165f9d3dd,2236,,4976040
-8581128.37081196,4712747.24270104,11059602_11090702,11090702,56.60300064,WARD CIR NW & MASSACHUSETTS AVE NW,13,0ab0d7975ec09b41598648d6a36ec32d,6157a,,4976061
-8573817.75405946,4705191.13596664,14000602_14026912,14000602,302.18099976,6TH ST SW & D ST SW,,0a626dc75acff3101d1e91bf28d42c5c,1199a,,4976064
-8571664.66845474,4706803.82584351,12000402_12031332,12000402,700.84997559,4TH ST NE & E ST NE,,07a3bbdfcde5505fa0d246e2676bbc28,3058,,4976073
-8572260.55892223,4706066.94690405,12000102_12059472,12059472,0,MARYLAND AVE NE & 1ST ST NE,,9accc48d2aa25a236ea76efe7224a8fb,2163,,4976084
-8569459.70738997,4705899.7564804,12001702_13001702_15031912,13001702,0,17TH ST SE & 17TH ST NE & EAST CAPITOL ST BN,13,3bcc76661a51863d58cf35d278f6739c,3223,,4976087
-8570906.55179121,4705025.96055678,13000902_13069812,13069812,952.62701416,PENNSYLVANIA AVE SE & 9TH ST SE,13,67b30276832fc423a608fb53afcb6f4b,4032,,4976120
-8574746.97628565,4711911.29616866,11001102_11068902,11068902,854.97900391,PARK RD NW & 11TH ST NW,13,c1193eab6e4131b996f0b2a7283b247b,5029,,4976141
-8565322.70568342,4707692.48394462,12051802A_12051802A_12063252_36005382,36005382,48.55799866,Ramp-36005382 & KENILWORTH AVE NE & NANNIE HELEN BURROUGHS AVE NE,13,8c94bf81399564ad3037c147b0f688b4,4078,,4976143
-8570297.54047126,4706013.74892265,12001302_12065392,12001302,89.11599731,13TH ST NE & NORTH CAROLINA AVE NE,13,bdd7832fa88f25124128fb5010b0897f,4228,,4976148
-8571120.24578277,4705584.32605109,13047972_13065392,13065392,913.96398926,NORTH CAROLINA AVE SE & INDEPENDENCE AVE SE,13,7a4932dc95e5f60983f9373453719ed3,4021,,4976178
-8576792.02663057,4708896.3204323,11002102_11059602,11059602,3170.38305664,MASSACHUSETTS AVE NW & 21ST ST NW,13,ecf7e01cfac901d3dc39b7a95534d68a,1141,,4976181
-8575652.85744656,4715402.36608245,11001602_11052062_11062172,11001602,6274.81982422,16TH ST NW & KENNEDY ST NW & MORROW DR NW,13,1e5e960782e6a3ffc42fb012a2529991,5095,,4976190
-8568040.26734608,4712079.10460367,12002802_12061422_12075462,12061422,2589.88305664,MONROE ST NE & 28TH ST NE & RHODE ISLAND AVE NE,13,2a48866378af459931f89aa816934fff,3195,,4976206
-8562535.84329379,4705314.7826321,13021582_13081512,13081512,9417.54980469,SOUTHERN AVE SE & CENTRAL AVE SE,13,470f2d2a1af8b86b25a662f7d9091695,4152,,4976210
-8574825.88871093,4708771.04932267,11056552_11075462*1,11075462,1892.26696777,RHODE ISLAND AVE NW & LOGAN CIR NW,13,ca421141b44270db21e29b03a5ff30b9,2157c,,4976221
-8571114.19949161,4713186.0332338,12071822_12084892,12084892,759.03399658,TAYLOR ST NE & PUERTO RICO AVE NE,13,f380b8bba778c8728c341a8fec02ef6d,3215,,4976223
-8575220.75021578,4711298.48806675,11001402_11024632,11024632,1305.42895508,COLUMBIA RD NW & 14TH ST NW,13,a05a096abf78d68d77d83198b0d852f4,5055,,4976254
-8571928.99913199,4716672.67439369,12064222_12076242,12076242,478.03500366,RITTENHOUSE ST NE & NEW HAMPSHIRE AVE NE,13,58a5cbc235ae56fc5d25e0d6012e6243,5185,,4976262
-8567531.92733292,4712395.14974228,12031982_12068052_12075462,12068052,2537.12109375,OTIS ST NE & EASTERN AVE NE & RHODE ISLAND AVE NE,13,d7c75dc1ec5bcd6e6034b8efad65947e,3192,,4976269
-8575646.71778279,4719618.6765338,11001602_11051022,11001602,9543.73632813,16TH ST NW & KALMIA RD NW,13,c2b24228bb16c730a3f97c0b6482ae68,5094,,4976277
-8579696.92479309,4715184.7266442,11035552_11075272,11035552,1020.71697998,FESSENDEN ST NW & RENO RD NW,13,44c296bce2cbb7c62d1691ed8a7dccbf,6123,,4976293
-8571175.30576343,4711989.25282192,12000702_12061422,12061422,141.36399841,MONROE ST NE & 7TH ST NE,13,b983315cdcad23d8abf95cf08757e688,3236,,4976297
-8575201.01080678,4711041.39831383,11001402_11040432,11001402,3945.39306641,14TH ST NW & GIRARD ST NW,13,3c62d80ecf23a5b85162faee6d40966c,5061,,4976317
-8569939.41601293,4704518.14604218,13069812_13071892,13069812,1803.39794922,PENNSYLVANIA AVE SE & POTOMAC AVE SE,13,59ccbfab55c60865163bb4ff51beec8a,4048,,4976329
-8572428.67454914,4706823.57295857,12024732_12057132,12057132,190.65400696,LOUISIANA AVE NE & COLUMBUS CIR NE,13,92461f45f44b4f1021e38f0bdd030f00,2231,,4976334
-8575246.59486773,4711683.76605843,11001402_11052322_11068902,11068902,1282.85095215,PARK RD NW & 14TH ST NW & KENYON ST NW,13,753788b3247a705c07f28aa22372fbab,5067,,4976337
-8581527.32556654,4712300.49345856,11063762_11064092_11076832,11063762,693.86700439,NEBRASKA AVE NW & NEWARK ST NW & ROCKWOOD PKWY NW,13,adc5f2179f863e75f07606b660d758fb,6116,,4976346
-8572609.76368961,4704826.49928527,13089892_15081252,15081252,587.51898193,SOUTH CAPITOL ST BN & VIRGINIA AVE SE,13,9878f35b65d27181961c961cca98bbdc,2229,,4976350
-8572953.73896894,4711828.00921935,11000102_11048752,11000102,4432.2890625,1ST ST NW & IRVING ST NW,13,74e4b4794830a938f44e7d388dccb47a,5002,,4976353
-8574599.19891678,4714263.47059515,11028212_11040042,11028212,1017.26300049,DECATUR ST NW & GEORGIA AVE NW,13,9bfffbbf6c98fc281872f0bea1f6bacb,5123,,4976358
-8567907.82902635,4712773.0157671,12018982_12031982_12074682,12031982,4393.03076172,EASTERN AVE NE & BUNKER HILL RD NE & RANDOLPH ST NE,13,62103bad3e542f023e0648a7f9558736,3463,,4976362
-8574041.05957419,4708394.288103,11000702_11063182,11063182,1073.36804199,N ST NW & 7TH ST NW,13,51657886a339043f755c97235a600770,2064,,4976373
-8575158.3183445,4709585.7828009,11001402_11084562,11084562,1898.41101074,T ST NW & 14TH ST NW,13,b3859c1b21d5b8092ae8387670a87bec,1026,,4976395
-8569954.22908162,4709592.10618032,12035292_12064672,12064672,2262.56591797,NEW YORK AVE NE & FENWICK ST NE,13,f68880c7205321a6224278b35f04440f,3182,,4976410
-8572455.69729342,4697550.56922012,13011702_13061292_14011702_15081252,15081252,6780.82080078,SOUTH CAPITOL ST BN & ATLANTIC ST SE & MISSISSIPPI AVE SE & ATLANTIC ST SW,13,549ff741c2ebe62594967aa1b75d0552,4183,,4976421
-8571041.70879831,4704395.81694812,13000802_13047772,13000802,1168.08300781,8TH ST SE & I ST SE,13,c187839c4319250c52f03c8fb302223e,4026,,4976423
-8569459.46144139,4706215.77232544,12001702_12025352,12025352,2464.12792969,CONSTITUTION AVE NE & 17TH ST NE,13,ee52e996c5d00f709f033566542f8b22,3119,,4976434
-8576686.52904017,4708394.66271208,11063182_11064222,11063182,2938.44799805,N ST NW & NEW HAMPSHIRE AVE NW,13,00e9a8ba47efa58ca0391c0952404aa7,1239,,4976445
-8571664.59512555,4707387.91121022,12000402_12042442,12000402,1154.15698242,4TH ST NE & H ST NE,,0600876d9cd05ce968f9a86e4e466caa,3061,,4976457
-8577042.7061134,4707895.99672222,11002202_11053492_11064222,11002202,968.17700195,22ND ST NW & NEW HAMPSHIRE AVE NW & L ST NW,13,f7aeefbb595bc3ec8a8b02dbbaf5460c,1149,,4976458
-8566282.4536952,4702491.19612207,13003802_13069812*1,13069812,5062.39892578,PENNSYLVANIA AVE SE & 38TH ST SE,13,62d5ae98692aa06498050983ab197f14,4144,,4976460
-8573816.43836076,4706559.23740359,11000602_11048162,11000602,259.35101318,6TH ST NW & INDIANA AVE NW,13,e39557a35897824a4e348a2b04b23a4e,2040a,,4976500
-8577304.10172467,4713008.95524491,11014272_11068902_11086122,11086122,0,TILDEN ST NW & BEACH DR NW & PARK RD NW,14,afe852bdb21f12ca48ef7a5c9549c323,6002,,4976502
-8571876.08454891,4716759.40989997,12031982_12064222,12031982,8990.47363281,EASTERN AVE NE & NEW HAMPSHIRE AVE NE,13,30135a4fd0a88b3ad5ff5f2117496787,5183,,4976516
-8570657.96136308,4705584.19048798,13001102_13047972,13001102,245.51300049,11TH ST SE & INDEPENDENCE AVE SE,13,3b117ec65bbd02e4cd246ce55fd209ae,4038,,4976541
-8573653.43688469,4713685.40670016,11064222_11092102,11092102,602.21502686,WEBSTER ST NW & NEW HAMPSHIRE AVE NW,13,fe19d6ef8495d66b3518a1ae7a4bd225,5159,,4976544
-8571664.59614315,4709595.18485864,12000402_12084562,12000402,2589.23608398,4TH ST NE & T ST NE,,375bf72d4741fb128f594f08328a2b0b,3064,,4976548
-8577947.5836134,4708107.05663677,11002802_11057852,11002802,32.52600098,28TH ST NW & M ST NW,13,27ae76721a3a0d792c9ac70367d5b231,6008a,,4976553
-8569780.48542468,4706283.78215264,12001502_12065392,12001502,297.97399902,15TH ST NE & NORTH CAROLINA AVE NE,13,4ab8ab9e132fbc2b4f9a61ee76e6adab,3115,,4976589
-8580013.79764157,4716646.54061843,11025152_11060122,11025152,7779.07714844,CONNECTICUT AVE NW & MCKINLEY ST NW,13,9d32577f5a1351bda147aed43b1c6773,6073,,4976607
-8579739.18855734,4711511.11019982,11020992_11094052,11020992,2032.99194336,CATHEDRAL AVE NW & WISCONSIN AVE NW,14,3b369bee2e84feb4489afda9390b95fd,6144a,,4976627
-8571977.90878077,4708556.9658673,12000202_12036722_62060522A_62060522A,12036722,559.92999268,FLORIDA AVE NE & 2ND ST NE & METROPOLITAN BRANCH TRAIL NE,13,e9aea8cacf8f1d4502f8f4f1542a33fe,3441,,4976633
-8574553.86816112,4719014.93304706,11040042_11044202,11044202,312.13299561,HEMLOCK ST NW & GEORGIA AVE NW,13,e186a9d6163e388b01ec6a02cdd4e770,5211,,4976648
-8581648.08021775,4711297.10010899,11037892_11039522,11037892,2731.97192383,FOXHALL RD NW & GARFIELD ST NW,13,f16c66bc42098246da926e19845369f3,6089,,4976661
-8572277.74507802,4717165.33355215,12031982_12051352_12051382,12051352,485.97399902,KANSAS AVE NE & EASTERN AVE NE & KANSAS LN NE,13,bb3a49210838d7582d129c6c16b2c6c5,5210,,4976672
-8574494.13945008,4708738.32704024,11001002_11068382,11001002,1949.77697754,10TH ST NW & P ST NW,,8b9b00a800d9ab8785d1bc0a9e4152b2,2097,,4976703
-8573555.28956608,4705362.05603526,14000402_14019822,14019822,605.76098633,C ST SW & 4TH ST SW,13,0f5ebbed8cf33abeca94b3612cd35972,2187,,4976704
-8574662.42763587,4716988.09151267,11040042_11086842,11086842,1125.4630127,TUCKERMAN ST NW & GEORGIA AVE NW,13,1784b46084741c48f9a269ca0d9a3940,5142a,,4976716
-8572817.32178963,4713742.0667515,11043292_11076702,11076702,356.57199097,ROCK CREEK CHURCH RD NW & HAREWOOD RD NW,,44e5bbc62b38d6b35c062dea464338ee,5240,,4976729
-8574041.06514247,4707779.02961359,11000702_11062592_11064672,11062592,0,ALLEN Y LEW PL NW & 7TH ST NW & NEW YORK AVE NW,13,93667065a3b82c1c7e707b22ceb44bc7,2065,,4976742
-8570246.64633372,4715123.61728355,12031982_12078192,12078192,1363.06604004,SARGENT RD NE & EASTERN AVE NE,13,deb874658b3a6f669bafa6ba26f9463d,3198,,4976744
-8572463.05183052,4698163.52271066,13042702_13059452_15081252_58012592,15081252,6285.12890625,SOUTH CAPITOL ST BN & HALLEY PL SE & MARTIN LUTHER KING JR AVE SE & Driveway-58012592,13,7d0b553ad2c24054d8820f87b16c4551,4188,,4976748
-8576793.3419194,4708250.09549033,11002102_11064222,11002102,1568.68395996,21ST ST NW & NEW HAMPSHIRE AVE NW,13,8cbb2b758f056f4e872b2e684e84c1e6,1142,,4976752
-8577179.58227914,4707893.21223148,11002302_11053492,11002302,1384.78796387,23RD ST NW & L ST NW,,513ebd164c59d07fd55d59237cb7fb8c,1160,,4976783
-8574908.03828166,4711312.65858049,11001302_11024632,11024632,1061.52197266,COLUMBIA RD NW & 13TH ST NW,,f922e2bdc11c55485a49ce222dce4f2d,5034,,4976786
-8570905.42672048,4706775.57028923,12000902_12059472,12000902,679.34100342,9TH ST NE & MARYLAND AVE NE,,8770f2e9e863909efdb8e2a85f95cecc,3089,,4976811
-8573708.81920194,4706615.22699925,11000502_11026912_11048162,11000502,0,5TH ST NW & D ST NW & INDIANA AVE NW,13,663bf4268099bb6c7f97d647de895ccf,2239,,4976815
-8574907.65827342,4713348.83206785,11001302_11088012,11088012,1423.5489502,UPSHUR ST NW & 13TH ST NW,,204848c764ac2d1c8afec08d16bbd0b9,5050,,4976824
-8570619.83653417,4697221.3842092,13022552_13081512,13081512,1235.2869873,SOUTHERN AVE SE & CHESAPEAKE ST SE,13,1ffa80e73d219785dcdb2875b7cb4a9b,4153,,4976829
-8574268.86081259,4706805.4972235,11000902_11031332,11031332,1293.17199707,E ST NW & 9TH ST NW,13,05e734567c8b80cb3c8054c57c3efd34,2069,,4976844
-8569988.05011861,4706216.16668033,12001402_12025352_36003352,12001402,245.34100342,14TH ST NE & CONSTITUTION AVE NE & Ramp-36003352,13,2ded2c34b4691624c6281796e7ca95dd,3109a,,4976846
-8573138.00263034,4705579.69735124,14047972_14091202,14047972,411.50201416,INDEPENDENCE AVE SW & WASHINGTON AVE SW,13,aef9c86831fe5db40bfb9ce139950cf1,2204,,4976853
-8566394.44921253,4705867.46414983,13061162_13075662_25031913,25031913,307.19299316,EAST CAPITOL ST SE Service Rd & MINNESOTA AVE SE & RIDGE RD SE,13,08f226145d4af4a0df31fd9796992cbe,4179,,4976878
-8571992.51483083,4705222.36729848,13000202_13026912,13026912,481.01300049,D ST SE & 2ND ST SE,13,536e0b3b9c69f16629f8f61897d7e493,4004,,4976901
-8567876.01580168,4710799.02058601,12003002_12015992,12015992,3053.58496094,BLADENSBURG RD NE & 30TH ST NE,13,8cc6abe3243f6b0534d3f980c66cade4,3139,,4976949
-8571428.51669314,4706369.09357846,12000602_12019822_12059602,12019822,976.53100586,C ST NE & MASSACHUSETTS AVE NE & 6TH ST NE,13,f29d7c1c355aa6062d0ddcca51a14eb9,3069a,,4976956
-8568829.20233579,4702213.96297697,13059032_13094282_58016222,13094282,0,WOODMONT PL SE & Driveway-58016222 & MARION BARRY AVE SE,13,c998c4175feec1eb0b94728b456c194e,4225,,4976983
-8580131.15944143,4716906.14278106,11025152_11067142_36002342_36002352,11025152,8000.12792969,CONNECTICUT AVE NW & OLIVER ST NW & Ramp-36002342 & Ramp-36002352,13,2b41e1c6afb18dad7b74167ea03552bd,6076,,4977004
-8571827.85319375,4707718.27387649,12000302_12050892,12000302,1410.47595215,3RD ST NE & K ST NE,,589679a79768f2b8f165755751dbd922,3053,,4977007
-8572256.48665702,4704996.18503007,13000102_13065392,13000102,702.80401611,1ST ST SE & NORTH CAROLINA AVE SE,13,29733f3d11853cfe199e2c7a65346368,4003b,,4977020
-8580939.45442914,4708882.85544888,11037892_11072862,11037892,699.02502441,FOXHALL RD NW & Q ST NW,13,070d0caab51fca1f74c7f4da61c07381,6090,,4977032
-8575157.59659892,4708115.68197446,11001402_11085732*1,11085732,0,THOMAS CIR NW & 14TH ST NW,13,8a0b4eeb9487655e40404eb369a274de,1027,,4977033
-8574511.98057004,4709586.33348498,11001002_11084562_11089442,11084562,1394.86303711,T ST NW & VERMONT AVE NW & 10TH ST NW,13,d419e325b1f3eff0511740657c6486a9,2101,,4977035
-8571827.94574418,4704961.02153613,13000302_13031332,13031332,610.04400635,E ST SE & 3RD ST SE,13,1eb7776e0748f850ff57cd0ba5f40024,4007,,4977039
-8577465.3571267,4711011.92968547,11025152_11094252,11025152,2979.44506836,CONNECTICUT AVE NW & WOODLEY RD NW,13,7bfceb319abde7214284d221d03d2d24,6084,,4977060
-8573648.57113816,4718553.92323149,11022812_11031982,11022812,989.28100586,CHESTNUT ST NW & EASTERN AVE NW,13,c6a3700a7d70a4b68c8ab6d0f28aa75d,5164,,4977062
-8577036.93719799,4707657.30400906,11002202_11069812_36001812_36003902,11069812,3670.01611328,PENNSYLVANIA AVE NW & 22ND ST NW & Ramp-36001812 & Ramp-36003902,13,9e737cfb6c264290b30f66d5a5f5d88d,1148,,4977073
-8581144.7654146,4716056.63262013,11092692_11094052,11092692,1821.96203613,WESTERN AVE NW & WISCONSIN AVE NW,13,2de18173972470b339848ed8e5b9a807,6129,,4977077
-8575187.74035264,4710869.60484861,11001402_11034582*1,11001402,3811.71606445,14TH ST NW & FAIRMONT ST NW,13,8b59b56bba4d77438a48d391be5e97c7,5058a,,4977093
-8570658.49457616,4704395.06715197,13001102_13047772,13001102,1168.56604004,11TH ST SE & I ST SE,13,dbceec7eb44a670bce362ffbdef7c876,4037,,4977097
-8577040.96590817,4708950.43821304,11036722_11072862,11036722,4077.87402344,FLORIDA AVE NW & Q ST NW,13,9c1f05b83a03eee5abd399e77fbbe31f,1153a,,4977131
-8573748.61620923,4711373.32440764,11045762_11068832_11090872_36005342,11045762,0,HOBART PL NW & PARK PL NW & WARDER ST NW & Ramp-36005342,13,413c4259a60ca44e6a8e4038c7377fc5,5177,,4977142
-8569069.28362027,4706803.08430555,12001902_12031332,12031332,2193.07788086,E ST NE & 19TH ST NE,13,2080109c809d79f04942a239d3bad9cb,3131,,4977143
-8575243.94185132,4713958.41971335,11001402_11018782,11018782,1444.35498047,BUCHANAN ST NW & 14TH ST NW,13,9aebb1f47099f148d26e833af738a5d1,5242,,4977165
-8579352.24487269,4715184.69991329,11025152_11035552,11035552,752.33502197,FESSENDEN ST NW & CONNECTICUT AVE NW,13,2745b4a9edd774783314e7a9acfecb87,6068,,4977185
-8576516.54054455,4708950.88824079,11072862_21025153,21025153,194.41000366,CONNECTICUT AVE NW Service Rd & Q ST NW,13,8bc18852d0dcce12e84721c234db2897,1130b,,4977188
-8573715.34520027,4712762.96127346,11000502_11074032,11000502,2955.6159668,5TH ST NW & QUINCY ST NW,13,31a9f3b1210c66c3ba6c50c65d5dab33,5018a,,4977191
-8574493.10890764,4707955.42757539,11001002_11053492,11001002,1342.24694824,10TH ST NW & L ST NW,,27c475a08b8f047aedb68ba6d9ed6a88,2093,,4977216
-8568726.61722999,4712096.47096325,12002202_12061422,12061422,2051.38989258,MONROE ST NE & 22ND ST NE,13,8d330a80fade3bc9c612f220ee3946cf,3174,,4977256
-8573400.33932343,4708737.89763028,11000402_11068382,11068382,616.86700439,P ST NW & 4TH ST NW,,985e515102760a3a337f726fdb2903c6,3011,,4977274
-8573083.24918955,4713387.2466759,11076702_11078732_11088012,11076702,711.53997803,ROCK CREEK CHURCH RD NW & SCOTT RD NW & UPSHUR ST NW,13,41901c755fd7cb8acba714e56ecb8577,5166,,4977295
-8572608.34315578,4709267.48049244,11074622_12074622_15065322,11074622,0,RANDOLPH PL NW & RANDOLPH PL NE & NORTH CAPITOL ST BN,13,ff6834652eac867d2207268d1d07de75,3042,,4977299
-8564113.24375813,4705894.33388131,12004902_15031912,15031912,5583.90722656,EAST CAPITOL ST BN & 49TH ST NE,,ee614ea41842f540fa9433a65ca3882c,4172,,4977313
-8569989.09493424,4705084.86365112,13001402_13026912_13052262,13052262,679.98400879,KENTUCKY AVE SE & 14TH ST SE & D ST SE,13,5f6face2ef4c5771cb77a1576e9fb0d0,4047,,4977337
-8574550.93373388,4718419.58473641,11032632_11040042,11032632,308.28399658,ELDER ST NW & GEORGIA AVE NW,,d41c2f9f75da667f540d0e457efb0f3a,5125,,4977339
-8575276.95946874,4713501.46227271,11011052_11089112,11011052,520.10900879,ARKANSAS AVE NW & VARNUM ST NW,13,bbc59890b97a342859e38ddda113be33,5053a,,4977347
-8575159.24437077,4706227.72899569,11001402_11025352,11001402,284.88299561,14TH ST NW & CONSTITUTION AVE NW,13,0250b56e22dc8214c47b0cba5b51e117,1008,,4977368
-8579309.41586898,4709171.81523618,11003502_11075332,11075332,435.44400024,RESERVOIR RD NW & 35TH ST NW,13,714ba87b29f79157515ed1e2ca43c913,6032,,4977370
-8574368.4455062,4710102.78624648,11036722_11090152,11036722,1642.51000977,FLORIDA AVE NW & W ST NW,,89c2f50c20efae5c8e9f40ce98066e2c,2285,,4977380
-8568013.30661432,4703398.32227102,13002802_13069812,13069812,3540.29711914,PENNSYLVANIA AVE SE & 28TH ST SE,13,1fc7dabd13db504938c750088ba1f249,4141,,4977403
-8574898.67809444,4707548.29002725,11001302_11047772,11047772,1579.98303223,I ST NW & 13TH ST NW,,3397b12d67531d9983efd5d9ae530d47,2136,,4977420
-8574269.11789337,4709373.67216005,11000902_11077672,11077672,1185.29602051,S ST NW & 9TH ST NW,13,a2440a11431d0122f898f87ae60d48c9,2084,,4977424
-8578187.56672022,4708105.1468697,11003002_11057852,11057852,4233.36083984,M ST NW & 30TH ST NW,13,c616a2cbe952a520d5ce1db1144e8561,6012,,4977426
-8572956.48597421,4706434.66912,11000102_11019822,11000102,371.73800659,1ST ST NW & C ST NW,13,02fea5bec5a67eb1ae47aba924b3b57e,2001,,4977427
-8572954.49207133,4706977.63045392,11000102_11034382,11000102,793.20098877,1ST ST NW & F ST NW,,c7a9540e76291022eb30d1b1b95202cf,2021a,,4977437
-8572556.41238345,4699508.03665721,14058542_36003242_36003492,36003242,209.39199829,Ramp-36003242 & MALCOLM X AVE SW & Ramp-36003492,14,5d88b3028c9b2953f2387036d66bce01,4249a,,4977439
-8571825.62398286,4708473.88300344,12000302_12036722,12000302,1996.87402344,3RD ST NE & FLORIDA AVE NE,,d5d7c855aeaa420429658f311f3d349f,3226,,4977473
-8577464.28358236,4709307.04119487,11002402_11059602,11002402,1039.9699707,24TH ST NW & MASSACHUSETTS AVE NW,13,0875c9085f369cc5f2f984a9981632fd,6005,,4977476
-8576248.32776781,4706306.28015889,11001802_11089892,11089892,111.375,VIRGINIA AVE NW & 18TH ST NW,13,aefba4071fd35fb3059b258e1a0b9d31,1102,,4977482
-8581283.56944842,4708660.58719361,11057912_11072862_47017142,11057912,605.16601563,MACARTHUR BLVD NW & Q ST NW & Alley-47017142,13,3319ebe382cb557d8b6ecb58e7a88903,6098,,4977483
-8574494.57833083,4708919.08752673,11001002_11075462,11001002,2090.04589844,10TH ST NW & RHODE ISLAND AVE NW,,40ab749b346471a86d6aa38400ca5d47,2099,,4977491
-8579851.70167188,4709158.8994027,11003802_11075332,11075332,858.15002441,RESERVOIR RD NW & 38TH ST NW,13,955fd0dfa30e380043180d0e14bebc37,6034,,4977503
-8571828.51435621,4706292.65809511,12000302_12059472,12000302,304.05300903,3RD ST NE & MARYLAND AVE NE,,36f1d3cdc2a21a1280f62636977ffd95,3054a,,4977504
-8571700.12057056,4701802.93080614,13032112_13035682*1,13035682,471.72799683,FIRTH STERLING AVE SE & EATON RD SE,13,a2172384096937e7a60b19fdf07d45b6,4270,,4977541
-8573401.75097884,4707719.00528336,11000402_11050892,11050892,616.88702393,K ST NW & 4TH ST NW,13,79c02c135ce0e61ada6d940e8e1d4d65,2028,,4977542
-8574488.50044951,4713348.98613753,11051352_11088012,11088012,1097.1159668,UPSHUR ST NW & KANSAS AVE NW,13,850091b43e2caa128ef35eaa09d15c69,5259,,4977550
-8569987.67988762,4704580.79125973,13001402_13071892A,13071892A,52.79700089,POTOMAC AVE SE & 14TH ST SE,13,51671a46047b10895b65fa9a525463cc,4049a,,4977560
-8574269.3240115,4708738.5692398,11000902_11068382,11000902,2223.86694336,9TH ST NW & P ST NW,13,26a011133ca0da333a8bbdda24e8e293,2079,,4977565
-8581156.2444636,4712151.66883208,11057982_11064412,11057982,2135.06103516,MACOMB ST NW & NEW MEXICO AVE NW,13,bda6b90917f6422ffaf16d13fe4bf848,6121,,4977600
-8575651.8213486,4716289.60862355,11001602_11061362,11001602,6962.81103516,16TH ST NW & MISSOURI AVE NW,13,8986e78758a51edc6be0ba75d4c15d9f,5097,,4977603
-8574040.28377767,4705402.39059881,14000702_14019822_14059472,14019822,809.7130127,C ST SW & 7TH ST SW & MARYLAND AVE SW,13,acbd3e13664d04c11752de04d7bc0f1d,1204,,4977625
-8572873.59905057,4706804.0423338,11031332_11064282,11064282,465.83200073,NEW JERSEY AVE NW & E ST NW,,b49de2e1bf7eba8bbb05d2634bd85f23,2150,,4977639
-8571428.73747052,4706441.20066999,12000602_12019822,12019822,976.53198242,C ST NE & 6TH ST NE,13,226045af3640ae5e8d645880480e77e3,3069,,4977665
-8572787.13807951,4703991.43933536,14000052_14057852,14000052,314.12399292,HALF ST SW & M ST SW,13,1e8e2fc7d36cbf7a703b77e7e3b45235,2171,,4977667
-8571040.4547751,4706440.13011217,12000802_12019822,12000802,418.77398682,8TH ST NE & C ST NE,,ae087e0be45e8aaaebeb09658f1e6307,3081,,4977697
-8573940.30139175,4709165.90637536,11059022_11074162_11075462,11059022,334.35299683,MARION ST NW & R ST NW & RHODE ISLAND AVE NW,14,9f341eb9a9be8b01c4037293f9fef3aa,3044,,4977714
-8583454.4078175,4712472.25316608,11027092_11057002,11057002,1286.59204102,LOUGHBORO RD NW & DALECARLIA PKWY NW,13,96fdeb40bec98b3211dcbeb3ab6242dd,6262,,4977721
-8581209.21293339,4708628.36291466,11057912_11072862_58016332,11057912,542.06500244,MACARTHUR BLVD NW & Q ST NW & Driveway-58016332,13,7107bef47b9053578ed888e6c23e130f,6098,,4977780
-8571547.60566776,4705361.07488598,13065392_13069812,13069812,389.25100708,PENNSYLVANIA AVE SE & NORTH CAROLINA AVE SE,13,6e4d76ff8ebfad815aeb9853da4a7416,4057,,4977782
-8575646.3458449,4719403.26006428,11001602_11050572,11001602,9376.75585938,16TH ST NW & JONQUIL ST NW,13,745cb24cc61c7794d919ab2a6ded9f8a,5262,,4977797
-8573592.97365068,4709373.94384456,11064282_11077672,11064282,2537.77587891,NEW JERSEY AVE NW & S ST NW,,8f8957f1c4537168b61f3805e7730425,3029a,,4977808
-8573253.82704658,4718075.25291776,11020862_11058822,11058822,231.24699402,MAPLE ST NW & CARROLL ST NW,13,01b5bce8efea9821f0a0939854c9745a,5115,,4977819
-8572802.34058198,4705224.5696281,14026912_14028662_14091201_14091202_14091203_36001892_36001972,14026912,150.21699524,D ST SW & DELAWARE AVE SW & WASHINGTON AVE SW & WASHINGTON AVE SW & WASHINGTON AVE SW & Ramp-36001892 & Ramp-36001972,13,b2c286f7485e68b10519a9cb2e55ae13,2203,,4977834
-8574402.62138738,4710214.11993357,11036722_11080082_58025082,11036722,1734.49902344,FLORIDA AVE NW & SHERMAN AVE NW & Driveway-58025082,14,008d05d00ac52b8b19b3abb66997f3b9,5171,,4977836
-8577920.3655027,4709736.51292759,11014952_11059602_47029982,47029982,69.98100281,Alley-47029982 & BELMONT RD NW & MASSACHUSETTS AVE NW,13,055ed2e362de0b639dbbffe3ce16ac37,6105,,4977844
-8569995.91897489,4713690.03134138,12001402_12081442_12092102,12081442,3950.36499023,SOUTH DAKOTA AVE NE & 14TH ST NE & WEBSTER ST NE,13,fa578851dab015d774aa2dbbda25abb2,3201,,4977848
-8568954.32309836,4712474.7751191,12002002_12081442,12002002,2274.28295898,20TH ST NE & SOUTH DAKOTA AVE NE,13,feae0ada7a7d841db96f9842a3351a6a,3203,,4977852
-8575157.8843709,4705580.42703853,14001402_14047972,14047972,1985.79504395,INDEPENDENCE AVE SW & 14TH ST SW,13,4d2c85fa5f2ffcdf21f60cc310af931d,1223,,4977864
-8567367.00203798,4700484.44017314,13063502_13081512,13063502,2746.34912109,NAYLOR RD SE & SOUTHERN AVE SE,13,56dbfa7e0e131c61678f3305dd85e97e,4252,,4977874
-8579464.67348536,4710105.05881289,11090092_11094052,11094052,2001.22802734,WISCONSIN AVE NW & W PL NW,13,2b48513bb038eb40431cdcbea53d5e63,6153,,4977892
-8575157.62324775,4708622.87853518,11001402_11075462,11001402,2066.33398438,14TH ST NW & RHODE ISLAND AVE NW,13,da71c49f15e7dee01794bd68040916e4,1024,,4977907
-8580320.00710511,4713868.23524041,11093992_11094052,11093992,901.01397705,WINDOM PL NW & WISCONSIN AVE NW,13,909dc715d39a0fe4563405c86488fa98,6015a,,4977941
-8564459.9472557,4703544.79832148,13016902_13075662,13016902,554.94702148,BOWEN RD SE & RIDGE RD SE,13,e8e16ad70f9e372e068ed1681970e340,4149,,4977967
-8573290.68542437,4705759.70689079,14000302_14049792,14000302,108.7539978,3RD ST SW & JEFFERSON DR SW,13,2a79ea62410ea7bb6aca0725e5ea3210,2183,,4977970
-8577845.14427607,4707414.49942982,11002702_11089892_21089891,11002702,0,27TH ST NW & VIRGINIA AVE NW & VIRGINIA AVE NW Service Rd,13,8bae7cd04828ee1b1f4ae2dfe352861c,1174,,4977974
-8577250.32463053,4708942.9853639,11002302_11072862,11002302,2272.16699219,23RD ST NW & Q ST NW,13,b5f4410b0a12de02003bf55f9b27dba0,1164,,4977992
-8572256.55425311,4706446.84999065,12000102_12019822,12000102,423.47000122,1ST ST NE & C ST NE,,d246fcb8b06eaeea15dc07fab1959ef8,2158,,4978011
-8576071.63548592,4709942.04993477,11021842_11036722,11021842,0,CHAMPLAIN ST NW & FLORIDA AVE NW,13,42f217308bb896493f0b3dc8cbd3201c,1235a,,4978012
-8572607.55395604,4709763.59821046,11075462_12075462,11075462,0,RHODE ISLAND AVE NW & RHODE ISLAND AVE NE,13,ef7aa2b8f2c8a544a1e9b88f3643540d,3043,,4978014
-8575781.38051187,4705600.79938638,14047972A_14058502A,14058502A,1063.5760498,MAINE AVE SW & INDEPENDENCE AVE SW,14,10c53a3349f02afd9e203e9a74d84237,1248,,4978033
-8574521.23111107,4711482.29120785,11048752_11080082,11048752,1753.13598633,IRVING ST NW & SHERMAN AVE NW,13,31f74e527d2c69162fc1dae95cda7656,5173,,4978046
-8568419.36661592,4703615.45130315,13054992_13061162A_13061162A_13061162A_13069812_36002872,13069812,3181.41503906,PENNSYLVANIA AVE SE & L'ENFANT SQ SE & MINNESOTA AVE SE & Ramp-36002872,13,b251534b7b174c00827f4f5e88524152,4201,,4978049
-8579024.3379138,4709322.36807619,11074162_11094052,11074162,4503.35595703,R ST NW & WISCONSIN AVE NW,13,1d27f9301fc4152ba90a14bfd4b11dfd,6150,,4978054
-8573296.12352013,4706440.84106445,11000302_11019822,11000302,420.68301392,3RD ST NW & C ST NW,,042fd39bf80b57285c83fd741a83f2b7,2015,,4978057
-8575450.28212857,4707718.82512636,11001502_11050892_21050891,11050892,2211.07104492,K ST NW & 15TH ST NW & K ST NW Service Rd,13,e99d5a01581b966bcc14f66029621252,1037,,4978065
-8573535.6556196,4696277.1316444,14053622_14068122,14053622,109.73500061,LABORATORY RD SW & OVERLOOK AVE SW,14,5cb97d6ff11b9049b60efccd56050907,4170,,4978097
-8570166.08412543,4706439.4899258,12019822_12085212,12019822,1960.55505371,C ST NE & TENNESSEE AVE NE,13,253b1129ba43ff1cfe4d17be47bc00bc,3218,,4978111
-8576796.96360824,4706228.87594902,11002102_11025352,11002102,0,21ST ST NW & CONSTITUTION AVE NW,13,5281c27e63da41ae44b82b5c1576b77b,1133,,4978120
-8574494.72719677,4707118.16738001,11001002_11038612,11001002,692.45898438,10TH ST NW & G ST NW,,9d4cd847ac57a0debb7298cfee70c9f4,2089,,4978161
-8574108.28265582,4710818.38325055,11033862_11040042,11033862,0,EUCLID ST NW & GEORGIA AVE NW,13,b34e55c37eaa29d76b87ce31aaab7c92,5126,,4978178
-8576239.68855782,4709008.588879,11001802_11064222_47061522,11001802,2159.86499023,18TH ST NW & NEW HAMPSHIRE AVE NW & Alley-47061522,13,b329056c22b5fcf5ed33d5481ea40697,1372,,4978222
-8575995.96117311,4705911.05410449,11001702_14001702,14001702,0,17TH ST SW & 17TH ST NW,13,f3d9e3ab0d38f1ef5a560dd617b3af22,1071,,4978240
-8569781.64878847,4704652.57391887,13001502_13071892,13001502,968.21899414,15TH ST SE & POTOMAC AVE SE,13,42e808e176212fddeb6cc15ffbf543f7,4050a,,4978298
-8577533.91528418,4708110.64261762,11002502_11057852,11002502,910.14300537,25TH ST NW & M ST NW,13,2bcfeac7784011948b0cfde64bfde268,1171,,4978322
-8568674.79448915,4713543.97113074,12031982_12089112*1,12089112,2083.21508789,VARNUM ST NE & EASTERN AVE NE,13,7d60df33b70519c8851b3f05f5a09fa2,3150,,4978326
-8575209.21519126,4708166.23932142,11057852_11085732_21059601,11085732,188.22399902,THOMAS CIR NW & M ST NW & MASSACHUSETTS AVE NW Service Rd,13,528d6b9ec1269517d588606d6ed8f5eb,1365a,,4978342
-8575885.33533059,4708950.17894616,11001702_11072862,11001702,2489.42895508,17TH ST NW & Q ST NW,13,f3630c887c7f666c055c448e0b91a7cb,1080,,4978348
-8574040.92624595,4709162.32945332,11000702_11074162,11074162,1116.63000488,R ST NW & 7TH ST NW,13,c1f22af79b65ede691cd90329fad1b42,3025,,4978368
-8568501.5384278,4711793.96142579,12002402_12051542_12075462,12002402,1577.6550293,24TH ST NE & RHODE ISLAND AVE NE & KEARNY ST NE,13,d5d418bdb560d2dfd81904fa57fb8b01,3249,,4978369
-8573415.73257494,4717712.15214705,11011572_11016382,11011572,180.875,ASPEN ST NW & BLAIR RD NW,13,3f8df3c0fd30a0354a18d7b760ec31d2,5112,,4978422
-8572256.19875591,4697523.15386011,13000102_13011702,13000102,2440.81811523,1ST ST SE & ATLANTIC ST SE,13,3aadfd1766141a126fa9996bdccbc407,4106,,4978433
-8569780.74173865,4706429.48125144,12001502_12019822,12019822,2262.36108398,C ST NE & 15TH ST NE,13,9518230eab523b9ff355ab8e03dcef25,3112,,4978440
-8571545.98443473,4706216.50113538,12000502_12025352,12025352,832.59197998,CONSTITUTION AVE NE & 5TH ST NE,13,03d21e4bb5e8f4640f2301d9d27d813d,3242,,4978444
-8570513.99789803,4713185.41931047,12001202_12084892,12084892,1226.47094727,TAYLOR ST NE & 12TH ST NE,13,f7774b4de3de83c02d10ca7a19919ff1,3217,,4978447
-8573707.9832162,4707519.42181684,11000502_11059602,11000502,701.75097656,5TH ST NW & MASSACHUSETTS AVE NW,13,2256dbd805c029c1b0ecead823b965ce,2035,,4978449
-8572922.91786709,4703991.75741932,14020282_14057852,14020282,127.96800232,CANAL ST SW & M ST SW,13,a2746d84d16c18618137242cfd29ef46,2174,,4978456
-8576436.28156702,4709631.52972521,11001902_11036722,11001902,2509.59204102,19TH ST NW & FLORIDA AVE NW,13,776358fa35d0da5e44b187ff22f11cdc,1108a,,4978462
-8572466.92641762,4706909.52489957,12000102_12024732_12059602_62063402,62063402,0,NATIONAL MALL TRAIL NE & COLUMBUS CIR NE & MASSACHUSETTS AVE NE & 1ST ST NE,,3e7b01993a511e7226121f38e3ceab8b,2165,,4978464
-8570906.07658556,4705900.30693843,12000902_13000902_15031912,12000902,0,9TH ST NE & 9TH ST SE & EAST CAPITOL ST BN,,d9d4901755802c1d2a17311af997bc68,4066,,4978468
-8579955.42754829,4716517.10234444,11025152_11062142,11025152,7668.90576172,CONNECTICUT AVE NW & MORRISON ST NW,13,92ccd7b90c56fb97c91bcbd208118baf,6166,,4978472
-8569987.36460387,4707386.88085839,12001402_12042442,12001402,1153.9510498,14TH ST NE & H ST NE,13,f29d35d7333074e5e5b3474089d9414e,3110,,4978487
-8573554.35892928,4705581.00662743,14000402_14047972,14047972,736.01501465,INDEPENDENCE AVE SW & 4TH ST SW,13,4e84d37abc12065f59436d824664cf98,2191,,4978488
-8568149.06216761,4710445.9255327,12002602_12015992,12015992,2705.69189453,BLADENSBURG RD NE & 26TH ST NE,13,b630b8b3cba27e7f57774a4e528562b9,3219,,4978490
-8570782.37295502,4706840.42973059,12001002_12059472,12059472,1042.91601563,MARYLAND AVE NE & 10TH ST NE,,513bf866c3038b2f25e0244f41ff7ce6,3460,,4978501
-8575654.73403929,4714875.98458083,11001602_11024502,11001602,5866.60595703,16TH ST NW & COLORADO AVE NW,13,3d48fc20e08c51a9b83eff42130015bb,5085,,4978533
-8579749.06923458,4710583.89658309,11003702_11020022,11003702,1391.26098633,37TH ST NW & CALVERT ST NW,,e5dcd5d0cb5a4a64574d9e1daaf20e68,6132a,,4978545
-8569273.04059228,4708323.08698488,12001702_12015992_12062462,12015992,827.04998779,BLADENSBURG RD NE & 17TH ST NE & MOUNT OLIVET RD NE,13,ebea619ab2a514462edf3a56a6200b0e,3117,,4978553
-8572253.80114362,4703731.17042015,13000102_13063182,13000102,1383.7199707,1ST ST SE & N ST SE,13,ea8592cb169c02cc3de39cfc24d8d92e,2264,,4978562
-8568725.82009865,4712237.11740351,12002202_12064612,12064612,1666.67297363,NEWTON ST NE & 22ND ST NE,13,d23fd5dbde9c0278ad974a089f5112af,3204,,4978565
-8567959.10323646,4711249.92223018,12081442_12089962,12081442,1477.98706055,SOUTH DAKOTA AVE NE & VISTA ST NE,13,40d291f446d24f09c5a963b5301ad34d,3214,,4978575
-8571984.68534235,4701737.22297551,13035682_14028302_15081252_15081252_15081252A_15081252A_64010532_65081252,15081252,3405.14697266,SOUTH CAPITOL ST BN & DEFENSE BLVD SW & SOUTH CAPITOL ST BN & FIRTH STERLING AVE SE & SOUTH CAPITOL ST TRAIL BN & ANACOSTIA RIVER TRAIL SW,13,62f493142b5352475b9ea776620d0100,4186,,4978576
-8569728.55906587,4711033.94978268,12038092_12075462,12038092,2244.2409668,FRANKLIN ST NE & RHODE ISLAND AVE NE,,22db7b3d968eabaa0b54b91e297a7e72,3193,,4978586
-8580899.06477954,4714661.58811029,11022552_11076312,11076312,384.02099609,RIVER RD NW & CHESAPEAKE ST NW,13,a3abfd96d9cf87d445038cec22975980,6044,,4978624
-8567445.52141163,4710721.43315188,12003132_12030222_12081442,12081442,902.62799072,SOUTH DAKOTA AVE NE & 31ST PL NE & DOUGLAS ST NE,13,0aa1bbfbdeefea269adb70e65e6ac686,3207,,4978635
-8573556.69752997,4706013.5960931,11000402_11058242,11058242,205.50999451,MADISON DR NW & 4TH ST NW,13,bab1bc917fe0195f851ab0c360674ab4,2029,,4978636
-8575810.02186078,4705489.2431143,14047972_36003232,14047972,2521.44311523,INDEPENDENCE AVE SW & Ramp-36003232,13,d7f667155ea1b2bd188f2635bc85a31d,1250,,4978641
-8574636.15579678,4717365.5669255,11040042_11088792,11040042,5998.12988281,GEORGIA AVE NW & VAN BUREN ST NW,13,cf93a908a17de7aa7dec16bed74d23a4,5147,,4978643
-8568834.97524685,4706399.64979441,12002102_12002202_12019822,12019822,3004.25488281,C ST NE & 21ST ST NE & 22ND ST NE,13,e43eb881aee2398295144973400f5dec,3133,,4978651
-8576127.28822204,4709162.22479887,11064222_11074162,11074162,2742.13598633,R ST NW & NEW HAMPSHIRE AVE NW,13,d7127e09f96bffe0b37acfd63921ebd8,1186,,4978658
-8575657.97008304,4712953.78759667,11001602_11011052,11001602,4375.76806641,16TH ST NW & ARKANSAS AVE NW,13,0c5383dfe1667049050511ff5f9aa777,5083,,4978665
-8564680.12837593,4707751.24378171,12004502_12079952,12004502,617.99798584,45TH ST NE & SHERIFF RD NE,13,58303ec0342e1f7d5376059f7f671119,4084,,4978668
-8570405.18451164,4714858.03737561,12039062_12078192,12078192,1118.38696289,SARGENT RD NE & GALLATIN ST NE,13,5321b013865e7e51eb42e7b359293448,3199,,4978673
-8573075.03903534,4714686.05354255,11000202_11034972_11064222,11034972,85.01799774,FARRAGUT ST NW & NEW HAMPSHIRE AVE NW & 2ND ST NW,13,983dca228388e6cb8eacfe65bc24dd5e,5155,,4978701
-8576601.31426918,4706785.75144863,11002002_11031332_11031422,11002002,326.86401367,20TH ST NW & E ST NW & E STREET EXPY NW,,13763ecfc362b4f09be84ec6b46f76fd,1119,,4978766
-8576603.52555945,4706228.84457722,11002002_11025352,11002002,0,20TH ST NW & CONSTITUTION AVE NW,,1f49d673d158305a0ee95a55bcb28a9b,1117,,4978783
-8581299.09492353,4709465.97335868,11037892_58001852,11037892,1244.20703125,FOXHALL RD NW & Driveway-58001852,13,7fa787d598182ac1754e4e6fa8e77acd,6260,,4978790
-8573817.2510641,4707482.71420021,11000602_11047772,11000602,976.07501221,6TH ST NW & I ST NW,13,d09f923a0041880fea1e91821f79f5b1,2045,,4978855
-8561718.2134641,4706546.40272826,12029702_12031982_36004642,36004642,25.80400085,Ramp-36004642 & DIX ST NE & EASTERN AVE NE,13,4c148de5dac5019bff01939bb78db204,4002a,,4978873
-8574221.51014742,4711821.4913689,11040042_11053752,11040042,1665.51000977,GEORGIA AVE NW & LAMONT ST NW,13,936002918d0dd057e8fd317f62dc4e2b,5277,,4978898
-8573121.64302907,4707256.80473878,11000202_11059602,11059602,447.02700806,MASSACHUSETTS AVE NW & 2ND ST NW,,12b44423dcd6ca553c1d572618c1af0f,2014,,4978940
-8581068.47648588,4709136.27434304,11037892_11075332_11078002,11037892,921.40899658,FOXHALL RD NW & RESERVOIR RD NW & SALEM LN NW,13,4973d66c3096c1fce83c254c1539b55b,6091,,4978942
-8573555.92964674,4705756.21922421,14000402_14049792,14000402,100.79399872,4TH ST SW & JEFFERSON DR SW,13,9beb801f4a46d4dcb454b0c7d6ecf584,2192,,4978963
-8572258.3486916,4706216.17068869,12000102_12025352_58013502,58013502,149.28999329,Driveway-58013502 & CONSTITUTION AVE NE & 1ST ST NE,13,93e9a7bf7b3f2a92b4097e046a873966,2159,,4978980
-8571992.83164973,4705587.07141111,13000202_13047972_13069812,13069812,0,PENNSYLVANIA AVE SE & INDEPENDENCE AVE SE & 2ND ST SE,13,a33734f53ef792b892ff55e4a9a932f1,4005,,4978996
-8564346.59072408,4705032.09984253,13015342_13031332,13031332,4076.56494141,E ST SE & BENNING RD SE,13,b55daccdd175bec90c0e9dbb169b8225,4233,,4979016
-8572508.93392178,4705584.61876636,13020322_13047972_13064282,13064282,0,NEW JERSEY AVE SE & CAPITOL PLZ SE & INDEPENDENCE AVE SE,,a9aaf47f479014af1171c44e6744075b,2212,,4979019
-8569745.56435405,4713447.08664466,12060582_12081442,12081442,3678.63305664,SOUTH DAKOTA AVE NE & MICHIGAN AVE NE,13,ba3eb6b440372eeede7b97d0def35297,3166,,4979031
-8569331.72364185,4712096.04458557,12001802_12061422,12001802,2623.75195313,18TH ST NE & MONROE ST NE,13,89605c2c14ae3601e573b27eeb5d06c7,3172,,4979039
-8574898.63329155,4708394.37745935,11001302_11063182,11063182,1741.60595703,N ST NW & 13TH ST NW,,748fc9126d4c471eea2649f5276c38e8,2141,,4979044
-8570299.85742437,4706439.70126744,12001302_12019822,12001302,422.61300659,13TH ST NE & C ST NE,13,ededb5c029cf03d80a226a4a7d85e9fc,3102,,4979054
-8575351.12973763,4705609.85875062,14001502_14047972_14047972A_14047972A_14047972A_14074702,14074702,0,RAOUL WALLENBERG PL SW & 15TH ST SW & INDEPENDENCE AVE SW & INDEPENDENCE AVE SW,13,d9b71f27589df0046ca6e94c2f90fad9,1226,,4979060
-8572608.8167785,4708410.11229111,11064672_12063182_12064672,12064672,0,NEW YORK AVE NE & NEW YORK AVE NW & N ST NE,13,55f8763586b916dc226a8f7792aee3cb,3039,,4979082
-8574731.83624949,4705209.71622439,14001202_14026912_36002782,36002782,100.09799957,Ramp-36002782 & D ST SW & 12TH ST SW,13,d0050be38e8b2438d78e11e3739c9454,1217,,4979105
-8571246.83373891,4714890.23595069,12039262_12081442,12081442,5298.41894531,SOUTH DAKOTA AVE NE & GALLOWAY ST NE,13,dd53df57d3536817906b6b0c67813662,3208,,4979106
-8576438.58718393,4707894.24432315,11001902_11053492,11001902,1292.68005371,19TH ST NW & L ST NW,,16870f50bcf2bdff85c603e25777f72e,1112,,4979126
-8573556.33482607,4706230.04160106,11000402_11069812,11069812,460.33700562,PENNSYLVANIA AVE NW & 4TH ST NW,13,ef9c7ba152152954c97a4bbef4cb20fd,2030,,4979144
-8571427.84593804,4706803.12879271,12000602_12031332,12000602,700.21502686,6TH ST NE & E ST NE,13,59c263a3be5a516a775554a7a552cf0a,3072,,4979153
-8570299.60107171,4704706.52693428,13001302_13038612_13069812,13069812,1486.82202148,PENNSYLVANIA AVE SE & G ST SE & 13TH ST SE,13,e9bc8be79c9a0477e0500bbd27bcfacf,4045,,4979170
-8570378.73582015,4714048.92337515,12078192_12081442,12081442,4358.81494141,SOUTH DAKOTA AVE NE & SARGENT RD NE,13,404a97ab9283dad38d1531591fa47ba4,3212,,4979181
-8571344.0051341,4712014.85295057,12060582_12061422,12061422,0,MONROE ST NE & MICHIGAN AVE NE,13,b22c9880c477769d4ac33522e0d0bbf0,3235,,4979182
-8568258.36517228,4701041.40600124,13009232_13009362,13009362,3219.62988281,ALABAMA AVE SE & AINGER PL SE,13,58ff21b4943656c5ae4ff6daeb579b48,4093,,4979233
-8570526.72494823,4712018.11617883,12061422_58011052,58011052,0,Driveway-58011052 & MONROE ST NE,13,91ef6d294def0d5fd0503281874e8942,3437,,4979245
-8571040.13610991,4706704.99862647,12000802_12059472,12000802,624.3460083,8TH ST NE & MARYLAND AVE NE,,954abfe904cb60478f6bd0e67b28b811,3085,,4979251
-8575667.95809625,4708167.40813366,11001602_11057852,11001602,662.26599121,16TH ST NW & M ST NW,13,e21b530252631ffd92978189b09486c3,1054,,4979277
-8568729.71893592,4700348.87484048,13002202_13009362,13009362,2446.29492188,ALABAMA AVE SE & 22ND ST SE,13,1e25852a68224f01f7e77e4b6def8adb,4195,,4979281
-8571154.20401955,4714798.92355697,12039062_12081442,12081442,5197.33984375,SOUTH DAKOTA AVE NE & GALLATIN ST NE,13,9851e2d6627a5512e5452b912803be40,3254,,4979302
-8577863.970412,4711893.35931757,11025152_11029182,11029182,0,DEVONSHIRE PL NW & CONNECTICUT AVE NW,13,044264829ac09cce2f44ed160d013186,6067,,4979305
-8565815.16510044,4706587.79713016,12003902_12015342,12015342,3144.60205078,BENNING RD NE & 39TH ST NE,13,ce080f4aa86acf54555e6e68ee265423,4257,,4979328
-8571664.67759602,4706216.42377494,12000402_12025352,12000402,244.94500732,4TH ST NE & CONSTITUTION AVE NE,,edc8d726de10d84b46d803f0312f217e,3056,,4979335
-8572787.8814465,4703081.33608634,14000052_14071892,14000052,1020.72399902,HALF ST SW & POTOMAC AVE SW,,8ed7cf28b0f27dc8a382d0e64057d9c5,2280,,4979339
-8570658.45549013,4704679.44972341,13001102_13038612,13001102,947.80603027,11TH ST SE & G ST SE,13,61cd56ad7c901ea150c2ffc2a342f8f2,4036,,4979375
-8580180.63762526,4714262.21203551,11003902_11063762,11063762,2456.57202148,NEBRASKA AVE NW & 39TH ST NW,13,c459ec952455cc485f22ad3f9f61e241,6037,,4979397
-8580173.60858053,4711852.83694568,11003902_11047842_11059602,11047842,267.67300415,IDAHO AVE NW & 39TH ST NW & MASSACHUSETTS AVE NW,13,eabcda7ae26b81bd48c7c1d9cb5ca5bd,6036,,4979413
-8576600.36624011,4706980.13250654,11002002_11034382,11002002,477.72698975,20TH ST NW & F ST NW,,f2625dc1fc2afee05079bbb58084f6d3,1120,,4979422
-8570299.33109471,4713185.35530927,12001302_12084892,12084892,1393.6529541,TAYLOR ST NE & 13TH ST NE,13,738bd82b16cc1559360d00508ecf09c7,3161b,,4979433
-8574908.04809225,4711184.5023556,11001302_11043742,11043742,812.07501221,HARVARD ST NW & 13TH ST NW,,732f6dabedb087d333e25607e08fdbf1,5039,,4979457
-8575647.55639981,4718862.91500794,11001602_11046082,11001602,8957.88867188,16TH ST NW & HOLLY ST NW,13,a7f9ac1024ea70db32c44e18e558897d,5093,,4979461
-8569987.86081392,4706439.66924598,12001402_12019822,12001402,418.81100464,14TH ST NE & C ST NE,13,7283f5a11ea93881149e4ac7c81f1567,3108,,4979495
-8581350.78918858,4715853.25390176,11049982_11092692,11049982,1896.77197266,JENIFER ST NW & WESTERN AVE NW,13,c713c0e0474843ccbe90aa9c5e48790c,6127,,4979501
-8572417.68155226,4696788.30176426,13033152_14033152_15081252,15081252,7376.8828125,SOUTH CAPITOL ST BN & ELMIRA ST SE & ELMIRA ST SW,13,39dc4925c3155f55b0b913d80a3fcf1b,4185,,4979507
-8576996.45645595,4705507.34269312,14027302_14047972,14047972,3456.5300293,INDEPENDENCE AVE SW & DANIEL C FRENCH DR SW,13,6dc554256dd27be5115e2464016bb2b5,1240,,4979553
-8581738.82983874,4712108.28935631,11037892_11063762,11037892,3369.38500977,FOXHALL RD NW & NEBRASKA AVE NW,13,6967c70c229fa0bf0504c34d7ccb344b,6113,,4979594
-8572064.00035383,4703995.09731713,13057852_13064282,13057852,428.61599731,M ST SE & NEW JERSEY AVE SE,,e851d7bbe72632e7b8a4dc8ac00adb1f,2260,,4979595
-8574744.14024109,4715708.61581563,11040042_11058372,11058372,1700.31005859,MADISON ST NW & GEORGIA AVE NW,13,f40b15563c3184dd258a81cca27f1ae1,5137,,4979619
-8576352.63528764,4710600.55423906,11001802_11009102_11024632,11024632,2368.35302734,COLUMBIA RD NW & 18TH ST NW & ADAMS MILL RD NW,13,fc874862aeed96ecdd8d6a4e5fbf1e42,6001,,4979639
-8573834.96695154,4713372.04954491,11064222_11088012,11088012,587.83300781,UPSHUR ST NW & NEW HAMPSHIRE AVE NW,13,a1b5b2f6d631860c609bd96f2b9d5e74,5158,,4979645
-8574038.82122021,4710075.41759693,11040042_11090152,11090152,1114.89294434,W ST NW & GEORGIA AVE NW,,fe5315b4b494c5195ba0db3bab3a6a67,5148,,4979674
-8573533.85090684,4709161.88484322,11064282_11074162,11064282,2366.90600586,NEW JERSEY AVE NW & R ST NW,,8068e1a0b9e4c861b76e199fa96f05d4,3028,,4979680
-8574897.9646613,4705209.81805663,14001302_14026912,14026912,1290.97802734,D ST SW & 13TH ST SW,13,5115b3622ec3c870154a06c02a32e5a6,1221,,4979696
-8571873.50900074,4711713.74344898,12048752_12060582,12060582,755.69396973,MICHIGAN AVE NE & IRVING ST NE,13,6d06c0065ace31c334b2ad76402adfa4,3234,,4979728
-8574343.75288824,4709949.36662312,11088462_11089442,11088462,1020.92602539,V ST NW & VERMONT AVE NW,13,57bb56427a25517276b95bb1d9f4206c,5202a,,4979742
-8571726.95259471,4715769.43077916,12023332_12076052,12076052,881.98797607,RIGGS RD NE & CHILLUM PL NE,,4db485c1d029bd46b845b473ebb01346,5189,,4979764
-8575379.21915101,4713349.49214894,11011052_11088012,11011052,377.85699463,ARKANSAS AVE NW & UPSHUR ST NW,13,de76beba705fecf9990fd5f0ac28735f,5111,,4979772
-8569337.94425935,4707088.56347702,12001702_12039002,12001702,945.95202637,17TH ST NE & GALES ST NE,13,0eb21d0d3a16099d43e5703be384d2e5,3121,,4979784
-8576600.76884514,4709519.88617003,11002002_11036722,11002002,2418.78491211,20TH ST NW & FLORIDA AVE NW,,4bf50a202bc458e7ff3acd8b7da2716f,1376,,4979788
-8576517.266203,4705484.34299166,14047972_14047972A,14047972,3082.6340332,INDEPENDENCE AVE SW & INDEPENDENCE AVE SW,13,d37e1cff9d8b4f9a979b6d0a6e02a0cc,1253,,4979803
-8571033.0387802,4708039.29352322,12000802_12036722_12055522A,12000802,1661.02197266,8TH ST NE & FLORIDA AVE NE & LINCOLN CIR NE,,6cec8551307571082341b1172c687590,3082,,4979813
-8578678.91045486,4708482.99561464,11065842_11094052,11065842,3381.44311523,O ST NW & WISCONSIN AVE NW,13,76214c3e2466d6b8af4b80bba0e18e77,6134a,,4979824
-8569261.97153851,4708163.81868169,12001702_12057852,12057852,1107.20495605,M ST NE & 17TH ST NE,13,3575a563a08845ff115dc20f8f450ee9,3124,,4979837
-8571718.61937963,4698226.89905154,13000402A_13000402A_13061292_13093602,13061292,786.74499512,MISSISSIPPI AVE SE & 4TH ST SE & WILMINGTON PL SE,13,4c55079f3d1b7eaed64b2ee56e653ab3,4138,,4979866
-8572819.21807652,4706613.21375763,11026912_11064282,11064282,311.78201294,NEW JERSEY AVE NW & D ST NW,,b7593108ee3c6125fe83bdbfc3b2e0e1,2149,,4979868
-8571353.15614542,4703994.87046411,13048842_13057852,13057852,982.72399902,M ST SE & ISAAC HULL AVE SE,13,d2bc5b8c7761abb35ecd4e8ad0c40dd7,2249,,4979869
-8570304.17443446,4706214.87731908,12001302_12025352_12085212,12001302,247.57099915,13TH ST NE & CONSTITUTION AVE NE & TENNESSEE AVE NE,13,a82ef67cd05ee27cad01cf7f93679900,3103,,4979872
-8568425.88164845,4710010.03434945,12015992_12073712,12015992,2304.58496094,BLADENSBURG RD NE & QUEENS CHAPEL RD NE,13,fd775a2b311d65edac1f05a4c0f481ad,3145,,4979897
-8569945.54675008,4702607.27869626,13001402_13059032,13059032,602.55999756,MARION BARRY AVE SE & 14TH ST SE,,8f2c312cfc11b4343499c5d8a3fc294c,4115,,4979898
-8571428.98766046,4705298.56023833,13000602_13069812_13079172,13069812,493.68600464,PENNSYLVANIA AVE SE & 6TH ST SE & SEWARD SQ SE,13,efbe8ccd2087f094c2fe8653e021180f,4018,,4979909
-8574610.81934784,4708166.45432234,11001102_11057852,11057852,1516.41796875,M ST NW & 11TH ST NW,13,eae2cd337f44df063c58a18a1f1ff0c5,2108,,4979922
-8576941.23052324,4706228.86526969,11025352_11044262,11044262,259.65600586,HENRY BACON DR NW & CONSTITUTION AVE NW,13,1716070f9dba088885abf70570b4a228,1180,,4979942
-8577275.75011413,4707746.06273463,36003102_36003302_36004912_36004932,36004912,48.55099869,Ramp-36004912 & Ramp-36003102 & Ramp-36003302 & Ramp-36004932,13,5fdd0453492f34455366b0faa16e33cc,1381,,4979957
-8574593.3299074,4719355.69412061,11009422_11051022,11009422,1291.68505859,ALASKA AVE NW & KALMIA RD NW,13,16565648eb0f18fe82888670786db9e8,5117a,,4979994
-8572609.6719985,4705222.62088616,13026912_14026912_15081252,15081252,280.02398682,SOUTH CAPITOL ST BN & D ST SW & D ST SE,13,056b7fad99237dde8e9b3550eb503a76,2225,,4980004
-8575157.86977037,4710103.20979123,11001402_11090152,11001402,3214.94995117,14TH ST NW & W ST NW,,bf12760ce5aef792e527089926d655fc,5074,,4980006
-8573474.20428535,4708949.31446483,11064282_11072862,11064282,2195.54199219,NEW JERSEY AVE NW & Q ST NW,,8698948c85f46f797e7f528f2dc33a85,3027,,4980008
-8568258.34707535,4701190.62888125,13002502_13009362,13009362,3335.51098633,ALABAMA AVE SE & 25TH ST SE,13,d42e475f65574b5233e85bb19c1ac3f9,4089,,4980013
-8579184.41924672,4714813.21637205,11025152_11027492,11025152,6217.65917969,CONNECTICUT AVE NW & DAVENPORT ST NW,13,775f92e0d6284ffbd86db73f065c6d92,6066,,4980045
-8566554.96150092,4705582.65459737,13003602_13012092_13061162,13012092,358.09698486,B ST SE & 36TH ST SE & MINNESOTA AVE SE,13,92f80c3e7796fa343362c7040eb91c15,4134,,4980057
-8577184.96335453,4705958.55126162,11002302_11060432,11060432,58.30599976,LINCOLN MEMORIAL CIR NW & 23RD ST NW,13,fc97246db5c84ff29139c9351704b171,1361,,4980069
-8578756.91636332,4713866.49563676,11025152_11093992,11093992,187.54200745,WINDOM PL NW & CONNECTICUT AVE NW,13,50568a9abaa1c8a472e392833cafca84,6086,,4980082
-8575665.06833956,4709586.39105356,11001602_11084562,11001602,1763.33496094,16TH ST NW & T ST NW,13,9692c180ac21317f3a201d8a34e79ad4,1060,,4980083
-8574305.83727398,4712556.39148842,11040042_11064222_11076702,11076702,1929.7590332,ROCK CREEK CHURCH RD NW & GEORGIA AVE NW & NEW HAMPSHIRE AVE NW,13,7ef29e9c2fb92a905f314f5ef8724e7e,5139,,4980084
-8580649.61772114,4714808.90474628,11027492_11094052,11027492,1742.16296387,DAVENPORT ST NW & WISCONSIN AVE NW,13,aa955ba3e926ec22f703b91f46ded77b,6133,,4980089
-8569781.28555388,4705516.96074164,13001502_13059602_13081382,13001502,297.22900391,15TH ST SE & SOUTH CAROLINA AVE SE & MASSACHUSETTS AVE SE,13,078aee1a9b59223d534957eca7a9f525,4046b,,4980102
-8571292.69441741,4716176.06032509,12031982_12076052,12076052,1359.71801758,RIGGS RD NE & EASTERN AVE NE,,05aa149c5654a48df682a275575778a3,5190,,4980129
-8574970.98278211,4708706.7630079,11056552_11075462,11075462,1892.26794434,RHODE ISLAND AVE NW & LOGAN CIR NW,13,9f9ad29e4c4bc0e2431587c892a9a5b8,2157g,,4980144
-8574041.01495798,4709120.01509614,11000702_11075462,11075462,1223.47302246,RHODE ISLAND AVE NW & 7TH ST NW,13,65acdfc31a1e695d42b471c5fa079105,3025a,,4980161
-8573819.01799217,4706442.91870166,11000602_11019822,11000602,169.05000305,6TH ST NW & C ST NW,13,5cc45d4a4a1658e30d3fd85314d17137,2038,,4980166
-8576439.66459695,4706783.47468874,11001902_11031332*1,11001902,430.61999512,19TH ST NW & E ST NW,13,24a290cc013885c02a4ad28c25a7679d,1106,,4980183
-8570599.00118921,4712013.79596401,12001202_12061422,12061422,590.81799316,MONROE ST NE & 12TH ST NE,13,6c9bd5a2df0c6f6e42ad3549284866be,3169,,4980195
-8571428.66207442,4705584.8255537,13000602_13047972,13000602,245.38400269,6TH ST SE & INDEPENDENCE AVE SE,13,b09ac228c79fd76d86de1657c39ea94a,4016,,4980199
-8571040.03751129,4705626.68227291,13000802_13065392,13065392,984.59899902,NORTH CAROLINA AVE SE & 8TH ST SE,13,5acebe7ec9195741eb48f38722b0f5d1,4021c,,4980200
-8563326.82802716,4707122.33387819,12029642_12063252,12029642,979.70898438,DIVISION AVE NE & NANNIE HELEN BURROUGHS AVE NE,13,de060a3988ab1523f00fc4aaae382809,4077,,4980209
-8571546.6893694,4706369.62959472,12000502_12019822,12019822,884.43798828,C ST NE & 5TH ST NE,13,ddde92d757b184a269c360692c978a24,3065,,4980217
-8571664.80014377,4705300.09713443,13000402_13065392_13079172,13000402,466.30700684,4TH ST SE & NORTH CAROLINA AVE SE & SEWARD SQ SE,13,0becc0e00b6e256cb47c339b68e21de1,4012,,4980222
-8573189.69456897,4709502.8022963,11000202_11075462_11078912,11078912,452.32400513,SEATON PL NW & RHODE ISLAND AVE NW & 2ND ST NW,13,73dcc8509d6dd30d8f615a88154b492f,3008,,4980240
-8569459.87425228,4705349.058109,13001702_13059602,13001702,427.45401001,17TH ST SE & MASSACHUSETTS AVE SE,,c16fdbaf5ad5ce4e27d2cc1d0b35884c,4053,,4980259
-8575630.48421098,4711461.12798301,11001502_11048752,11048752,2623.86010742,IRVING ST NW & 15TH ST NW,13,6e3e1dd6c2088635dd205c39b1dde5f9,5075,,4980261
-8576489.04896423,4708666.89700706,11031202_11064222,11031202,401,DUPONT CIR NW & NEW HAMPSHIRE AVE NW,13,8fe1fcc79b30af2f59f37a91e47ca5e0,1195,,4980277
-8569459.22801361,4704821.2551622,13001702_13071892,13001702,837.15899658,17TH ST SE & POTOMAC AVE SE,13,c78f8bdb520c2b275f4dea5a1d866588,4054,,4980327
-8576804.09679562,4709757.25189432,11019892_11025152,11025152,1851.55395508,CONNECTICUT AVE NW & CALIFORNIA ST NW,13,3721b2c98eb0f97049da203787618a15,1175,,4980374
-8570297.52318516,4707636.32834988,12001302_12036722,12036722,2051.5690918,FLORIDA AVE NE & 13TH ST NE,13,535cd31e3bcd839fae10f4d0d6ae47ff,3104,,4980376
-8576247.88508791,4706433.10028409,11001802_11019822,11019822,883.74798584,C ST NW & 18TH ST NW,13,f524fdace4bdbb7364b0b98121b8e2dd,1256,,4980383
-8573816.90238435,4706805.0651255,11000602_11031332,11000602,450.14801025,6TH ST NW & E ST NW,13,2a371255c03669f1635c516f7894153e,2041,,4980399
-8576795.66383264,4706980.09470314,11002102_11034382,11034382,2668.08398438,F ST NW & 21ST ST NW,13,2bfa7783f6cd6506b89a3ad05f094da0,1229,,4980401
-8576432.64878074,4708649.9491481,11031202_36004152,11031202,16.21800041,DUPONT CIR NW & Ramp-36004152,13,7c085453d28b215797e615f7f84ca918,1195a,,4980403
-8574105.99811795,4712901.58885702,11064222_11074682,11074682,544.03497314,RANDOLPH ST NW & NEW HAMPSHIRE AVE NW,13,188c32cfdcdd94a6809088d0feac65c0,5008,,4980424
-8575511.59207884,4707387.54488258,11042442_11058302_11089442,11042442,2369.11401367,H ST NW & MADISON PL NW & VERMONT AVE NW,13,6fa54f82b4dc57caf643a6c09ae4196e,1191,,4980429
-8573043.33959996,4704396.18040287,14028662_14047772,14028662,224.33000183,DELAWARE AVE SW & I ST SW,13,63671a44b3709b6662d2bd22e9ae9ef0,2206,,4980435
-8572431.45983879,4703995.34948009,13000052_13057852,13057852,142.18400574,M ST SE & HALF ST SE,13,aed166687c352e186c6284d1c9e9c7c7,2268,,4980442
-8571546.2266638,4706511.92449719,12000502_12019822*1,12019822,700.79101563,C ST NE & 5TH ST NE,13,0a91d2c64fc73ccc767ff49a3ddcdff1,3066,,4980464
-8577696.23653188,4707948.99120472,11002602_11069812,11069812,4117.20605469,PENNSYLVANIA AVE NW & 26TH ST NW,13,52ceef85902e78cf95a648d43de778ff,1173,,4980468
-8576115.45090315,4709877.58693556,11036722_11078972,11036722,3028.4699707,FLORIDA AVE NW & SEATON ST NW,13,ec73d4c56a267420c4bb39b872486334,1235,,4980488
-8572608.51614933,4709004.71622829,15065322_36003672,36003672,0,Ramp-36003672 & NORTH CAPITOL ST BN,14,de08e7190b9112361a5ff8620b5f7118,3038,,4980500
-8575321.93843991,4715332.48710352,11001402_36003362,11001402,7211.43603516,14TH ST NW & Ramp-36003362,13,0af9682035be3632e7e680f1deb2599f,5065a,,4980513
-8573815.59272297,4704395.96356084,14000602_14047772,14000602,702.25097656,6TH ST SW & I ST SW,13,3c43760d3c0151089c28b783ef077379,2197,,4980536
-8562448.5243155,4707125.15083422,12005802_12063252,12005802,955.49401855,58TH ST NE & NANNIE HELEN BURROUGHS AVE NE,13,7d26bf2d0ade606af0b64c057ffc55eb,4076,,4980543
-8576239.11666215,4709162.27468867,11001802_11074162,11074162,2829.26196289,R ST NW & 18TH ST NW,13,f996011c35e992b48092af4b18ff8ce5,1100,,4980552
-8568502.79980663,4711018.06598416,12002402_12038092,12002402,1162.44604492,24TH ST NE & FRANKLIN ST NE,,17ba959eecf70f5903e5065ec19818a1,3158,,4980565
-8572301.60433769,4711222.83487589,12038092_12060582,12060582,241.56900024,MICHIGAN AVE NE & FRANKLIN ST NE,,172c299cb1db8a63b9fe59f51254ef65,5233,,4980607
-8570657.65713784,4706904.79185976,12001102_12059472,12059472,1152.19799805,MARYLAND AVE NE & 11TH ST NE,,42bc5217056045da3dce8e5827eea95c,3097,,4980611
-8574654.45790236,4714780.52306238,11039062_11040042,11039062,1598.02001953,GALLATIN ST NW & GEORGIA AVE NW,13,28445ab8bc84aaa790b3d701b9a4b288,5128,,4980612
-8579662.26463738,4712149.30791897,11057982_11094052,11057982,1496.36999512,MACOMB ST NW & WISCONSIN AVE NW,13,c2c3ed09bace8ecac5a79576f65352e6,6143,,4980613
-8564831.54151225,4707438.68485156,12004402_12047192_12063252,12047192,444.64498901,HUNT PL NE & 44TH ST NE & NANNIE HELEN BURROUGHS AVE NE,13,0c9ad34a067735125f136f7029979ba0,4073,,4980629
-8567027.83657649,4701248.70706579,13017352_13033602,13017352,2267.38208008,BRANCH AVE SE & ERIE ST SE,13,388c579757f3060bf975fd9e33dc868b,4197,,4980630
-8579229.91953286,4709746.63530218,11093082_11094052,11094052,1668.375,WISCONSIN AVE NW & WHITEHAVEN PKWY NW,13,badfffc457ba5ced438dfa8d85cba015,6154a,,4980634
-8571991.78779209,4706673.06418605,12000202_12059602,12000202,599.29199219,2ND ST NE & MASSACHUSETTS AVE NE,13,311bf2810dddc3fcca61054b56fc1560,3050,,4980657
-8577465.72401502,4716174.10117532,11040722_11060642_11067792,11060642,1952.07104492,MILITARY RD NW & GLOVER RD NW & OREGON AVE NW,13,aab826e5229b77d626211dc2150142f6,6111,,4980660
-8569698.74804575,4707476.14730423,12015992_12059472_12062202,12059472,1943.54394531,MARYLAND AVE NE & BLADENSBURG RD NE & MORSE ST NE,,12d50bd8defebc2bac254c70ea392c34,3143,,4980663
-8576600.23394051,4707118.68762923,11002002_11038612,11002002,585.26000977,20TH ST NW & G ST NW,,fa8c77417983d83baadb437979bee64d,1121,,4980664
-8574247.47876078,4712052.8954218,11040042_11068902,11068902,449.90899658,PARK RD NW & GEORGIA AVE NW,13,10c8af2c11f41a6929c2f1d6877fafbe,5140a,,4980668
-8575157.65124413,4707893.24083699,11001402_11053492,11001402,1577.54394531,14TH ST NW & L ST NW,,f63110cea700e723ffd3d38eb1b4814c,1017,,4980669
-8573766.18422811,4711489.44705872,47089012_47089052,47089012,51.83399963,Alley-47089012 & Alley-47089052,13,dd14e4c613de467a47e141693d2c184e,5176,,4980670
-8577112.43802216,4705942.18485096,11044262_11060432,11060432,0,LINCOLN MEMORIAL CIR NW & HENRY BACON DR NW,13,53926d6be4f01a714328b9aaed0d2ee9,1362,,4980678
-8580405.25473482,4713980.42726441,11085182_11095222*1,11095222,1176.93103027,YUMA ST NW & TENLEY CIR NW,13,babb800711fbfc203084d3f1e60333c9,6156f,,4980688
-8573068.1712499,4706227.24327752,11025352_11057132,11057132,489.58700562,LOUISIANA AVE NW & CONSTITUTION AVE NW,13,9081adf69f7605b8430f00a0929a9cfa,2148,,4980708
-8573499.47173421,4717892.66559492,11016382_11019632,11019632,0,BUTTERNUT ST NW & BLAIR RD NW,13,c1e79a12626d1c28686b187b14efb425,5274,,4980712
-8569109.2500852,4712665.53931284,12069942_12081442,12081442,2895.27294922,SOUTH DAKOTA AVE NE & PERRY ST NE,13,f77e032930a493e1497e3c34427765e4,3211,,4980738
-8571119.98503793,4706216.82485892,12025352_12059602,12025352,1164.58605957,CONSTITUTION AVE NE & MASSACHUSETTS AVE NE,13,ca33062b5217622325d64b4873bb67f5,3078,,4980741
-8572956.47312647,4703991.75297948,14000102_14057852,14000102,371.52801514,1ST ST SW & M ST SW,,14369d034ff7942db16feeb7f581d577,2174,,4980742
-8574696.19919505,4716484.66231974,11040042_11072932,11072932,1408.77197266,QUACKENBOS ST NW & GEORGIA AVE NW,13,5d952d80e45fb787fc517b76f7d6a141,5261,,4980749
-8567679.36983896,4701741.41985507,13003002_13009362,13009362,3975.5390625,ALABAMA AVE SE & 30TH ST SE,13,8709d31ae2437092ed5802700b89a83b,4090,,4980753
-8576437.75428103,4708167.69706519,11001902_11057852,11001902,1504.88500977,19TH ST NW & M ST NW,13,a78856788a5c62f35c1c9773e0457155,1113,,4980768
-8568623.09692666,4700373.03558766,13009362_36004522,36004522,222.18600464,Ramp-36004522 & ALABAMA AVE SE,13,eb62a65aa4a20ff68fbcf5624ece40b5,4088,,4980770
-8573669.87546137,4706270.61174678,11025352_11069812*1,11069812,554.25799561,PENNSYLVANIA AVE NW & CONSTITUTION AVE NW,13,347f111f531c3e41b00c4ba7ac191b51,2205,,4980773
-8574040.7097094,4706968.96912128,11000702_11034382,11034382,1020.74902344,F ST NW & 7TH ST NW,13,4f27ea0441a7beb69ddde6c07bd0e10f,2055,,4980798
-8568620.80011048,4703385.96082775,13002302_13061162,13002302,0,23RD ST SE & MINNESOTA AVE SE,13,5ec94f241eb07fa1e5b612768a0184d2,4133,,4980799
-8573289.60917502,4706614.09577996,11000302_11026912_36005722,36005722,0,Ramp-36005722 & D ST NW & 3RD ST NW,13,06b4e95451692d1181bb564257ee9655,2017,,4980833
-8581022.19204429,4716180.70083847,11092692_11094062,11094062,0,WISCONSIN CIR NW & WESTERN AVE NW,13,8b7dff84e11e671d885db067b0236312,6239,,4980843
-8580938.35680516,4714697.69575369,11004302_11076312,11076312,425.49700928,RIVER RD NW & 43RD ST NW,13,30234a5fc896c40b75b6af0d46699bda,6044,,4980873
-8572436.9843497,4713989.76299332,11009882_12009882_12023852_12043812,12009882,0,ALLISON ST NE & ALLISON ST NW & HAWAII AVE NE & CLERMONT DR NE,13,4429b22a33039bea982304ab684edffb,5182,,4980914
-8575177.91269864,4710739.98819176,11001402_11033862*1,11033862,837.01098633,EUCLID ST NW & 14TH ST NW,13,62e16558c8c798cd6dd709c1bb6443be,5057,,4980929
-8578837.46110287,4714045.91981054,11025152_11095222,11095222,0,YUMA ST NW & CONNECTICUT AVE NW,13,84251ac9ca260be8fb0d397e48329749,6085,,4980943
-8574899.78704857,4706707.35612744,11001302_11069812,11069812,1570.97998047,PENNSYLVANIA AVE NW & 13TH ST NW,,445413e674dbe45305970fbcda74e03b,2131,,4980973
-8574910.01871023,4712550.13981775,11001302_11081832,11081832,415.73001099,SPRING RD NW & 13TH ST NW,,cc9499a8dc54fc347da50b6b0775798c,5042a,,4980979
-8573816.45094516,4708585.05086589,11000602_11065842,11000602,1831.54003906,6TH ST NW & O ST NW,13,67572d2af4f7b7d380a92c4f11808cc0,3016,,4980981
-8575655.76227292,4714264.11201945,11001602_11028212,11001602,5392.08496094,16TH ST NW & DECATUR ST NW,13,b80f10a6e6652b012b8d1f9cf0c2737d,5087,,4980990
-8567274.83538496,4704289.83163074,13061162_13074492*1,13074492,144.4960022,RANDLE CIR SE & MINNESOTA AVE SE,13,aafcc57471c904924811722e9d562455,4137,,4981003
-8573500.8424452,4709391.10266616,11000402_11036722_11077672,11036722,791.7210083,FLORIDA AVE NW & S ST NW & 4TH ST NW,13,4421e1bacaaa2991b512f93ce3879874,3013,,4981012
-8572574.26634158,4709054.7454011,12055642_12073972,12073972,26.63299942,QUINCY PL NE & LINCOLN RD NE,11,950df7663bffe807a9c4293a006da048,3038a,,4981016
-8573708.46742787,4707117.54990952,11000502_11038612,11000502,389.86599731,5TH ST NW & G ST NW,13,4d54dda40443142e13b56d7ef1ce2448,2033,,4981033
-8580540.83582142,4716090.67487683,11004102_11060642,11060642,4357.0390625,MILITARY RD NW & 41ST ST NW,13,ef581fcad2d83e828dd3c8bd8bab2d5e,6040,,4981037
-8571822.82054705,4701741.83831912,13035682_13077742_13083002,13083002,0,STEVENS RD SE & FIRTH STERLING AVE SE & ST ELIZABETHS RD SE,13,6c95fa33d6ee4a696be8510b1f40a1d2,4269,,4981043
-8565212.30423055,4707634.3522993,12061162_12063252_62059462,12061162,1644.31201172,MINNESOTA AVE NE & NANNIE HELEN BURROUGHS AVE NE & MARVIN GAYE TRAIL NE,,2d2ff9e17f09f5f1fa81aa2cf3fd7581,4079,,4981054
-8575283.2146528,4707893.3776227,11053492_11089442,11089442,280.94100952,VERMONT AVE NW & L ST NW,,75075da4405a3692746254fd55c46dc1,1192,,4981065
-8577630.5120937,4711377.1829817,11020992_11025152,11020992,956.32501221,CATHEDRAL AVE NW & CONNECTICUT AVE NW,13,88b546c45e600e6a8f4d9e63baa884eb,6065,,4981069
-8575245.06219045,4711918.10321679,11001402_11064612*1,11064612,161.86099243,NEWTON ST NW & 14TH ST NW,13,fc44733f0302ebd01d17e21ca493bec8,5212,,4981090
-8579254.4915354,4709785.70766715,11093142_11094052,11093142,691.77502441,WHITEHAVEN ST NW & WISCONSIN AVE NW,13,efee5958d882fe75055aeb9f523a5ac3,6154,,4981098
-8572399.97751064,4706612.99786375,12026912_12028662,12028662,317.98199463,DELAWARE AVE NE & D ST NE,13,058f21832621e052436715c04372074c,2168,,4981100
-8576241.55219448,4708167.60723655,11001802_11057852,11057852,2707.48803711,M ST NW & 18TH ST NW,13,52c77c00a9f66166734f01551a120599,1094a,,4981107
-8576440.34640667,4706700.46827987,11001902_11031332,11001902,366.18600464,19TH ST NW & E ST NW,13,87c7ace226ec9554b3f3c1879b2c2a20,1105,,4981121
-8572112.31297819,4708631.36598324,12036722_12064672,12036722,440.34698486,FLORIDA AVE NE & NEW YORK AVE NE,13,f58d995ee2327b19c0ff94910468b1cd,3033,,4981134
-8574688.39370421,4715097.42056093,11040042_11048422,11048422,1620.8840332,INGRAHAM ST NW & GEORGIA AVE NW,13,5136fc4a3751617387bbae167dc44423,5132,,4981138
-8571173.98221015,4707717.9710618,12000702_12050892,12050892,1119.01501465,K ST NE & 7TH ST NE,13,d62ecb60e3af1f19b089b7f33b6653d4,3080,,4981139
-8575887.82948341,4707893.97201123,11001702_11053492,11001702,1669.82397461,17TH ST NW & L ST NW,,a7366cf0e29d734c4a5e5412ddef0373,1073,,4981146
-8580054.76232244,4713251.97420941,11075672_11094052_58016502_58023052,58016502,78.15599823,Driveway-58016502 & Driveway-58023052 & WISCONSIN AVE NW & RIDGE SQ NW,13,65eea523fea5f72519a837b856275293,6137,,4981157
-8572257.02725413,4705222.5081921,13000102_13026912,13000102,527.12298584,1ST ST SE & D ST SE,13,fd926d82981a1f2fe1e8f453efe94fb0,2234,,4981180
-8568838.46651353,4700311.21496521,13002102_13009362_13018522_47053202,47053202,0,Alley-47053202 & 21ST ST SE & BRUCE PL SE & ALABAMA AVE SE,13,0a7ce9b505a03d62a76095f515f4e4a9,4104,,4981184
-8577032.29982634,4709003.85915095,11002202_11036722_11059602,11036722,4034.28808594,FLORIDA AVE NW & 22ND ST NW & MASSACHUSETTS AVE NW,13,937ae69e3cb072d0145f9e3f49f7a826,1153,,4981192
-8567177.40615762,4706918.00275535,12010332_12015342,12015342,2045.73095703,BENNING RD NE & ANACOSTIA AVE NE,13,19ed5aee968f189c7a44398b5b37713e,4071,,4981222
-8572954.19562975,4709580.00233434,11000102_11084562,11084562,270.14401245,T ST NW & 1ST ST NW,13,ea37633532161a22430491cf79912177,3007a,,4981225
-8574406.08540528,4712383.06074249,11064222_11072342_11081832,11072342,526.48498535,PRINCETON PL NW & NEW HAMPSHIRE AVE NW & SPRING RD NW,13,d22022ac3aa404a6f308935c5255d11b,5254,,4981228
-8576794.38205627,4707298.15976258,11002102_11042442,11042442,3501.40795898,H ST NW & 21ST ST NW,13,e600ba48665deb46abbf1f208a63fa30,1136,,4981249
-8566877.42814047,4710228.34936851,12003332_12081442_58010312,12081442,317.53601074,SOUTH DAKOTA AVE NE & 33RD PL NE & Driveway-58010312,13,2324afe169a1c2bd794980952618092f,3248,,4981274
-8575346.02006985,4707388.16030067,11001502_11042442,11042442,2240.08789063,H ST NW & 15TH ST NW,13,c4e0e28c8a2473a43902c59fc8f79d1c,1034,,4981286
-8574562.15166301,4713958.55192679,11018782_11040042,11018782,913.4130249,BUCHANAN ST NW & GEORGIA AVE NW,13,e24fc2e58723a143e119e3090e4d891b,5119,,4981287
-8572335.15314101,4708752.32166773,12036722_12068382,12036722,242.96600342,FLORIDA AVE NE & P ST NE,13,0866c1c163ecdc48b21b91acb0272212,3244,,4981290
-8575655.99769492,4713806.3624621,11001602_11009882,11001602,5037.05419922,16TH ST NW & ALLISON ST NW,13,a640112b680fd8973e87321740dde02e,5082,,4981296
-8579317.16821502,4713534.28364215,11075272_11088922,11075272,720.37902832,RENO RD NW & VAN NESS ST NW,13,041b975f35d174419b416b8d3c7ed294,6125,,4981309
-8569539.52276676,4707331.19471172,12001602_12015342_58015712,12015342,173.93600464,BENNING RD NE & Driveway-58015712 & 16TH ST NE,13,1ada1ff226a3cdccd3e99a88cd987cff,3134,,4981315
-8572623.4685685,4716658.05938233,11023332_12023332_15065322,12023332,1812.56604004,CHILLUM PL NE & CHILLUM PL NW & NORTH CAPITOL ST BN,13,e230e9966cfbe0728c7def9b88730af6,5198,,4981325
-8570508.24567348,4707750.46594532,12001202_12036722_12061622,12036722,1864.99694824,FLORIDA AVE NE & 12TH ST NE & MONTELLO AVE NE,13,c0f19f579b09085e3a8fd0626b08570c,3099,,4981326
-8575669.27546805,4707550.93206299,11001602_11047772,11001602,183.86199951,16TH ST NW & I ST NW,13,dd84fa6298afcc3e8d4d542260fb87a7,1051,,4981339
-8580117.72410949,4713398.98534314,11088072_11094052,11088072,1474.04199219,UPTON ST NW & WISCONSIN AVE NW,13,1bc9dd123e3de9205c9e9743a268efa7,6246,,4981343
-8575190.22880055,4710900.30778177,11001402_11034582,11001402,3835.61401367,14TH ST NW & FAIRMONT ST NW,13,94efd0b4fadb0478e8694afebe190d4f,5058,,4981445
-8576413.99088359,4710682.5226041,11009102_11020022_47070842,47070842,173.28599548,Alley-47070842 & ADAMS MILL RD NW & CALVERT ST NW,13,589ff299f9aae9f4d9077b1b20786cca,6052,,4981459
-8578026.15903992,4710679.50324781,11002902_11020022_11023922_11059992,11023922,0,CLEVELAND AVE NW & 29TH ST NW & CALVERT ST NW & MCGILL TER NW,13,84c435183740ef27967c80601ab9c9d2,6010,,4981460
-8574056.47519677,4710357.5555733,11013652_11040042,11013652,0,BARRY PL NW & GEORGIA AVE NW,13,b49bdd0ac57dca0376007f1e4dd132c7,5246,,4981470
-8571310.44422417,4699507.21239037,13058542_13059452,13058542,951.88598633,MALCOLM X AVE SE & MARTIN LUTHER KING JR AVE SE,13,a2a986a5691a93bfabb3cac21ba5cb7c,4125,,4981473
-8572610.43983437,4704956.19944957,13031332_14031332_14091203_15081252,15081252,486.83599854,SOUTH CAPITOL ST BN & E ST SE & E ST SW & WASHINGTON AVE SW,13,a3bf9af97259be5c37a9d99046e365bd,2224,,4981474
-8573580.29973802,4709327.75184331,11064282_11075462,11064282,2500.59912109,NEW JERSEY AVE NW & RHODE ISLAND AVE NW,,e05e98d5ca92f52afd6f227977de1333,3029,,4981488
-8570554.01158802,4699396.12315361,13001202_13009362,13009362,788.07897949,ALABAMA AVE SE & 12TH ST SE,,efd21c80cb9dac805910466a3a2d7bcf,4282,,4981501
-8576101.30183519,4709901.74018772,11019892_11036722_47072582,11019892,0,CALIFORNIA ST NW & FLORIDA AVE NW & Alley-47072582,13,b2528b8fcb8518987f73db04fc26f912,1235,,4981541
-8573815.76373058,4717365.39279548,11000502_11088792,11000502,6404.05810547,5TH ST NW & VAN BUREN ST NW,13,e6fa244effb15644aa285f48d070bb75,5021,,4981549
-8575711.45128194,4708395.63538709,11078712_36002922_36003382,36002922,0,Ramp-36002922 & SCOTT CIR NW & Ramp-36003382,13,0a3bb3a30ded7a57e742d7ab1138a1f4,1059d,,4981572
-8579688.38912085,4711918.49281028,11094052_11094252,11094252,1782.98999023,WOODLEY RD NW & WISCONSIN AVE NW,13,2668a3b665a15421ed5fc58595ff19aa,6155,,4981591
-8576243.32036922,4707117.56912856,11001802_11038612,11038612,2070.26708984,G ST NW & 18TH ST NW,13,9b1e0f71e4bc1bedb64145a17e1977df,1089,,4981608
-8571041.59204403,4704887.75896427,13000802_13031332,13031332,1408.51501465,E ST SE & 8TH ST SE,13,5783295c7042615f57ea5cceecd38eb8,4231,,4981613
-8579743.99932064,4712520.06080353,11047842_11094052,11047842,884.0869751,IDAHO AVE NW & WISCONSIN AVE NW,13,cfdbab47529877514c088439270afe98,6266,,4981614
-8581227.04822431,4712310.48969421,11064092_11064412_11092812,11064412,1056.20996094,NEW MEXICO AVE NW & NEWARK ST NW & WESTOVER PL NW,13,7e66df09975d89c34c2c22b8b5f8a56f,6244,,4981635
-8572612.2386007,4703493.89552844,14065842_15081252,15081252,1622.11499023,SOUTH CAPITOL ST BN & O ST SW,13,555f002f27c70d23c144705f67aa7611,2262,,4981653
-8575447.88570359,4708738.92441847,11001502_11068382,11001502,2383.81689453,15TH ST NW & P ST NW,13,fe1e045ecad1e3a5d8497e2ae15151ca,1042,,4981664
-8574731.6351261,4705139.65973957,14001202_14059472,14059472,674.5579834,MARYLAND AVE SW & 12TH ST SW,13,0ec7c709a712be2258d26367381024fa,1220,,4981667
-8573817.39532757,4707331.57798678,11000602_11042442,11000602,858.78302002,6TH ST NW & H ST NW,13,bd08e4a17093ab0aeeaddaf81163916b,2044,,4981671
-8578676.37416811,4713690.36178037,11025152_11089242,11025152,5261.15722656,CONNECTICUT AVE NW & VEAZEY TER NW,13,79bee7bbf3d7f75fd63c247457d09634,6083,,4981687
-8575662.43426603,4710901.70185896,11001602_11038352,11001602,2783.90600586,16TH ST NW & FULLER ST NW,13,c69ece518f5610b99440b7a44e2da70d,5066,,4981694
-8577038.89274315,4706228.99879427,11002202_11025352,11002202,0,22ND ST NW & CONSTITUTION AVE NW,13,c2ae97789c4bf3bcef169b7ad2ebc71d,1146,,4981700
-8569262.52310633,4707717.05281102,12001702_12050892,12050892,1919.45800781,K ST NE & 17TH ST NE,13,a550a7fd11504cbf6b5acf1a4af35070,3439,,4981707
-8579027.60474134,4714467.782099,11017482_11025152,11025152,5923.25097656,CONNECTICUT AVE NW & BRANDYWINE ST NW,,db11dd2d8d9bf7cf560430c9f20a3c3a,6063,,4981721
-8574727.0327029,4707718.81151593,11001202_11050892_21050891_21050893,11050892,1647.48095703,K ST NW & K ST NW Service Rd & K ST NW Service Rd & 12TH ST NW,,8d4d8076bafbfb58e605de8ac4254e0b,2122,,4981724
-8574900.94332861,4713958.47935347,11001302_11018782_11048552,11018782,1177.24902344,BUCHANAN ST NW & IOWA AVE NW & 13TH ST NW,13,1e25cdbf5c88dd1022ec2a9942384faf,5040,,4981725
-8571992.53596571,4706440.60185735,12000202_12019822,12019822,353.05999756,C ST NE & 2ND ST NE,13,3591661eadeb1895bfa79bae9bb8f3cb,3046,,4981737
-8580799.57288457,4715185.9767078,11035552_11094052,11035552,1879.28796387,FESSENDEN ST NW & WISCONSIN AVE NW,13,c1694759d75bbe9c4da5cbdb98f9c537,6136,,4981740
-8574488.58439963,4711200.52579164,11043742_11080082,11043742,484.56399536,HARVARD ST NW & SHERMAN AVE NW,13,26f6ace3d88452b3d245719f0543afa9,5172,,4981742
-8570266.49082902,4710765.88408629,12001302_12017612_12075462,12001302,1637.87097168,13TH ST NE & BRENTWOOD RD NE & RHODE ISLAND AVE NE,13,ca1d12e4aa7edc74d125a63458c89fe2,3188,,4981743
-8577456.27830144,4710716.67874672,11002402_11020022_11080352,11080352,394.24200439,SHOREHAM DR NW & 24TH ST NW & CALVERT ST NW,13,3308e43d2a9c1e3891ae123819240fdc,6003,,4981747
-8570578.9208711,4697970.88375026,13090412_13092882,13092882,1123.03894043,WHEELER RD SE & WAHLER PL SE,13,b59c1f1a93692af4c9d71db0596f953a,4167,,4981755
-8581580.08948869,4713174.1369625,11004502_11059602,11004502,1336.31396484,45TH ST NW & MASSACHUSETTS AVE NW,13,f23a6d40f34bd53bb1d74b06e557e9fb,6279,,4981769
-8573555.24367402,4705886.04984181,11000402_14000402,14000402,0,4TH ST SW & 4TH ST NW,13,07bf1b9cd3ff464029cf335542f3a214,2186,,4981791
-8573494.67812108,4703359.94596908,14000322_14068382,14000322,0,3RD AVE SW & P ST SW,13,55593f00fd06c8c661ce332cc50a29f4,2195,,4981804
-8572608.11541701,4715503.18972181,11064222_12064222_15065322,15065322,6428.64111328,NORTH CAPITOL ST BN & NEW HAMPSHIRE AVE NW & NEW HAMPSHIRE AVE NE,13,987bffbbacc4f79968dfafeba4f01cb5,5201,,4981807
-8577857.26692462,4716089.64605259,11002702_11060642,11002702,1729.82897949,27TH ST NW & MILITARY RD NW,13,e7dd05255fc66ebc5b289793aca89fd2,6006,,4981832
-8576543.36305978,4710171.71686144,11024632_11051152,11024632,2738.48608398,COLUMBIA RD NW & KALORAMA RD NW,13,d2bcce91b23b0b4e45bac7cd178400ea,6060,,4981836
-8572256.94640789,4705361.90144183,13000102_13019822,13000102,418.92300415,1ST ST SE & C ST SE,13,efc96436da7a98458cf6f512fbf0e82f,2207,,4981837
-8570299.20208951,4713492.10566888,12001302_12089112,12001302,3758.41601563,13TH ST NE & VARNUM ST NE,13,8b8751f91a2d84fc83cfd8d864b77aff,3107,,4981859
-8571664.34448691,4710405.0926275,12000402_12018722,12018722,447.95700073,BRYANT ST NE & 4TH ST NE,,a10f34380cab408984ec7993678aafb9,3245,,4981860
-8574040.5444282,4707136.41657636,11000702_11038612,11038612,853.66400146,G ST NW & 7TH ST NW,13,45e40fd6e98f6ef9fbf0bf675691b52d,2057,,4981890
-8581758.60614142,4715440.27414905,11076312_11092692,11076312,1285.96704102,RIVER RD NW & WESTERN AVE NW,13,fa8fd224cff073d13de4d32316461b84,6128,,4981929
-8578990.88430484,4712014.42170416,11003402_11057332,11057332,97.39099884,LOWELL ST NW & 34TH ST NW,13,4c8db983525e585da20bcf7af8a6e246,6240,,4981963
-8575993.88510093,4706843.95454223,11001702_11082682,11001702,724.07702637,17TH ST NW & STATE PL NW,13,dbfc573c261ac44875d19e928f2cdc2f,1077,,4981969
-8574269.70305132,4712248.91799,11040042_11067992,11067992,426.81201172,OTIS PL NW & GEORGIA AVE NW,13,6c4fd2f9062caabadb43b6ad66a70957,5256,,4981972
-8575996.04666347,4706228.66280845,11001702_11025352,11001702,246.51800537,17TH ST NW & CONSTITUTION AVE NW,13,c4098e7808323c506438d37d2383bed5,1065,,4981995
-8575346.42935278,4706978.90903361,11001502_11034382,11001502,886.68103027,15TH ST NW & F ST NW,13,46b6735535a603c6ee35e4b5a72ed91f,1032,,4981999
-8566647.30010761,4710423.89015727,12003332_12037452_12059172,12059172,580.59301758,MARKET ST NE & 33RD PL NE & FORT LINCOLN DR NE,13,f972225a6e1e4a989ca8bc70cccaae81,3455,,4982007
-8573485.89604027,4711625.34353932,11048752_36001192_36001202_36003152,11048752,934.67602539,IRVING ST NW & Ramp-36001192 & Ramp-36001202 & Ramp-36003152,13,ca0c0367e6362e02996f68dafd80f58b,5151,,4982012
-8570910.42044216,4701853.43690347,13046732_13059452_13079822,13059452,982.85998535,MARTIN LUTHER KING JR AVE SE & HOWARD RD SE & SHERIDAN RD SE,13,e822a06e965889ae8b84982952ca95ed,4124,,4982067
-8569487.25808758,4700316.25149934,13018522_13082352,13082352,1686.21203613,STANTON RD SE & BRUCE PL SE,13,fc160d1bbd3ee74791a3af744d4448fd,4158,,4982085
-8575158.41190403,4707387.90198606,11001402_11042442,11001402,1185.3659668,14TH ST NW & H ST NW,13,05be984db67ef3afd873746e2ad3c76a,1014,,4982102
-8572955.1748204,4706804.03174416,11000102_11031332,11000102,658.46697998,1ST ST NW & E ST NW,13,8989597d9fee918ee360fa9ca7456714,2004,,4982126
-8575651.33473044,4716823.92543166,11001602_11079882,11001602,7377.10595703,16TH ST NW & SHERIDAN ST NW,13,bcb08fdc6e5f44df9c6fcee1d1fb38fd,5103,,4982144
-8574610.48175616,4707117.78571616,11001102_11038612,11038612,1303.43798828,G ST NW & 11TH ST NW,13,47a00d476ffac63a7d93bbfb0cdb298c,2104,,4982149
-8571497.99750925,4716075.08490813,12000602_12064872_12076052,12064872,417.70098877,NICHOLSON ST NE & 6TH ST NE & RIGGS RD NE,13,9c99941d25737e4c503feca83520fd7c,5191,,4982165
-8574039.50946519,4704900.58195586,14000702_14038312_36003852,36003852,49.47200012,Ramp-36003852 & 7TH ST SW & FRONTAGE RD SW,13,ef12a0ed0ef20182097bff6c9d6aad9f,1206,,4982167
-8574039.80999896,4706614.0883725,11000702_11026912,11026912,876.92102051,D ST NW & 7TH ST NW,13,da7d1baecc52ae4e958760ff95fbdfcd,2053,,4982171
-8574727.22062898,4708738.39947771,11001202_11068382,11001202,2130.22412109,12TH ST NW & P ST NW,,b66f18be770ce28141eba94340c8db44,2129a,,4982176
-8576119.08820628,4708035.95932122,11025152_11029122,11025152,403.6619873,CONNECTICUT AVE NW & DE SALES ST NW,13,24a128fd6beb94a1bd7284ded6e135d7,1176,,4982188
-8574727.28622238,4709790.20677545,11001202_11087232,11087232,1261.22497559,U ST NW & 12TH ST NW,,ebf99f53db07cd00ebd4a4f6d22dbef7,2257,,4982217
-8574610.39863637,4706979.56700587,11001102_11034382,11034382,1470.59594727,F ST NW & 11TH ST NW,13,2801e7b233664c102bdcf55ca10bc153,2103,,4982219
-8573414.31683242,4718094.64093585,11020862_11021322,11020862,216.88499451,CARROLL ST NW & CEDAR ST NW,13,1ce66d161c3c054342a06fd4cef87cfc,5114,,4982233
